ISO-10303-21;
HEADER;
FILE_DESCRIPTION(('KiCad electronic assembly'),'2;1');
FILE_NAME('controller-board-only-rev-a.step','2026-08-01T09:28:12',(
    'Pcbnew'),('Kicad'),'Open CASCADE STEP processor 7.9',
  'KiCad to STEP converter','Unknown');
FILE_SCHEMA(('AUTOMOTIVE_DESIGN { 1 0 10303 214 1 1 1 1 }'));
ENDSEC;
DATA;
#1 = APPLICATION_PROTOCOL_DEFINITION('international standard',
  'automotive_design',2000,#2);
#2 = APPLICATION_CONTEXT(
  'core data for automotive mechanical design processes');
#3 = SHAPE_DEFINITION_REPRESENTATION(#4,#10);
#4 = PRODUCT_DEFINITION_SHAPE('','',#5);
#5 = PRODUCT_DEFINITION('design','',#6,#9);
#6 = PRODUCT_DEFINITION_FORMATION('','',#7);
#7 = PRODUCT('controller-board-only-rev-a 1',
  'controller-board-only-rev-a 1','',(#8));
#8 = PRODUCT_CONTEXT('',#2,'mechanical');
#9 = PRODUCT_DEFINITION_CONTEXT('part definition',#2,'design');
#10 = SHAPE_REPRESENTATION('',(#11,#15),#19);
#11 = AXIS2_PLACEMENT_3D('',#12,#13,#14);
#12 = CARTESIAN_POINT('',(0.,0.,0.));
#13 = DIRECTION('',(0.,0.,1.));
#14 = DIRECTION('',(1.,0.,-0.));
#15 = AXIS2_PLACEMENT_3D('',#16,#17,#18);
#16 = CARTESIAN_POINT('',(0.,0.,0.));
#17 = DIRECTION('',(0.,0.,1.));
#18 = DIRECTION('',(1.,0.,-0.));
#19 = ( GEOMETRIC_REPRESENTATION_CONTEXT(3) 
GLOBAL_UNCERTAINTY_ASSIGNED_CONTEXT((#23)) GLOBAL_UNIT_ASSIGNED_CONTEXT(
(#20,#21,#22)) REPRESENTATION_CONTEXT('Context #1',
  '3D Context with UNIT and UNCERTAINTY') );
#20 = ( LENGTH_UNIT() NAMED_UNIT(*) SI_UNIT(.MILLI.,.METRE.) );
#21 = ( NAMED_UNIT(*) PLANE_ANGLE_UNIT() SI_UNIT($,.RADIAN.) );
#22 = ( NAMED_UNIT(*) SI_UNIT($,.STERADIAN.) SOLID_ANGLE_UNIT() );
#23 = UNCERTAINTY_MEASURE_WITH_UNIT(LENGTH_MEASURE(1.E-07),#20,
  'distance_accuracy_value','confusion accuracy');
#24 = PRODUCT_RELATED_PRODUCT_CATEGORY('part',$,(#7));
#25 = SHAPE_DEFINITION_REPRESENTATION(#26,#32);
#26 = PRODUCT_DEFINITION_SHAPE('','',#27);
#27 = PRODUCT_DEFINITION('design','',#28,#31);
#28 = PRODUCT_DEFINITION_FORMATION('','',#29);
#29 = PRODUCT('esp32c6-solar-controller_PCB',
  'esp32c6-solar-controller_PCB','',(#30));
#30 = PRODUCT_CONTEXT('',#2,'mechanical');
#31 = PRODUCT_DEFINITION_CONTEXT('part definition',#2,'design');
#32 = ADVANCED_BREP_SHAPE_REPRESENTATION('',(#11,#33),#12702);
#33 = MANIFOLD_SOLID_BREP('',#34);
#34 = CLOSED_SHELL('',(#35,#75,#106,#137,#3685,#7233,#7245,#7262,#7279,
    #7296,#7313,#7330,#7347,#7364,#7381,#7398,#7415,#7432,#7449,#7466,
    #7483,#7500,#7517,#7534,#7551,#7568,#7585,#7602,#7619,#7636,#7653,
    #7670,#7687,#7704,#7721,#7738,#7755,#7772,#7789,#7806,#7823,#7840,
    #7857,#7874,#7891,#7908,#7925,#7942,#7959,#7976,#7993,#8010,#8027,
    #8044,#8061,#8078,#8095,#8112,#8129,#8146,#8163,#8180,#8197,#8214,
    #8231,#8248,#8265,#8282,#8299,#8316,#8333,#8350,#8367,#8384,#8401,
    #8418,#8435,#8452,#8469,#8486,#8503,#8520,#8537,#8554,#8571,#8588,
    #8605,#8622,#8639,#8656,#8673,#8690,#8707,#8724,#8741,#8758,#8775,
    #8792,#8809,#8826,#8843,#8860,#8877,#8894,#8911,#8928,#8945,#8962,
    #8979,#8996,#9013,#9030,#9047,#9064,#9081,#9098,#9115,#9132,#9149,
    #9166,#9183,#9200,#9217,#9234,#9251,#9268,#9285,#9302,#9319,#9336,
    #9353,#9370,#9387,#9404,#9421,#9438,#9455,#9472,#9489,#9506,#9523,
    #9540,#9557,#9574,#9591,#9608,#9625,#9642,#9659,#9676,#9693,#9710,
    #9727,#9744,#9761,#9778,#9795,#9812,#9829,#9846,#9863,#9880,#9897,
    #9914,#9931,#9948,#9965,#9982,#9999,#10016,#10033,#10050,#10067,
    #10084,#10101,#10118,#10135,#10152,#10169,#10186,#10203,#10220,
    #10237,#10254,#10271,#10288,#10305,#10322,#10339,#10356,#10373,
    #10390,#10407,#10424,#10441,#10458,#10475,#10492,#10509,#10526,
    #10543,#10560,#10577,#10594,#10611,#10628,#10645,#10662,#10679,
    #10696,#10713,#10730,#10747,#10764,#10781,#10798,#10815,#10832,
    #10849,#10866,#10883,#10900,#10917,#10934,#10951,#10968,#10985,
    #11002,#11019,#11036,#11053,#11070,#11087,#11104,#11121,#11138,
    #11155,#11172,#11189,#11206,#11223,#11240,#11257,#11274,#11291,
    #11308,#11325,#11342,#11359,#11376,#11393,#11410,#11427,#11444,
    #11461,#11478,#11495,#11512,#11529,#11546,#11563,#11580,#11597,
    #11614,#11631,#11648,#11665,#11682,#11699,#11716,#11733,#11750,
    #11767,#11784,#11801,#11818,#11835,#11852,#11869,#11886,#11903,
    #11920,#11937,#11954,#11971,#11988,#12005,#12022,#12039,#12056,
    #12073,#12090,#12107,#12124,#12141,#12158,#12175,#12192,#12209,
    #12226,#12243,#12260,#12277,#12294,#12311,#12328,#12345,#12362,
    #12379,#12396,#12413,#12430,#12447,#12464,#12481,#12498,#12515,
    #12532,#12549,#12566,#12583,#12600,#12617,#12634,#12651,#12668,
    #12685));
#35 = ADVANCED_FACE('',(#36),#70,.T.);
#36 = FACE_BOUND('',#37,.T.);
#37 = EDGE_LOOP('',(#38,#48,#56,#64));
#38 = ORIENTED_EDGE('',*,*,#39,.T.);
#39 = EDGE_CURVE('',#40,#42,#44,.T.);
#40 = VERTEX_POINT('',#41);
#41 = CARTESIAN_POINT('',(200.,-135.,0.));
#42 = VERTEX_POINT('',#43);
#43 = CARTESIAN_POINT('',(200.,-135.,1.51));
#44 = LINE('',#45,#46);
#45 = CARTESIAN_POINT('',(200.,-135.,0.));
#46 = VECTOR('',#47,1.);
#47 = DIRECTION('',(0.,0.,1.));
#48 = ORIENTED_EDGE('',*,*,#49,.T.);
#49 = EDGE_CURVE('',#42,#50,#52,.T.);
#50 = VERTEX_POINT('',#51);
#51 = CARTESIAN_POINT('',(20.,-135.,1.51));
#52 = LINE('',#53,#54);
#53 = CARTESIAN_POINT('',(200.,-135.,1.51));
#54 = VECTOR('',#55,1.);
#55 = DIRECTION('',(-1.,0.,0.));
#56 = ORIENTED_EDGE('',*,*,#57,.F.);
#57 = EDGE_CURVE('',#58,#50,#60,.T.);
#58 = VERTEX_POINT('',#59);
#59 = CARTESIAN_POINT('',(20.,-135.,0.));
#60 = LINE('',#61,#62);
#61 = CARTESIAN_POINT('',(20.,-135.,0.));
#62 = VECTOR('',#63,1.);
#63 = DIRECTION('',(0.,0.,1.));
#64 = ORIENTED_EDGE('',*,*,#65,.F.);
#65 = EDGE_CURVE('',#40,#58,#66,.T.);
#66 = LINE('',#67,#68);
#67 = CARTESIAN_POINT('',(200.,-135.,0.));
#68 = VECTOR('',#69,1.);
#69 = DIRECTION('',(-1.,0.,0.));
#70 = PLANE('',#71);
#71 = AXIS2_PLACEMENT_3D('',#72,#73,#74);
#72 = CARTESIAN_POINT('',(200.,-135.,0.));
#73 = DIRECTION('',(0.,-1.,0.));
#74 = DIRECTION('',(-1.,0.,0.));
#75 = ADVANCED_FACE('',(#76),#101,.T.);
#76 = FACE_BOUND('',#77,.T.);
#77 = EDGE_LOOP('',(#78,#88,#94,#95));
#78 = ORIENTED_EDGE('',*,*,#79,.T.);
#79 = EDGE_CURVE('',#80,#82,#84,.T.);
#80 = VERTEX_POINT('',#81);
#81 = CARTESIAN_POINT('',(200.,-20.,0.));
#82 = VERTEX_POINT('',#83);
#83 = CARTESIAN_POINT('',(200.,-20.,1.51));
#84 = LINE('',#85,#86);
#85 = CARTESIAN_POINT('',(200.,-20.,0.));
#86 = VECTOR('',#87,1.);
#87 = DIRECTION('',(0.,0.,1.));
#88 = ORIENTED_EDGE('',*,*,#89,.T.);
#89 = EDGE_CURVE('',#82,#42,#90,.T.);
#90 = LINE('',#91,#92);
#91 = CARTESIAN_POINT('',(200.,-20.,1.51));
#92 = VECTOR('',#93,1.);
#93 = DIRECTION('',(0.,-1.,0.));
#94 = ORIENTED_EDGE('',*,*,#39,.F.);
#95 = ORIENTED_EDGE('',*,*,#96,.F.);
#96 = EDGE_CURVE('',#80,#40,#97,.T.);
#97 = LINE('',#98,#99);
#98 = CARTESIAN_POINT('',(200.,-20.,0.));
#99 = VECTOR('',#100,1.);
#100 = DIRECTION('',(0.,-1.,0.));
#101 = PLANE('',#102);
#102 = AXIS2_PLACEMENT_3D('',#103,#104,#105);
#103 = CARTESIAN_POINT('',(200.,-20.,0.));
#104 = DIRECTION('',(1.,0.,-0.));
#105 = DIRECTION('',(0.,-1.,0.));
#106 = ADVANCED_FACE('',(#107),#132,.T.);
#107 = FACE_BOUND('',#108,.T.);
#108 = EDGE_LOOP('',(#109,#110,#118,#126));
#109 = ORIENTED_EDGE('',*,*,#57,.T.);
#110 = ORIENTED_EDGE('',*,*,#111,.T.);
#111 = EDGE_CURVE('',#50,#112,#114,.T.);
#112 = VERTEX_POINT('',#113);
#113 = CARTESIAN_POINT('',(20.,-20.,1.51));
#114 = LINE('',#115,#116);
#115 = CARTESIAN_POINT('',(20.,-135.,1.51));
#116 = VECTOR('',#117,1.);
#117 = DIRECTION('',(0.,1.,0.));
#118 = ORIENTED_EDGE('',*,*,#119,.F.);
#119 = EDGE_CURVE('',#120,#112,#122,.T.);
#120 = VERTEX_POINT('',#121);
#121 = CARTESIAN_POINT('',(20.,-20.,0.));
#122 = LINE('',#123,#124);
#123 = CARTESIAN_POINT('',(20.,-20.,0.));
#124 = VECTOR('',#125,1.);
#125 = DIRECTION('',(0.,0.,1.));
#126 = ORIENTED_EDGE('',*,*,#127,.F.);
#127 = EDGE_CURVE('',#58,#120,#128,.T.);
#128 = LINE('',#129,#130);
#129 = CARTESIAN_POINT('',(20.,-135.,0.));
#130 = VECTOR('',#131,1.);
#131 = DIRECTION('',(0.,1.,0.));
#132 = PLANE('',#133);
#133 = AXIS2_PLACEMENT_3D('',#134,#135,#136);
#134 = CARTESIAN_POINT('',(20.,-135.,0.));
#135 = DIRECTION('',(-1.,0.,0.));
#136 = DIRECTION('',(0.,1.,0.));
#137 = ADVANCED_FACE('',(#138,#149,#160,#171,#182,#193,#204,#215,#226,
    #237,#248,#259,#270,#281,#292,#303,#314,#325,#336,#347,#358,#369,
    #380,#391,#402,#413,#424,#435,#446,#457,#468,#479,#490,#501,#512,
    #523,#534,#545,#556,#567,#578,#589,#600,#611,#622,#633,#644,#655,
    #666,#677,#688,#699,#710,#721,#732,#743,#754,#765,#776,#787,#798,
    #809,#820,#831,#842,#853,#864,#875,#886,#897,#908,#919,#930,#941,
    #952,#963,#974,#985,#996,#1007,#1018,#1029,#1040,#1051,#1062,#1073,
    #1084,#1095,#1106,#1117,#1128,#1139,#1150,#1161,#1172,#1183,#1194,
    #1205,#1216,#1227,#1238,#1249,#1260,#1271,#1282,#1293,#1304,#1315,
    #1326,#1337,#1348,#1359,#1370,#1381,#1392,#1403,#1414,#1425,#1436,
    #1447,#1458,#1469,#1480,#1491,#1502,#1513,#1524,#1535,#1546,#1557,
    #1568,#1579,#1590,#1601,#1612,#1623,#1634,#1645,#1656,#1667,#1678,
    #1689,#1700,#1711,#1722,#1733,#1744,#1755,#1766,#1777,#1788,#1799,
    #1810,#1821,#1832,#1843,#1854,#1865,#1876,#1887,#1898,#1909,#1920,
    #1931,#1942,#1953,#1964,#1975,#1986,#1997,#2008,#2019,#2030,#2041,
    #2052,#2063,#2074,#2085,#2096,#2107,#2118,#2129,#2140,#2151,#2162,
    #2173,#2184,#2195,#2206,#2217,#2228,#2239,#2250,#2261,#2272,#2283,
    #2294,#2305,#2316,#2327,#2338,#2349,#2360,#2371,#2382,#2393,#2404,
    #2415,#2426,#2437,#2448,#2459,#2470,#2481,#2492,#2503,#2514,#2525,
    #2536,#2547,#2558,#2569,#2580,#2591,#2602,#2613,#2624,#2635,#2646,
    #2657,#2668,#2679,#2690,#2701,#2712,#2723,#2734,#2745,#2756,#2767,
    #2778,#2789,#2800,#2811,#2822,#2833,#2844,#2855,#2866,#2877,#2888,
    #2899,#2910,#2921,#2932,#2943,#2954,#2965,#2976,#2987,#2998,#3009,
    #3020,#3031,#3042,#3053,#3064,#3075,#3086,#3097,#3108,#3119,#3130,
    #3141,#3152,#3163,#3174,#3185,#3196,#3207,#3218,#3229,#3240,#3251,
    #3262,#3273,#3284,#3295,#3306,#3317,#3328,#3339,#3350,#3361,#3372,
    #3383,#3394,#3405,#3416,#3427,#3438,#3449,#3460,#3471,#3482,#3493,
    #3504,#3515,#3526,#3537,#3548,#3559,#3570,#3581,#3592,#3603,#3614,
    #3625,#3636,#3647,#3658,#3669),#3680,.F.);
#138 = FACE_BOUND('',#139,.F.);
#139 = EDGE_LOOP('',(#140,#141,#142,#148));
#140 = ORIENTED_EDGE('',*,*,#65,.F.);
#141 = ORIENTED_EDGE('',*,*,#96,.F.);
#142 = ORIENTED_EDGE('',*,*,#143,.F.);
#143 = EDGE_CURVE('',#120,#80,#144,.T.);
#144 = LINE('',#145,#146);
#145 = CARTESIAN_POINT('',(20.,-20.,0.));
#146 = VECTOR('',#147,1.);
#147 = DIRECTION('',(1.,0.,0.));
#148 = ORIENTED_EDGE('',*,*,#127,.F.);
#149 = FACE_BOUND('',#150,.F.);
#150 = EDGE_LOOP('',(#151));
#151 = ORIENTED_EDGE('',*,*,#152,.T.);
#152 = EDGE_CURVE('',#153,#153,#155,.T.);
#153 = VERTEX_POINT('',#154);
#154 = CARTESIAN_POINT('',(24.,-132.6,0.));
#155 = CIRCLE('',#156,1.6);
#156 = AXIS2_PLACEMENT_3D('',#157,#158,#159);
#157 = CARTESIAN_POINT('',(24.,-131.,0.));
#158 = DIRECTION('',(-0.,0.,-1.));
#159 = DIRECTION('',(-0.,-1.,0.));
#160 = FACE_BOUND('',#161,.F.);
#161 = EDGE_LOOP('',(#162));
#162 = ORIENTED_EDGE('',*,*,#163,.T.);
#163 = EDGE_CURVE('',#164,#164,#166,.T.);
#164 = VERTEX_POINT('',#165);
#165 = CARTESIAN_POINT('',(34.19,-130.165,0.));
#166 = CIRCLE('',#167,0.65);
#167 = AXIS2_PLACEMENT_3D('',#168,#169,#170);
#168 = CARTESIAN_POINT('',(34.19,-129.515,0.));
#169 = DIRECTION('',(-0.,0.,-1.));
#170 = DIRECTION('',(-0.,-1.,0.));
#171 = FACE_BOUND('',#172,.F.);
#172 = EDGE_LOOP('',(#173));
#173 = ORIENTED_EDGE('',*,*,#174,.T.);
#174 = EDGE_CURVE('',#175,#175,#177,.T.);
#175 = VERTEX_POINT('',#176);
#176 = CARTESIAN_POINT('',(41.81,-130.165,0.));
#177 = CIRCLE('',#178,0.65);
#178 = AXIS2_PLACEMENT_3D('',#179,#180,#181);
#179 = CARTESIAN_POINT('',(41.81,-129.515,0.));
#180 = DIRECTION('',(-0.,0.,-1.));
#181 = DIRECTION('',(-0.,-1.,0.));
#182 = FACE_BOUND('',#183,.F.);
#183 = EDGE_LOOP('',(#184));
#184 = ORIENTED_EDGE('',*,*,#185,.T.);
#185 = EDGE_CURVE('',#186,#186,#188,.T.);
#186 = VERTEX_POINT('',#187);
#187 = CARTESIAN_POINT('',(34.19,-128.335,0.));
#188 = CIRCLE('',#189,0.65);
#189 = AXIS2_PLACEMENT_3D('',#190,#191,#192);
#190 = CARTESIAN_POINT('',(34.19,-127.685,0.));
#191 = DIRECTION('',(-0.,0.,-1.));
#192 = DIRECTION('',(-0.,-1.,0.));
#193 = FACE_BOUND('',#194,.F.);
#194 = EDGE_LOOP('',(#195));
#195 = ORIENTED_EDGE('',*,*,#196,.T.);
#196 = EDGE_CURVE('',#197,#197,#199,.T.);
#197 = VERTEX_POINT('',#198);
#198 = CARTESIAN_POINT('',(34.19,-126.505,0.));
#199 = CIRCLE('',#200,0.65);
#200 = AXIS2_PLACEMENT_3D('',#201,#202,#203);
#201 = CARTESIAN_POINT('',(34.19,-125.855,0.));
#202 = DIRECTION('',(-0.,0.,-1.));
#203 = DIRECTION('',(-0.,-1.,0.));
#204 = FACE_BOUND('',#205,.F.);
#205 = EDGE_LOOP('',(#206));
#206 = ORIENTED_EDGE('',*,*,#207,.T.);
#207 = EDGE_CURVE('',#208,#208,#210,.T.);
#208 = VERTEX_POINT('',#209);
#209 = CARTESIAN_POINT('',(41.81,-128.335,0.));
#210 = CIRCLE('',#211,0.65);
#211 = AXIS2_PLACEMENT_3D('',#212,#213,#214);
#212 = CARTESIAN_POINT('',(41.81,-127.685,0.));
#213 = DIRECTION('',(-0.,0.,-1.));
#214 = DIRECTION('',(-0.,-1.,0.));
#215 = FACE_BOUND('',#216,.F.);
#216 = EDGE_LOOP('',(#217));
#217 = ORIENTED_EDGE('',*,*,#218,.T.);
#218 = EDGE_CURVE('',#219,#219,#221,.T.);
#219 = VERTEX_POINT('',#220);
#220 = CARTESIAN_POINT('',(41.81,-126.505,0.));
#221 = CIRCLE('',#222,0.65);
#222 = AXIS2_PLACEMENT_3D('',#223,#224,#225);
#223 = CARTESIAN_POINT('',(41.81,-125.855,0.));
#224 = DIRECTION('',(-0.,0.,-1.));
#225 = DIRECTION('',(-0.,-1.,0.));
#226 = FACE_BOUND('',#227,.F.);
#227 = EDGE_LOOP('',(#228));
#228 = ORIENTED_EDGE('',*,*,#229,.T.);
#229 = EDGE_CURVE('',#230,#230,#232,.T.);
#230 = VERTEX_POINT('',#231);
#231 = CARTESIAN_POINT('',(59.,-119.2,0.));
#232 = CIRCLE('',#233,0.2);
#233 = AXIS2_PLACEMENT_3D('',#234,#235,#236);
#234 = CARTESIAN_POINT('',(59.,-119.,0.));
#235 = DIRECTION('',(-0.,0.,-1.));
#236 = DIRECTION('',(-0.,-1.,0.));
#237 = FACE_BOUND('',#238,.F.);
#238 = EDGE_LOOP('',(#239));
#239 = ORIENTED_EDGE('',*,*,#240,.T.);
#240 = EDGE_CURVE('',#241,#241,#243,.T.);
#241 = VERTEX_POINT('',#242);
#242 = CARTESIAN_POINT('',(33.595,-113.122499,0.));
#243 = CIRCLE('',#244,0.25);
#244 = AXIS2_PLACEMENT_3D('',#245,#246,#247);
#245 = CARTESIAN_POINT('',(33.595,-112.872499,0.));
#246 = DIRECTION('',(-0.,0.,-1.));
#247 = DIRECTION('',(-0.,-1.,0.));
#248 = FACE_BOUND('',#249,.F.);
#249 = EDGE_LOOP('',(#250));
#250 = ORIENTED_EDGE('',*,*,#251,.T.);
#251 = EDGE_CURVE('',#252,#252,#254,.T.);
#252 = VERTEX_POINT('',#253);
#253 = CARTESIAN_POINT('',(70.19,-130.165,0.));
#254 = CIRCLE('',#255,0.65);
#255 = AXIS2_PLACEMENT_3D('',#256,#257,#258);
#256 = CARTESIAN_POINT('',(70.19,-129.515,0.));
#257 = DIRECTION('',(-0.,0.,-1.));
#258 = DIRECTION('',(-0.,-1.,0.));
#259 = FACE_BOUND('',#260,.F.);
#260 = EDGE_LOOP('',(#261));
#261 = ORIENTED_EDGE('',*,*,#262,.T.);
#262 = EDGE_CURVE('',#263,#263,#265,.T.);
#263 = VERTEX_POINT('',#264);
#264 = CARTESIAN_POINT('',(70.19,-128.335,0.));
#265 = CIRCLE('',#266,0.65);
#266 = AXIS2_PLACEMENT_3D('',#267,#268,#269);
#267 = CARTESIAN_POINT('',(70.19,-127.685,0.));
#268 = DIRECTION('',(-0.,0.,-1.));
#269 = DIRECTION('',(-0.,-1.,0.));
#270 = FACE_BOUND('',#271,.F.);
#271 = EDGE_LOOP('',(#272));
#272 = ORIENTED_EDGE('',*,*,#273,.T.);
#273 = EDGE_CURVE('',#274,#274,#276,.T.);
#274 = VERTEX_POINT('',#275);
#275 = CARTESIAN_POINT('',(70.19,-126.505,0.));
#276 = CIRCLE('',#277,0.65);
#277 = AXIS2_PLACEMENT_3D('',#278,#279,#280);
#278 = CARTESIAN_POINT('',(70.19,-125.855,0.));
#279 = DIRECTION('',(-0.,0.,-1.));
#280 = DIRECTION('',(-0.,-1.,0.));
#281 = FACE_BOUND('',#282,.F.);
#282 = EDGE_LOOP('',(#283));
#283 = ORIENTED_EDGE('',*,*,#284,.T.);
#284 = EDGE_CURVE('',#285,#285,#287,.T.);
#285 = VERTEX_POINT('',#286);
#286 = CARTESIAN_POINT('',(77.81,-130.165,0.));
#287 = CIRCLE('',#288,0.65);
#288 = AXIS2_PLACEMENT_3D('',#289,#290,#291);
#289 = CARTESIAN_POINT('',(77.81,-129.515,0.));
#290 = DIRECTION('',(-0.,0.,-1.));
#291 = DIRECTION('',(-0.,-1.,0.));
#292 = FACE_BOUND('',#293,.F.);
#293 = EDGE_LOOP('',(#294));
#294 = ORIENTED_EDGE('',*,*,#295,.T.);
#295 = EDGE_CURVE('',#296,#296,#298,.T.);
#296 = VERTEX_POINT('',#297);
#297 = CARTESIAN_POINT('',(77.81,-128.335,0.));
#298 = CIRCLE('',#299,0.65);
#299 = AXIS2_PLACEMENT_3D('',#300,#301,#302);
#300 = CARTESIAN_POINT('',(77.81,-127.685,0.));
#301 = DIRECTION('',(-0.,0.,-1.));
#302 = DIRECTION('',(-0.,-1.,0.));
#303 = FACE_BOUND('',#304,.F.);
#304 = EDGE_LOOP('',(#305));
#305 = ORIENTED_EDGE('',*,*,#306,.T.);
#306 = EDGE_CURVE('',#307,#307,#309,.T.);
#307 = VERTEX_POINT('',#308);
#308 = CARTESIAN_POINT('',(77.81,-126.505,0.));
#309 = CIRCLE('',#310,0.65);
#310 = AXIS2_PLACEMENT_3D('',#311,#312,#313);
#311 = CARTESIAN_POINT('',(77.81,-125.855,0.));
#312 = DIRECTION('',(-0.,0.,-1.));
#313 = DIRECTION('',(-0.,-1.,0.));
#314 = FACE_BOUND('',#315,.F.);
#315 = EDGE_LOOP('',(#316));
#316 = ORIENTED_EDGE('',*,*,#317,.T.);
#317 = EDGE_CURVE('',#318,#318,#320,.T.);
#318 = VERTEX_POINT('',#319);
#319 = CARTESIAN_POINT('',(106.19,-130.165,0.));
#320 = CIRCLE('',#321,0.65);
#321 = AXIS2_PLACEMENT_3D('',#322,#323,#324);
#322 = CARTESIAN_POINT('',(106.19,-129.515,0.));
#323 = DIRECTION('',(-0.,0.,-1.));
#324 = DIRECTION('',(-0.,-1.,0.));
#325 = FACE_BOUND('',#326,.F.);
#326 = EDGE_LOOP('',(#327));
#327 = ORIENTED_EDGE('',*,*,#328,.T.);
#328 = EDGE_CURVE('',#329,#329,#331,.T.);
#329 = VERTEX_POINT('',#330);
#330 = CARTESIAN_POINT('',(106.19,-128.335,0.));
#331 = CIRCLE('',#332,0.65);
#332 = AXIS2_PLACEMENT_3D('',#333,#334,#335);
#333 = CARTESIAN_POINT('',(106.19,-127.685,0.));
#334 = DIRECTION('',(-0.,0.,-1.));
#335 = DIRECTION('',(-0.,-1.,0.));
#336 = FACE_BOUND('',#337,.F.);
#337 = EDGE_LOOP('',(#338));
#338 = ORIENTED_EDGE('',*,*,#339,.T.);
#339 = EDGE_CURVE('',#340,#340,#342,.T.);
#340 = VERTEX_POINT('',#341);
#341 = CARTESIAN_POINT('',(106.19,-126.505,0.));
#342 = CIRCLE('',#343,0.65);
#343 = AXIS2_PLACEMENT_3D('',#344,#345,#346);
#344 = CARTESIAN_POINT('',(106.19,-125.855,0.));
#345 = DIRECTION('',(-0.,0.,-1.));
#346 = DIRECTION('',(-0.,-1.,0.));
#347 = FACE_BOUND('',#348,.F.);
#348 = EDGE_LOOP('',(#349));
#349 = ORIENTED_EDGE('',*,*,#350,.T.);
#350 = EDGE_CURVE('',#351,#351,#353,.T.);
#351 = VERTEX_POINT('',#352);
#352 = CARTESIAN_POINT('',(89.,-119.2,0.));
#353 = CIRCLE('',#354,0.2);
#354 = AXIS2_PLACEMENT_3D('',#355,#356,#357);
#355 = CARTESIAN_POINT('',(89.,-119.,0.));
#356 = DIRECTION('',(-0.,0.,-1.));
#357 = DIRECTION('',(-0.,-1.,0.));
#358 = FACE_BOUND('',#359,.F.);
#359 = EDGE_LOOP('',(#360));
#360 = ORIENTED_EDGE('',*,*,#361,.T.);
#361 = EDGE_CURVE('',#362,#362,#364,.T.);
#362 = VERTEX_POINT('',#363);
#363 = CARTESIAN_POINT('',(69.595,-113.122499,0.));
#364 = CIRCLE('',#365,0.25);
#365 = AXIS2_PLACEMENT_3D('',#366,#367,#368);
#366 = CARTESIAN_POINT('',(69.595,-112.872499,0.));
#367 = DIRECTION('',(-0.,0.,-1.));
#368 = DIRECTION('',(-0.,-1.,0.));
#369 = FACE_BOUND('',#370,.F.);
#370 = EDGE_LOOP('',(#371));
#371 = ORIENTED_EDGE('',*,*,#372,.T.);
#372 = EDGE_CURVE('',#373,#373,#375,.T.);
#373 = VERTEX_POINT('',#374);
#374 = CARTESIAN_POINT('',(105.595,-113.122499,0.));
#375 = CIRCLE('',#376,0.25);
#376 = AXIS2_PLACEMENT_3D('',#377,#378,#379);
#377 = CARTESIAN_POINT('',(105.595,-112.872499,0.));
#378 = DIRECTION('',(-0.,0.,-1.));
#379 = DIRECTION('',(-0.,-1.,0.));
#380 = FACE_BOUND('',#381,.F.);
#381 = EDGE_LOOP('',(#382));
#382 = ORIENTED_EDGE('',*,*,#383,.T.);
#383 = EDGE_CURVE('',#384,#384,#386,.T.);
#384 = VERTEX_POINT('',#385);
#385 = CARTESIAN_POINT('',(28.025,-103.2,0.));
#386 = CIRCLE('',#387,0.2);
#387 = AXIS2_PLACEMENT_3D('',#388,#389,#390);
#388 = CARTESIAN_POINT('',(28.025,-103.,0.));
#389 = DIRECTION('',(-0.,0.,-1.));
#390 = DIRECTION('',(-0.,-1.,0.));
#391 = FACE_BOUND('',#392,.F.);
#392 = EDGE_LOOP('',(#393));
#393 = ORIENTED_EDGE('',*,*,#394,.T.);
#394 = EDGE_CURVE('',#395,#395,#397,.T.);
#395 = VERTEX_POINT('',#396);
#396 = CARTESIAN_POINT('',(28.025,-96.2,0.));
#397 = CIRCLE('',#398,0.2);
#398 = AXIS2_PLACEMENT_3D('',#399,#400,#401);
#399 = CARTESIAN_POINT('',(28.025,-96.,0.));
#400 = DIRECTION('',(-0.,0.,-1.));
#401 = DIRECTION('',(-0.,-1.,0.));
#402 = FACE_BOUND('',#403,.F.);
#403 = EDGE_LOOP('',(#404));
#404 = ORIENTED_EDGE('',*,*,#405,.T.);
#405 = EDGE_CURVE('',#406,#406,#408,.T.);
#406 = VERTEX_POINT('',#407);
#407 = CARTESIAN_POINT('',(32.36,-93.55,0.));
#408 = CIRCLE('',#409,0.25);
#409 = AXIS2_PLACEMENT_3D('',#410,#411,#412);
#410 = CARTESIAN_POINT('',(32.36,-93.3,0.));
#411 = DIRECTION('',(-0.,0.,-1.));
#412 = DIRECTION('',(-0.,-1.,0.));
#413 = FACE_BOUND('',#414,.F.);
#414 = EDGE_LOOP('',(#415));
#415 = ORIENTED_EDGE('',*,*,#416,.T.);
#416 = EDGE_CURVE('',#417,#417,#419,.T.);
#417 = VERTEX_POINT('',#418);
#418 = CARTESIAN_POINT('',(33.64,-93.55,0.));
#419 = CIRCLE('',#420,0.25);
#420 = AXIS2_PLACEMENT_3D('',#421,#422,#423);
#421 = CARTESIAN_POINT('',(33.64,-93.3,0.));
#422 = DIRECTION('',(-0.,0.,-1.));
#423 = DIRECTION('',(-0.,-1.,0.));
#424 = FACE_BOUND('',#425,.F.);
#425 = EDGE_LOOP('',(#426));
#426 = ORIENTED_EDGE('',*,*,#427,.T.);
#427 = EDGE_CURVE('',#428,#428,#430,.T.);
#428 = VERTEX_POINT('',#429);
#429 = CARTESIAN_POINT('',(34.9,-93.55,0.));
#430 = CIRCLE('',#431,0.25);
#431 = AXIS2_PLACEMENT_3D('',#432,#433,#434);
#432 = CARTESIAN_POINT('',(34.9,-93.3,0.));
#433 = DIRECTION('',(-0.,0.,-1.));
#434 = DIRECTION('',(-0.,-1.,0.));
#435 = FACE_BOUND('',#436,.F.);
#436 = EDGE_LOOP('',(#437));
#437 = ORIENTED_EDGE('',*,*,#438,.T.);
#438 = EDGE_CURVE('',#439,#439,#441,.T.);
#439 = VERTEX_POINT('',#440);
#440 = CARTESIAN_POINT('',(59.,-104.2,0.));
#441 = CIRCLE('',#442,0.2);
#442 = AXIS2_PLACEMENT_3D('',#443,#444,#445);
#443 = CARTESIAN_POINT('',(59.,-104.,0.));
#444 = DIRECTION('',(-0.,0.,-1.));
#445 = DIRECTION('',(-0.,-1.,0.));
#446 = FACE_BOUND('',#447,.F.);
#447 = EDGE_LOOP('',(#448));
#448 = ORIENTED_EDGE('',*,*,#449,.T.);
#449 = EDGE_CURVE('',#450,#450,#452,.T.);
#450 = VERTEX_POINT('',#451);
#451 = CARTESIAN_POINT('',(64.025,-103.2,0.));
#452 = CIRCLE('',#453,0.2);
#453 = AXIS2_PLACEMENT_3D('',#454,#455,#456);
#454 = CARTESIAN_POINT('',(64.025,-103.,0.));
#455 = DIRECTION('',(-0.,0.,-1.));
#456 = DIRECTION('',(-0.,-1.,0.));
#457 = FACE_BOUND('',#458,.F.);
#458 = EDGE_LOOP('',(#459));
#459 = ORIENTED_EDGE('',*,*,#460,.T.);
#460 = EDGE_CURVE('',#461,#461,#463,.T.);
#461 = VERTEX_POINT('',#462);
#462 = CARTESIAN_POINT('',(64.025,-96.2,0.));
#463 = CIRCLE('',#464,0.2);
#464 = AXIS2_PLACEMENT_3D('',#465,#466,#467);
#465 = CARTESIAN_POINT('',(64.025,-96.,0.));
#466 = DIRECTION('',(-0.,0.,-1.));
#467 = DIRECTION('',(-0.,-1.,0.));
#468 = FACE_BOUND('',#469,.F.);
#469 = EDGE_LOOP('',(#470));
#470 = ORIENTED_EDGE('',*,*,#471,.T.);
#471 = EDGE_CURVE('',#472,#472,#474,.T.);
#472 = VERTEX_POINT('',#473);
#473 = CARTESIAN_POINT('',(31.6,-90.000011,0.));
#474 = CIRCLE('',#475,0.750011);
#475 = AXIS2_PLACEMENT_3D('',#476,#477,#478);
#476 = CARTESIAN_POINT('',(31.6,-89.25,0.));
#477 = DIRECTION('',(-0.,0.,-1.));
#478 = DIRECTION('',(-0.,-1.,0.));
#479 = FACE_BOUND('',#480,.F.);
#480 = EDGE_LOOP('',(#481));
#481 = ORIENTED_EDGE('',*,*,#482,.T.);
#482 = EDGE_CURVE('',#483,#483,#485,.T.);
#483 = VERTEX_POINT('',#484);
#484 = CARTESIAN_POINT('',(31.6,-87.500011,0.));
#485 = CIRCLE('',#486,0.750011);
#486 = AXIS2_PLACEMENT_3D('',#487,#488,#489);
#487 = CARTESIAN_POINT('',(31.6,-86.75,0.));
#488 = DIRECTION('',(-0.,0.,-1.));
#489 = DIRECTION('',(-0.,-1.,0.));
#490 = FACE_BOUND('',#491,.F.);
#491 = EDGE_LOOP('',(#492));
#492 = ORIENTED_EDGE('',*,*,#493,.T.);
#493 = EDGE_CURVE('',#494,#494,#496,.T.);
#494 = VERTEX_POINT('',#495);
#495 = CARTESIAN_POINT('',(35.1,-90.000011,0.));
#496 = CIRCLE('',#497,0.750011);
#497 = AXIS2_PLACEMENT_3D('',#498,#499,#500);
#498 = CARTESIAN_POINT('',(35.1,-89.25,0.));
#499 = DIRECTION('',(-0.,0.,-1.));
#500 = DIRECTION('',(-0.,-1.,0.));
#501 = FACE_BOUND('',#502,.F.);
#502 = EDGE_LOOP('',(#503));
#503 = ORIENTED_EDGE('',*,*,#504,.T.);
#504 = EDGE_CURVE('',#505,#505,#507,.T.);
#505 = VERTEX_POINT('',#506);
#506 = CARTESIAN_POINT('',(38.,-89.25,0.));
#507 = CIRCLE('',#508,1.25);
#508 = AXIS2_PLACEMENT_3D('',#509,#510,#511);
#509 = CARTESIAN_POINT('',(38.,-88.,0.));
#510 = DIRECTION('',(-0.,0.,-1.));
#511 = DIRECTION('',(-0.,-1.,0.));
#512 = FACE_BOUND('',#513,.F.);
#513 = EDGE_LOOP('',(#514));
#514 = ORIENTED_EDGE('',*,*,#515,.T.);
#515 = EDGE_CURVE('',#516,#516,#518,.T.);
#516 = VERTEX_POINT('',#517);
#517 = CARTESIAN_POINT('',(40.9,-90.000011,0.));
#518 = CIRCLE('',#519,0.750011);
#519 = AXIS2_PLACEMENT_3D('',#520,#521,#522);
#520 = CARTESIAN_POINT('',(40.9,-89.25,0.));
#521 = DIRECTION('',(-0.,0.,-1.));
#522 = DIRECTION('',(-0.,-1.,0.));
#523 = FACE_BOUND('',#524,.F.);
#524 = EDGE_LOOP('',(#525));
#525 = ORIENTED_EDGE('',*,*,#526,.T.);
#526 = EDGE_CURVE('',#527,#527,#529,.T.);
#527 = VERTEX_POINT('',#528);
#528 = CARTESIAN_POINT('',(35.1,-87.630011,0.));
#529 = CIRCLE('',#530,0.750011);
#530 = AXIS2_PLACEMENT_3D('',#531,#532,#533);
#531 = CARTESIAN_POINT('',(35.1,-86.88,0.));
#532 = DIRECTION('',(-0.,0.,-1.));
#533 = DIRECTION('',(-0.,-1.,0.));
#534 = FACE_BOUND('',#535,.F.);
#535 = EDGE_LOOP('',(#536));
#536 = ORIENTED_EDGE('',*,*,#537,.T.);
#537 = EDGE_CURVE('',#538,#538,#540,.T.);
#538 = VERTEX_POINT('',#539);
#539 = CARTESIAN_POINT('',(40.9,-87.500011,0.));
#540 = CIRCLE('',#541,0.750011);
#541 = AXIS2_PLACEMENT_3D('',#542,#543,#544);
#542 = CARTESIAN_POINT('',(40.9,-86.75,0.));
#543 = DIRECTION('',(-0.,0.,-1.));
#544 = DIRECTION('',(-0.,-1.,0.));
#545 = FACE_BOUND('',#546,.F.);
#546 = EDGE_LOOP('',(#547));
#547 = ORIENTED_EDGE('',*,*,#548,.T.);
#548 = EDGE_CURVE('',#549,#549,#551,.T.);
#549 = VERTEX_POINT('',#550);
#550 = CARTESIAN_POINT('',(44.4,-90.000011,0.));
#551 = CIRCLE('',#552,0.750011);
#552 = AXIS2_PLACEMENT_3D('',#553,#554,#555);
#553 = CARTESIAN_POINT('',(44.4,-89.25,0.));
#554 = DIRECTION('',(-0.,0.,-1.));
#555 = DIRECTION('',(-0.,-1.,0.));
#556 = FACE_BOUND('',#557,.F.);
#557 = EDGE_LOOP('',(#558));
#558 = ORIENTED_EDGE('',*,*,#559,.T.);
#559 = EDGE_CURVE('',#560,#560,#562,.T.);
#560 = VERTEX_POINT('',#561);
#561 = CARTESIAN_POINT('',(48.35,-88.2,0.));
#562 = CIRCLE('',#563,0.2);
#563 = AXIS2_PLACEMENT_3D('',#564,#565,#566);
#564 = CARTESIAN_POINT('',(48.35,-88.,0.));
#565 = DIRECTION('',(-0.,0.,-1.));
#566 = DIRECTION('',(3.5527136788E-14,-1.,-0.));
#567 = FACE_BOUND('',#568,.F.);
#568 = EDGE_LOOP('',(#569));
#569 = ORIENTED_EDGE('',*,*,#570,.T.);
#570 = EDGE_CURVE('',#571,#571,#573,.T.);
#571 = VERTEX_POINT('',#572);
#572 = CARTESIAN_POINT('',(44.4,-87.500011,0.));
#573 = CIRCLE('',#574,0.750011);
#574 = AXIS2_PLACEMENT_3D('',#575,#576,#577);
#575 = CARTESIAN_POINT('',(44.4,-86.75,0.));
#576 = DIRECTION('',(-0.,0.,-1.));
#577 = DIRECTION('',(-0.,-1.,0.));
#578 = FACE_BOUND('',#579,.F.);
#579 = EDGE_LOOP('',(#580));
#580 = ORIENTED_EDGE('',*,*,#581,.T.);
#581 = EDGE_CURVE('',#582,#582,#584,.T.);
#582 = VERTEX_POINT('',#583);
#583 = CARTESIAN_POINT('',(54.65,-85.25,0.));
#584 = CIRCLE('',#585,0.25);
#585 = AXIS2_PLACEMENT_3D('',#586,#587,#588);
#586 = CARTESIAN_POINT('',(54.65,-85.,0.));
#587 = DIRECTION('',(-0.,0.,-1.));
#588 = DIRECTION('',(-0.,-1.,0.));
#589 = FACE_BOUND('',#590,.F.);
#590 = EDGE_LOOP('',(#591));
#591 = ORIENTED_EDGE('',*,*,#592,.T.);
#592 = EDGE_CURVE('',#593,#593,#595,.T.);
#593 = VERTEX_POINT('',#594);
#594 = CARTESIAN_POINT('',(59.,-89.2,0.));
#595 = CIRCLE('',#596,0.2);
#596 = AXIS2_PLACEMENT_3D('',#597,#598,#599);
#597 = CARTESIAN_POINT('',(59.,-89.,0.));
#598 = DIRECTION('',(-0.,0.,-1.));
#599 = DIRECTION('',(-0.,-1.,0.));
#600 = FACE_BOUND('',#601,.F.);
#601 = EDGE_LOOP('',(#602));
#602 = ORIENTED_EDGE('',*,*,#603,.T.);
#603 = EDGE_CURVE('',#604,#604,#606,.T.);
#604 = VERTEX_POINT('',#605);
#605 = CARTESIAN_POINT('',(47.975,-81.2,0.));
#606 = CIRCLE('',#607,0.2);
#607 = AXIS2_PLACEMENT_3D('',#608,#609,#610);
#608 = CARTESIAN_POINT('',(47.975,-81.,0.));
#609 = DIRECTION('',(-0.,0.,-1.));
#610 = DIRECTION('',(3.5527136788E-14,-1.,-0.));
#611 = FACE_BOUND('',#612,.F.);
#612 = EDGE_LOOP('',(#613));
#613 = ORIENTED_EDGE('',*,*,#614,.T.);
#614 = EDGE_CURVE('',#615,#615,#617,.T.);
#615 = VERTEX_POINT('',#616);
#616 = CARTESIAN_POINT('',(60.675,-80.2,0.));
#617 = CIRCLE('',#618,0.2);
#618 = AXIS2_PLACEMENT_3D('',#619,#620,#621);
#619 = CARTESIAN_POINT('',(60.675,-80.,0.));
#620 = DIRECTION('',(-0.,0.,-1.));
#621 = DIRECTION('',(-0.,-1.,0.));
#622 = FACE_BOUND('',#623,.F.);
#623 = EDGE_LOOP('',(#624));
#624 = ORIENTED_EDGE('',*,*,#625,.T.);
#625 = EDGE_CURVE('',#626,#626,#628,.T.);
#626 = VERTEX_POINT('',#627);
#627 = CARTESIAN_POINT('',(68.36,-93.55,0.));
#628 = CIRCLE('',#629,0.25);
#629 = AXIS2_PLACEMENT_3D('',#630,#631,#632);
#630 = CARTESIAN_POINT('',(68.36,-93.3,0.));
#631 = DIRECTION('',(-0.,0.,-1.));
#632 = DIRECTION('',(-0.,-1.,0.));
#633 = FACE_BOUND('',#634,.F.);
#634 = EDGE_LOOP('',(#635));
#635 = ORIENTED_EDGE('',*,*,#636,.T.);
#636 = EDGE_CURVE('',#637,#637,#639,.T.);
#637 = VERTEX_POINT('',#638);
#638 = CARTESIAN_POINT('',(69.64,-93.55,0.));
#639 = CIRCLE('',#640,0.25);
#640 = AXIS2_PLACEMENT_3D('',#641,#642,#643);
#641 = CARTESIAN_POINT('',(69.64,-93.3,0.));
#642 = DIRECTION('',(-0.,0.,-1.));
#643 = DIRECTION('',(-0.,-1.,0.));
#644 = FACE_BOUND('',#645,.F.);
#645 = EDGE_LOOP('',(#646));
#646 = ORIENTED_EDGE('',*,*,#647,.T.);
#647 = EDGE_CURVE('',#648,#648,#650,.T.);
#648 = VERTEX_POINT('',#649);
#649 = CARTESIAN_POINT('',(70.9,-93.55,0.));
#650 = CIRCLE('',#651,0.25);
#651 = AXIS2_PLACEMENT_3D('',#652,#653,#654);
#652 = CARTESIAN_POINT('',(70.9,-93.3,0.));
#653 = DIRECTION('',(-0.,0.,-1.));
#654 = DIRECTION('',(-0.,-1.,0.));
#655 = FACE_BOUND('',#656,.F.);
#656 = EDGE_LOOP('',(#657));
#657 = ORIENTED_EDGE('',*,*,#658,.T.);
#658 = EDGE_CURVE('',#659,#659,#661,.T.);
#659 = VERTEX_POINT('',#660);
#660 = CARTESIAN_POINT('',(100.025,-103.2,0.));
#661 = CIRCLE('',#662,0.2);
#662 = AXIS2_PLACEMENT_3D('',#663,#664,#665);
#663 = CARTESIAN_POINT('',(100.025,-103.,0.));
#664 = DIRECTION('',(-0.,0.,-1.));
#665 = DIRECTION('',(-0.,-1.,0.));
#666 = FACE_BOUND('',#667,.F.);
#667 = EDGE_LOOP('',(#668));
#668 = ORIENTED_EDGE('',*,*,#669,.T.);
#669 = EDGE_CURVE('',#670,#670,#672,.T.);
#670 = VERTEX_POINT('',#671);
#671 = CARTESIAN_POINT('',(93.3528,-93.5887,0.));
#672 = CIRCLE('',#673,0.2);
#673 = AXIS2_PLACEMENT_3D('',#674,#675,#676);
#674 = CARTESIAN_POINT('',(93.3528,-93.3887,0.));
#675 = DIRECTION('',(-0.,0.,-1.));
#676 = DIRECTION('',(-0.,-1.,0.));
#677 = FACE_BOUND('',#678,.F.);
#678 = EDGE_LOOP('',(#679));
#679 = ORIENTED_EDGE('',*,*,#680,.T.);
#680 = EDGE_CURVE('',#681,#681,#683,.T.);
#681 = VERTEX_POINT('',#682);
#682 = CARTESIAN_POINT('',(100.025,-96.2,0.));
#683 = CIRCLE('',#684,0.2);
#684 = AXIS2_PLACEMENT_3D('',#685,#686,#687);
#685 = CARTESIAN_POINT('',(100.025,-96.,0.));
#686 = DIRECTION('',(-0.,0.,-1.));
#687 = DIRECTION('',(-0.,-1.,0.));
#688 = FACE_BOUND('',#689,.F.);
#689 = EDGE_LOOP('',(#690));
#690 = ORIENTED_EDGE('',*,*,#691,.T.);
#691 = EDGE_CURVE('',#692,#692,#694,.T.);
#692 = VERTEX_POINT('',#693);
#693 = CARTESIAN_POINT('',(104.36,-93.55,0.));
#694 = CIRCLE('',#695,0.25);
#695 = AXIS2_PLACEMENT_3D('',#696,#697,#698);
#696 = CARTESIAN_POINT('',(104.36,-93.3,0.));
#697 = DIRECTION('',(-0.,0.,-1.));
#698 = DIRECTION('',(-0.,-1.,0.));
#699 = FACE_BOUND('',#700,.F.);
#700 = EDGE_LOOP('',(#701));
#701 = ORIENTED_EDGE('',*,*,#702,.T.);
#702 = EDGE_CURVE('',#703,#703,#705,.T.);
#703 = VERTEX_POINT('',#704);
#704 = CARTESIAN_POINT('',(105.64,-93.55,0.));
#705 = CIRCLE('',#706,0.25);
#706 = AXIS2_PLACEMENT_3D('',#707,#708,#709);
#707 = CARTESIAN_POINT('',(105.64,-93.3,0.));
#708 = DIRECTION('',(-0.,0.,-1.));
#709 = DIRECTION('',(-0.,-1.,0.));
#710 = FACE_BOUND('',#711,.F.);
#711 = EDGE_LOOP('',(#712));
#712 = ORIENTED_EDGE('',*,*,#713,.T.);
#713 = EDGE_CURVE('',#714,#714,#716,.T.);
#714 = VERTEX_POINT('',#715);
#715 = CARTESIAN_POINT('',(106.9,-93.55,0.));
#716 = CIRCLE('',#717,0.25);
#717 = AXIS2_PLACEMENT_3D('',#718,#719,#720);
#718 = CARTESIAN_POINT('',(106.9,-93.3,0.));
#719 = DIRECTION('',(-0.,0.,-1.));
#720 = DIRECTION('',(-0.,-1.,0.));
#721 = FACE_BOUND('',#722,.F.);
#722 = EDGE_LOOP('',(#723));
#723 = ORIENTED_EDGE('',*,*,#724,.T.);
#724 = EDGE_CURVE('',#725,#725,#727,.T.);
#725 = VERTEX_POINT('',#726);
#726 = CARTESIAN_POINT('',(67.6,-90.000011,0.));
#727 = CIRCLE('',#728,0.750011);
#728 = AXIS2_PLACEMENT_3D('',#729,#730,#731);
#729 = CARTESIAN_POINT('',(67.6,-89.25,0.));
#730 = DIRECTION('',(-0.,0.,-1.));
#731 = DIRECTION('',(-0.,-1.,0.));
#732 = FACE_BOUND('',#733,.F.);
#733 = EDGE_LOOP('',(#734));
#734 = ORIENTED_EDGE('',*,*,#735,.T.);
#735 = EDGE_CURVE('',#736,#736,#738,.T.);
#736 = VERTEX_POINT('',#737);
#737 = CARTESIAN_POINT('',(71.1,-90.000011,0.));
#738 = CIRCLE('',#739,0.750011);
#739 = AXIS2_PLACEMENT_3D('',#740,#741,#742);
#740 = CARTESIAN_POINT('',(71.1,-89.25,0.));
#741 = DIRECTION('',(-0.,0.,-1.));
#742 = DIRECTION('',(-0.,-1.,0.));
#743 = FACE_BOUND('',#744,.F.);
#744 = EDGE_LOOP('',(#745));
#745 = ORIENTED_EDGE('',*,*,#746,.T.);
#746 = EDGE_CURVE('',#747,#747,#749,.T.);
#747 = VERTEX_POINT('',#748);
#748 = CARTESIAN_POINT('',(74.,-89.25,0.));
#749 = CIRCLE('',#750,1.25);
#750 = AXIS2_PLACEMENT_3D('',#751,#752,#753);
#751 = CARTESIAN_POINT('',(74.,-88.,0.));
#752 = DIRECTION('',(-0.,0.,-1.));
#753 = DIRECTION('',(-0.,-1.,0.));
#754 = FACE_BOUND('',#755,.F.);
#755 = EDGE_LOOP('',(#756));
#756 = ORIENTED_EDGE('',*,*,#757,.T.);
#757 = EDGE_CURVE('',#758,#758,#760,.T.);
#758 = VERTEX_POINT('',#759);
#759 = CARTESIAN_POINT('',(76.9,-90.000011,0.));
#760 = CIRCLE('',#761,0.750011);
#761 = AXIS2_PLACEMENT_3D('',#762,#763,#764);
#762 = CARTESIAN_POINT('',(76.9,-89.25,0.));
#763 = DIRECTION('',(-0.,0.,-1.));
#764 = DIRECTION('',(-0.,-1.,0.));
#765 = FACE_BOUND('',#766,.F.);
#766 = EDGE_LOOP('',(#767));
#767 = ORIENTED_EDGE('',*,*,#768,.T.);
#768 = EDGE_CURVE('',#769,#769,#771,.T.);
#769 = VERTEX_POINT('',#770);
#770 = CARTESIAN_POINT('',(67.6,-87.500011,0.));
#771 = CIRCLE('',#772,0.750011);
#772 = AXIS2_PLACEMENT_3D('',#773,#774,#775);
#773 = CARTESIAN_POINT('',(67.6,-86.75,0.));
#774 = DIRECTION('',(-0.,0.,-1.));
#775 = DIRECTION('',(-0.,-1.,0.));
#776 = FACE_BOUND('',#777,.F.);
#777 = EDGE_LOOP('',(#778));
#778 = ORIENTED_EDGE('',*,*,#779,.T.);
#779 = EDGE_CURVE('',#780,#780,#782,.T.);
#780 = VERTEX_POINT('',#781);
#781 = CARTESIAN_POINT('',(71.1,-87.630011,0.));
#782 = CIRCLE('',#783,0.750011);
#783 = AXIS2_PLACEMENT_3D('',#784,#785,#786);
#784 = CARTESIAN_POINT('',(71.1,-86.88,0.));
#785 = DIRECTION('',(-0.,0.,-1.));
#786 = DIRECTION('',(-0.,-1.,0.));
#787 = FACE_BOUND('',#788,.F.);
#788 = EDGE_LOOP('',(#789));
#789 = ORIENTED_EDGE('',*,*,#790,.T.);
#790 = EDGE_CURVE('',#791,#791,#793,.T.);
#791 = VERTEX_POINT('',#792);
#792 = CARTESIAN_POINT('',(76.9,-87.500011,0.));
#793 = CIRCLE('',#794,0.750011);
#794 = AXIS2_PLACEMENT_3D('',#795,#796,#797);
#795 = CARTESIAN_POINT('',(76.9,-86.75,0.));
#796 = DIRECTION('',(-0.,0.,-1.));
#797 = DIRECTION('',(-0.,-1.,0.));
#798 = FACE_BOUND('',#799,.F.);
#799 = EDGE_LOOP('',(#800));
#800 = ORIENTED_EDGE('',*,*,#801,.T.);
#801 = EDGE_CURVE('',#802,#802,#804,.T.);
#802 = VERTEX_POINT('',#803);
#803 = CARTESIAN_POINT('',(80.4,-90.000011,0.));
#804 = CIRCLE('',#805,0.750011);
#805 = AXIS2_PLACEMENT_3D('',#806,#807,#808);
#806 = CARTESIAN_POINT('',(80.4,-89.25,0.));
#807 = DIRECTION('',(-0.,0.,-1.));
#808 = DIRECTION('',(-0.,-1.,0.));
#809 = FACE_BOUND('',#810,.F.);
#810 = EDGE_LOOP('',(#811));
#811 = ORIENTED_EDGE('',*,*,#812,.T.);
#812 = EDGE_CURVE('',#813,#813,#815,.T.);
#813 = VERTEX_POINT('',#814);
#814 = CARTESIAN_POINT('',(84.35,-88.2,0.));
#815 = CIRCLE('',#816,0.2);
#816 = AXIS2_PLACEMENT_3D('',#817,#818,#819);
#817 = CARTESIAN_POINT('',(84.35,-88.,0.));
#818 = DIRECTION('',(-0.,0.,-1.));
#819 = DIRECTION('',(-0.,-1.,0.));
#820 = FACE_BOUND('',#821,.F.);
#821 = EDGE_LOOP('',(#822));
#822 = ORIENTED_EDGE('',*,*,#823,.T.);
#823 = EDGE_CURVE('',#824,#824,#826,.T.);
#824 = VERTEX_POINT('',#825);
#825 = CARTESIAN_POINT('',(80.4,-87.500011,0.));
#826 = CIRCLE('',#827,0.750011);
#827 = AXIS2_PLACEMENT_3D('',#828,#829,#830);
#828 = CARTESIAN_POINT('',(80.4,-86.75,0.));
#829 = DIRECTION('',(-0.,0.,-1.));
#830 = DIRECTION('',(-0.,-1.,0.));
#831 = FACE_BOUND('',#832,.F.);
#832 = EDGE_LOOP('',(#833));
#833 = ORIENTED_EDGE('',*,*,#834,.T.);
#834 = EDGE_CURVE('',#835,#835,#837,.T.);
#835 = VERTEX_POINT('',#836);
#836 = CARTESIAN_POINT('',(72.675,-80.2,0.));
#837 = CIRCLE('',#838,0.2);
#838 = AXIS2_PLACEMENT_3D('',#839,#840,#841);
#839 = CARTESIAN_POINT('',(72.675,-80.,0.));
#840 = DIRECTION('',(-0.,0.,-1.));
#841 = DIRECTION('',(-0.,-1.,0.));
#842 = FACE_BOUND('',#843,.F.);
#843 = EDGE_LOOP('',(#844));
#844 = ORIENTED_EDGE('',*,*,#845,.T.);
#845 = EDGE_CURVE('',#846,#846,#848,.T.);
#846 = VERTEX_POINT('',#847);
#847 = CARTESIAN_POINT('',(87.5413,-84.5168,0.));
#848 = CIRCLE('',#849,0.2);
#849 = AXIS2_PLACEMENT_3D('',#850,#851,#852);
#850 = CARTESIAN_POINT('',(87.5413,-84.3168,0.));
#851 = DIRECTION('',(-0.,0.,-1.));
#852 = DIRECTION('',(-0.,-1.,0.));
#853 = FACE_BOUND('',#854,.F.);
#854 = EDGE_LOOP('',(#855));
#855 = ORIENTED_EDGE('',*,*,#856,.T.);
#856 = EDGE_CURVE('',#857,#857,#859,.T.);
#857 = VERTEX_POINT('',#858);
#858 = CARTESIAN_POINT('',(83.675,-80.2,0.));
#859 = CIRCLE('',#860,0.2);
#860 = AXIS2_PLACEMENT_3D('',#861,#862,#863);
#861 = CARTESIAN_POINT('',(83.675,-80.,0.));
#862 = DIRECTION('',(-0.,0.,-1.));
#863 = DIRECTION('',(-0.,-1.,0.));
#864 = FACE_BOUND('',#865,.F.);
#865 = EDGE_LOOP('',(#866));
#866 = ORIENTED_EDGE('',*,*,#867,.T.);
#867 = EDGE_CURVE('',#868,#868,#870,.T.);
#868 = VERTEX_POINT('',#869);
#869 = CARTESIAN_POINT('',(90.65,-85.25,0.));
#870 = CIRCLE('',#871,0.25);
#871 = AXIS2_PLACEMENT_3D('',#872,#873,#874);
#872 = CARTESIAN_POINT('',(90.65,-85.,0.));
#873 = DIRECTION('',(-0.,0.,-1.));
#874 = DIRECTION('',(-0.,-1.,0.));
#875 = FACE_BOUND('',#876,.F.);
#876 = EDGE_LOOP('',(#877));
#877 = ORIENTED_EDGE('',*,*,#878,.T.);
#878 = EDGE_CURVE('',#879,#879,#881,.T.);
#879 = VERTEX_POINT('',#880);
#880 = CARTESIAN_POINT('',(103.6,-90.000011,0.));
#881 = CIRCLE('',#882,0.750011);
#882 = AXIS2_PLACEMENT_3D('',#883,#884,#885);
#883 = CARTESIAN_POINT('',(103.6,-89.25,0.));
#884 = DIRECTION('',(-0.,0.,-1.));
#885 = DIRECTION('',(-0.,-1.,0.));
#886 = FACE_BOUND('',#887,.F.);
#887 = EDGE_LOOP('',(#888));
#888 = ORIENTED_EDGE('',*,*,#889,.T.);
#889 = EDGE_CURVE('',#890,#890,#892,.T.);
#890 = VERTEX_POINT('',#891);
#891 = CARTESIAN_POINT('',(107.1,-90.000011,0.));
#892 = CIRCLE('',#893,0.750011);
#893 = AXIS2_PLACEMENT_3D('',#894,#895,#896);
#894 = CARTESIAN_POINT('',(107.1,-89.25,0.));
#895 = DIRECTION('',(-0.,0.,-1.));
#896 = DIRECTION('',(-0.,-1.,0.));
#897 = FACE_BOUND('',#898,.F.);
#898 = EDGE_LOOP('',(#899));
#899 = ORIENTED_EDGE('',*,*,#900,.T.);
#900 = EDGE_CURVE('',#901,#901,#903,.T.);
#901 = VERTEX_POINT('',#902);
#902 = CARTESIAN_POINT('',(103.6,-87.500011,0.));
#903 = CIRCLE('',#904,0.750011);
#904 = AXIS2_PLACEMENT_3D('',#905,#906,#907);
#905 = CARTESIAN_POINT('',(103.6,-86.75,0.));
#906 = DIRECTION('',(-0.,0.,-1.));
#907 = DIRECTION('',(-0.,-1.,0.));
#908 = FACE_BOUND('',#909,.F.);
#909 = EDGE_LOOP('',(#910));
#910 = ORIENTED_EDGE('',*,*,#911,.T.);
#911 = EDGE_CURVE('',#912,#912,#914,.T.);
#912 = VERTEX_POINT('',#913);
#913 = CARTESIAN_POINT('',(107.1,-87.630011,0.));
#914 = CIRCLE('',#915,0.750011);
#915 = AXIS2_PLACEMENT_3D('',#916,#917,#918);
#916 = CARTESIAN_POINT('',(107.1,-86.88,0.));
#917 = DIRECTION('',(-0.,0.,-1.));
#918 = DIRECTION('',(-0.,-1.,0.));
#919 = FACE_BOUND('',#920,.F.);
#920 = EDGE_LOOP('',(#921));
#921 = ORIENTED_EDGE('',*,*,#922,.T.);
#922 = EDGE_CURVE('',#923,#923,#925,.T.);
#923 = VERTEX_POINT('',#924);
#924 = CARTESIAN_POINT('',(90.675,-80.2,0.));
#925 = CIRCLE('',#926,0.2);
#926 = AXIS2_PLACEMENT_3D('',#927,#928,#929);
#927 = CARTESIAN_POINT('',(90.675,-80.,0.));
#928 = DIRECTION('',(-0.,0.,-1.));
#929 = DIRECTION('',(-0.,-1.,0.));
#930 = FACE_BOUND('',#931,.F.);
#931 = EDGE_LOOP('',(#932));
#932 = ORIENTED_EDGE('',*,*,#933,.T.);
#933 = EDGE_CURVE('',#934,#934,#936,.T.);
#934 = VERTEX_POINT('',#935);
#935 = CARTESIAN_POINT('',(108.0415,-82.9181,0.));
#936 = CIRCLE('',#937,0.2);
#937 = AXIS2_PLACEMENT_3D('',#938,#939,#940);
#938 = CARTESIAN_POINT('',(108.0415,-82.7181,0.));
#939 = DIRECTION('',(-0.,0.,-1.));
#940 = DIRECTION('',(-0.,-1.,0.));
#941 = FACE_BOUND('',#942,.F.);
#942 = EDGE_LOOP('',(#943));
#943 = ORIENTED_EDGE('',*,*,#944,.T.);
#944 = EDGE_CURVE('',#945,#945,#947,.T.);
#945 = VERTEX_POINT('',#946);
#946 = CARTESIAN_POINT('',(113.81,-130.165,0.));
#947 = CIRCLE('',#948,0.65);
#948 = AXIS2_PLACEMENT_3D('',#949,#950,#951);
#949 = CARTESIAN_POINT('',(113.81,-129.515,0.));
#950 = DIRECTION('',(-0.,0.,-1.));
#951 = DIRECTION('',(-0.,-1.,0.));
#952 = FACE_BOUND('',#953,.F.);
#953 = EDGE_LOOP('',(#954));
#954 = ORIENTED_EDGE('',*,*,#955,.T.);
#955 = EDGE_CURVE('',#956,#956,#958,.T.);
#956 = VERTEX_POINT('',#957);
#957 = CARTESIAN_POINT('',(113.81,-128.335,0.));
#958 = CIRCLE('',#959,0.65);
#959 = AXIS2_PLACEMENT_3D('',#960,#961,#962);
#960 = CARTESIAN_POINT('',(113.81,-127.685,0.));
#961 = DIRECTION('',(-0.,0.,-1.));
#962 = DIRECTION('',(-0.,-1.,0.));
#963 = FACE_BOUND('',#964,.F.);
#964 = EDGE_LOOP('',(#965));
#965 = ORIENTED_EDGE('',*,*,#966,.T.);
#966 = EDGE_CURVE('',#967,#967,#969,.T.);
#967 = VERTEX_POINT('',#968);
#968 = CARTESIAN_POINT('',(113.81,-126.505,0.));
#969 = CIRCLE('',#970,0.65);
#970 = AXIS2_PLACEMENT_3D('',#971,#972,#973);
#971 = CARTESIAN_POINT('',(113.81,-125.855,0.));
#972 = DIRECTION('',(-0.,0.,-1.));
#973 = DIRECTION('',(-0.,-1.,0.));
#974 = FACE_BOUND('',#975,.F.);
#975 = EDGE_LOOP('',(#976));
#976 = ORIENTED_EDGE('',*,*,#977,.T.);
#977 = EDGE_CURVE('',#978,#978,#980,.T.);
#978 = VERTEX_POINT('',#979);
#979 = CARTESIAN_POINT('',(142.19,-130.165,0.));
#980 = CIRCLE('',#981,0.65);
#981 = AXIS2_PLACEMENT_3D('',#982,#983,#984);
#982 = CARTESIAN_POINT('',(142.19,-129.515,0.));
#983 = DIRECTION('',(-0.,0.,-1.));
#984 = DIRECTION('',(-0.,-1.,0.));
#985 = FACE_BOUND('',#986,.F.);
#986 = EDGE_LOOP('',(#987));
#987 = ORIENTED_EDGE('',*,*,#988,.T.);
#988 = EDGE_CURVE('',#989,#989,#991,.T.);
#989 = VERTEX_POINT('',#990);
#990 = CARTESIAN_POINT('',(142.19,-128.335,0.));
#991 = CIRCLE('',#992,0.65);
#992 = AXIS2_PLACEMENT_3D('',#993,#994,#995);
#993 = CARTESIAN_POINT('',(142.19,-127.685,0.));
#994 = DIRECTION('',(-0.,0.,-1.));
#995 = DIRECTION('',(-0.,-1.,0.));
#996 = FACE_BOUND('',#997,.F.);
#997 = EDGE_LOOP('',(#998));
#998 = ORIENTED_EDGE('',*,*,#999,.T.);
#999 = EDGE_CURVE('',#1000,#1000,#1002,.T.);
#1000 = VERTEX_POINT('',#1001);
#1001 = CARTESIAN_POINT('',(142.19,-126.505,0.));
#1002 = CIRCLE('',#1003,0.65);
#1003 = AXIS2_PLACEMENT_3D('',#1004,#1005,#1006);
#1004 = CARTESIAN_POINT('',(142.19,-125.855,0.));
#1005 = DIRECTION('',(-0.,0.,-1.));
#1006 = DIRECTION('',(-0.,-1.,0.));
#1007 = FACE_BOUND('',#1008,.F.);
#1008 = EDGE_LOOP('',(#1009));
#1009 = ORIENTED_EDGE('',*,*,#1010,.T.);
#1010 = EDGE_CURVE('',#1011,#1011,#1013,.T.);
#1011 = VERTEX_POINT('',#1012);
#1012 = CARTESIAN_POINT('',(149.81,-130.165,0.));
#1013 = CIRCLE('',#1014,0.65);
#1014 = AXIS2_PLACEMENT_3D('',#1015,#1016,#1017);
#1015 = CARTESIAN_POINT('',(149.81,-129.515,0.));
#1016 = DIRECTION('',(-0.,0.,-1.));
#1017 = DIRECTION('',(-0.,-1.,0.));
#1018 = FACE_BOUND('',#1019,.F.);
#1019 = EDGE_LOOP('',(#1020));
#1020 = ORIENTED_EDGE('',*,*,#1021,.T.);
#1021 = EDGE_CURVE('',#1022,#1022,#1024,.T.);
#1022 = VERTEX_POINT('',#1023);
#1023 = CARTESIAN_POINT('',(149.81,-128.335,0.));
#1024 = CIRCLE('',#1025,0.65);
#1025 = AXIS2_PLACEMENT_3D('',#1026,#1027,#1028);
#1026 = CARTESIAN_POINT('',(149.81,-127.685,0.));
#1027 = DIRECTION('',(-0.,0.,-1.));
#1028 = DIRECTION('',(-0.,-1.,0.));
#1029 = FACE_BOUND('',#1030,.F.);
#1030 = EDGE_LOOP('',(#1031));
#1031 = ORIENTED_EDGE('',*,*,#1032,.T.);
#1032 = EDGE_CURVE('',#1033,#1033,#1035,.T.);
#1033 = VERTEX_POINT('',#1034);
#1034 = CARTESIAN_POINT('',(149.81,-126.505,0.));
#1035 = CIRCLE('',#1036,0.65);
#1036 = AXIS2_PLACEMENT_3D('',#1037,#1038,#1039);
#1037 = CARTESIAN_POINT('',(149.81,-125.855,0.));
#1038 = DIRECTION('',(-0.,0.,-1.));
#1039 = DIRECTION('',(-0.,-1.,0.));
#1040 = FACE_BOUND('',#1041,.F.);
#1041 = EDGE_LOOP('',(#1042));
#1042 = ORIENTED_EDGE('',*,*,#1043,.T.);
#1043 = EDGE_CURVE('',#1044,#1044,#1046,.T.);
#1044 = VERTEX_POINT('',#1045);
#1045 = CARTESIAN_POINT('',(134.,-119.2,0.));
#1046 = CIRCLE('',#1047,0.2);
#1047 = AXIS2_PLACEMENT_3D('',#1048,#1049,#1050);
#1048 = CARTESIAN_POINT('',(134.,-119.,0.));
#1049 = DIRECTION('',(-0.,0.,-1.));
#1050 = DIRECTION('',(-0.,-1.,0.));
#1051 = FACE_BOUND('',#1052,.F.);
#1052 = EDGE_LOOP('',(#1053));
#1053 = ORIENTED_EDGE('',*,*,#1054,.T.);
#1054 = EDGE_CURVE('',#1055,#1055,#1057,.T.);
#1055 = VERTEX_POINT('',#1056);
#1056 = CARTESIAN_POINT('',(141.595,-113.122499,0.));
#1057 = CIRCLE('',#1058,0.25);
#1058 = AXIS2_PLACEMENT_3D('',#1059,#1060,#1061);
#1059 = CARTESIAN_POINT('',(141.595,-112.872499,0.));
#1060 = DIRECTION('',(-0.,0.,-1.));
#1061 = DIRECTION('',(-0.,-1.,0.));
#1062 = FACE_BOUND('',#1063,.F.);
#1063 = EDGE_LOOP('',(#1064));
#1064 = ORIENTED_EDGE('',*,*,#1065,.T.);
#1065 = EDGE_CURVE('',#1066,#1066,#1068,.T.);
#1066 = VERTEX_POINT('',#1067);
#1067 = CARTESIAN_POINT('',(164.,-119.2,0.));
#1068 = CIRCLE('',#1069,0.2);
#1069 = AXIS2_PLACEMENT_3D('',#1070,#1071,#1072);
#1070 = CARTESIAN_POINT('',(164.,-119.,0.));
#1071 = DIRECTION('',(-0.,0.,-1.));
#1072 = DIRECTION('',(-0.,-1.,0.));
#1073 = FACE_BOUND('',#1074,.F.);
#1074 = EDGE_LOOP('',(#1075));
#1075 = ORIENTED_EDGE('',*,*,#1076,.T.);
#1076 = EDGE_CURVE('',#1077,#1077,#1079,.T.);
#1077 = VERTEX_POINT('',#1078);
#1078 = CARTESIAN_POINT('',(178.19,-130.165,0.));
#1079 = CIRCLE('',#1080,0.65);
#1080 = AXIS2_PLACEMENT_3D('',#1081,#1082,#1083);
#1081 = CARTESIAN_POINT('',(178.19,-129.515,0.));
#1082 = DIRECTION('',(-0.,0.,-1.));
#1083 = DIRECTION('',(-0.,-1.,0.));
#1084 = FACE_BOUND('',#1085,.F.);
#1085 = EDGE_LOOP('',(#1086));
#1086 = ORIENTED_EDGE('',*,*,#1087,.T.);
#1087 = EDGE_CURVE('',#1088,#1088,#1090,.T.);
#1088 = VERTEX_POINT('',#1089);
#1089 = CARTESIAN_POINT('',(185.81,-130.165,0.));
#1090 = CIRCLE('',#1091,0.65);
#1091 = AXIS2_PLACEMENT_3D('',#1092,#1093,#1094);
#1092 = CARTESIAN_POINT('',(185.81,-129.515,0.));
#1093 = DIRECTION('',(-0.,0.,-1.));
#1094 = DIRECTION('',(-0.,-1.,0.));
#1095 = FACE_BOUND('',#1096,.F.);
#1096 = EDGE_LOOP('',(#1097));
#1097 = ORIENTED_EDGE('',*,*,#1098,.T.);
#1098 = EDGE_CURVE('',#1099,#1099,#1101,.T.);
#1099 = VERTEX_POINT('',#1100);
#1100 = CARTESIAN_POINT('',(178.19,-128.335,0.));
#1101 = CIRCLE('',#1102,0.65);
#1102 = AXIS2_PLACEMENT_3D('',#1103,#1104,#1105);
#1103 = CARTESIAN_POINT('',(178.19,-127.685,0.));
#1104 = DIRECTION('',(-0.,0.,-1.));
#1105 = DIRECTION('',(-0.,-1.,0.));
#1106 = FACE_BOUND('',#1107,.F.);
#1107 = EDGE_LOOP('',(#1108));
#1108 = ORIENTED_EDGE('',*,*,#1109,.T.);
#1109 = EDGE_CURVE('',#1110,#1110,#1112,.T.);
#1110 = VERTEX_POINT('',#1111);
#1111 = CARTESIAN_POINT('',(178.19,-126.505,0.));
#1112 = CIRCLE('',#1113,0.65);
#1113 = AXIS2_PLACEMENT_3D('',#1114,#1115,#1116);
#1114 = CARTESIAN_POINT('',(178.19,-125.855,0.));
#1115 = DIRECTION('',(-0.,0.,-1.));
#1116 = DIRECTION('',(-0.,-1.,0.));
#1117 = FACE_BOUND('',#1118,.F.);
#1118 = EDGE_LOOP('',(#1119));
#1119 = ORIENTED_EDGE('',*,*,#1120,.T.);
#1120 = EDGE_CURVE('',#1121,#1121,#1123,.T.);
#1121 = VERTEX_POINT('',#1122);
#1122 = CARTESIAN_POINT('',(185.81,-128.335,0.));
#1123 = CIRCLE('',#1124,0.65);
#1124 = AXIS2_PLACEMENT_3D('',#1125,#1126,#1127);
#1125 = CARTESIAN_POINT('',(185.81,-127.685,0.));
#1126 = DIRECTION('',(-0.,0.,-1.));
#1127 = DIRECTION('',(-0.,-1.,0.));
#1128 = FACE_BOUND('',#1129,.F.);
#1129 = EDGE_LOOP('',(#1130));
#1130 = ORIENTED_EDGE('',*,*,#1131,.T.);
#1131 = EDGE_CURVE('',#1132,#1132,#1134,.T.);
#1132 = VERTEX_POINT('',#1133);
#1133 = CARTESIAN_POINT('',(185.81,-126.505,0.));
#1134 = CIRCLE('',#1135,0.65);
#1135 = AXIS2_PLACEMENT_3D('',#1136,#1137,#1138);
#1136 = CARTESIAN_POINT('',(185.81,-125.855,0.));
#1137 = DIRECTION('',(-0.,0.,-1.));
#1138 = DIRECTION('',(-0.,-1.,0.));
#1139 = FACE_BOUND('',#1140,.F.);
#1140 = EDGE_LOOP('',(#1141));
#1141 = ORIENTED_EDGE('',*,*,#1142,.T.);
#1142 = EDGE_CURVE('',#1143,#1143,#1145,.T.);
#1143 = VERTEX_POINT('',#1144);
#1144 = CARTESIAN_POINT('',(196.,-132.6,0.));
#1145 = CIRCLE('',#1146,1.6);
#1146 = AXIS2_PLACEMENT_3D('',#1147,#1148,#1149);
#1147 = CARTESIAN_POINT('',(196.,-131.,0.));
#1148 = DIRECTION('',(-0.,0.,-1.));
#1149 = DIRECTION('',(-0.,-1.,0.));
#1150 = FACE_BOUND('',#1151,.F.);
#1151 = EDGE_LOOP('',(#1152));
#1152 = ORIENTED_EDGE('',*,*,#1153,.T.);
#1153 = EDGE_CURVE('',#1154,#1154,#1156,.T.);
#1154 = VERTEX_POINT('',#1155);
#1155 = CARTESIAN_POINT('',(177.595,-113.122499,0.));
#1156 = CIRCLE('',#1157,0.25);
#1157 = AXIS2_PLACEMENT_3D('',#1158,#1159,#1160);
#1158 = CARTESIAN_POINT('',(177.595,-112.872499,0.));
#1159 = DIRECTION('',(-0.,0.,-1.));
#1160 = DIRECTION('',(-0.,-1.,0.));
#1161 = FACE_BOUND('',#1162,.F.);
#1162 = EDGE_LOOP('',(#1163));
#1163 = ORIENTED_EDGE('',*,*,#1164,.T.);
#1164 = EDGE_CURVE('',#1165,#1165,#1167,.T.);
#1165 = VERTEX_POINT('',#1166);
#1166 = CARTESIAN_POINT('',(136.024999,-103.2,0.));
#1167 = CIRCLE('',#1168,0.2);
#1168 = AXIS2_PLACEMENT_3D('',#1169,#1170,#1171);
#1169 = CARTESIAN_POINT('',(136.024999,-103.,0.));
#1170 = DIRECTION('',(-0.,0.,-1.));
#1171 = DIRECTION('',(1.42108547152E-13,-1.,-0.));
#1172 = FACE_BOUND('',#1173,.F.);
#1173 = EDGE_LOOP('',(#1174));
#1174 = ORIENTED_EDGE('',*,*,#1175,.T.);
#1175 = EDGE_CURVE('',#1176,#1176,#1178,.T.);
#1176 = VERTEX_POINT('',#1177);
#1177 = CARTESIAN_POINT('',(136.024999,-96.2,0.));
#1178 = CIRCLE('',#1179,0.2);
#1179 = AXIS2_PLACEMENT_3D('',#1180,#1181,#1182);
#1180 = CARTESIAN_POINT('',(136.024999,-96.,0.));
#1181 = DIRECTION('',(-0.,0.,-1.));
#1182 = DIRECTION('',(1.42108547152E-13,-1.,-0.));
#1183 = FACE_BOUND('',#1184,.F.);
#1184 = EDGE_LOOP('',(#1185));
#1185 = ORIENTED_EDGE('',*,*,#1186,.T.);
#1186 = EDGE_CURVE('',#1187,#1187,#1189,.T.);
#1187 = VERTEX_POINT('',#1188);
#1188 = CARTESIAN_POINT('',(140.36,-93.55,0.));
#1189 = CIRCLE('',#1190,0.25);
#1190 = AXIS2_PLACEMENT_3D('',#1191,#1192,#1193);
#1191 = CARTESIAN_POINT('',(140.36,-93.3,0.));
#1192 = DIRECTION('',(-0.,0.,-1.));
#1193 = DIRECTION('',(-0.,-1.,0.));
#1194 = FACE_BOUND('',#1195,.F.);
#1195 = EDGE_LOOP('',(#1196));
#1196 = ORIENTED_EDGE('',*,*,#1197,.T.);
#1197 = EDGE_CURVE('',#1198,#1198,#1200,.T.);
#1198 = VERTEX_POINT('',#1199);
#1199 = CARTESIAN_POINT('',(141.64,-93.55,0.));
#1200 = CIRCLE('',#1201,0.25);
#1201 = AXIS2_PLACEMENT_3D('',#1202,#1203,#1204);
#1202 = CARTESIAN_POINT('',(141.64,-93.3,0.));
#1203 = DIRECTION('',(-0.,0.,-1.));
#1204 = DIRECTION('',(-0.,-1.,0.));
#1205 = FACE_BOUND('',#1206,.F.);
#1206 = EDGE_LOOP('',(#1207));
#1207 = ORIENTED_EDGE('',*,*,#1208,.T.);
#1208 = EDGE_CURVE('',#1209,#1209,#1211,.T.);
#1209 = VERTEX_POINT('',#1210);
#1210 = CARTESIAN_POINT('',(142.9,-93.55,0.));
#1211 = CIRCLE('',#1212,0.25);
#1212 = AXIS2_PLACEMENT_3D('',#1213,#1214,#1215);
#1213 = CARTESIAN_POINT('',(142.9,-93.3,0.));
#1214 = DIRECTION('',(-0.,0.,-1.));
#1215 = DIRECTION('',(-0.,-1.,0.));
#1216 = FACE_BOUND('',#1217,.F.);
#1217 = EDGE_LOOP('',(#1218));
#1218 = ORIENTED_EDGE('',*,*,#1219,.T.);
#1219 = EDGE_CURVE('',#1220,#1220,#1222,.T.);
#1220 = VERTEX_POINT('',#1221);
#1221 = CARTESIAN_POINT('',(110.,-89.25,0.));
#1222 = CIRCLE('',#1223,1.25);
#1223 = AXIS2_PLACEMENT_3D('',#1224,#1225,#1226);
#1224 = CARTESIAN_POINT('',(110.,-88.,0.));
#1225 = DIRECTION('',(-0.,0.,-1.));
#1226 = DIRECTION('',(-0.,-1.,0.));
#1227 = FACE_BOUND('',#1228,.F.);
#1228 = EDGE_LOOP('',(#1229));
#1229 = ORIENTED_EDGE('',*,*,#1230,.T.);
#1230 = EDGE_CURVE('',#1231,#1231,#1233,.T.);
#1231 = VERTEX_POINT('',#1232);
#1232 = CARTESIAN_POINT('',(112.9,-90.000011,0.));
#1233 = CIRCLE('',#1234,0.750011);
#1234 = AXIS2_PLACEMENT_3D('',#1235,#1236,#1237);
#1235 = CARTESIAN_POINT('',(112.9,-89.25,0.));
#1236 = DIRECTION('',(-0.,0.,-1.));
#1237 = DIRECTION('',(-0.,-1.,0.));
#1238 = FACE_BOUND('',#1239,.F.);
#1239 = EDGE_LOOP('',(#1240));
#1240 = ORIENTED_EDGE('',*,*,#1241,.T.);
#1241 = EDGE_CURVE('',#1242,#1242,#1244,.T.);
#1242 = VERTEX_POINT('',#1243);
#1243 = CARTESIAN_POINT('',(116.4,-90.000011,0.));
#1244 = CIRCLE('',#1245,0.750011);
#1245 = AXIS2_PLACEMENT_3D('',#1246,#1247,#1248);
#1246 = CARTESIAN_POINT('',(116.4,-89.25,0.));
#1247 = DIRECTION('',(-0.,0.,-1.));
#1248 = DIRECTION('',(-0.,-1.,0.));
#1249 = FACE_BOUND('',#1250,.F.);
#1250 = EDGE_LOOP('',(#1251));
#1251 = ORIENTED_EDGE('',*,*,#1252,.T.);
#1252 = EDGE_CURVE('',#1253,#1253,#1255,.T.);
#1253 = VERTEX_POINT('',#1254);
#1254 = CARTESIAN_POINT('',(120.35,-88.2,0.));
#1255 = CIRCLE('',#1256,0.2);
#1256 = AXIS2_PLACEMENT_3D('',#1257,#1258,#1259);
#1257 = CARTESIAN_POINT('',(120.35,-88.,0.));
#1258 = DIRECTION('',(-0.,0.,-1.));
#1259 = DIRECTION('',(-0.,-1.,0.));
#1260 = FACE_BOUND('',#1261,.F.);
#1261 = EDGE_LOOP('',(#1262));
#1262 = ORIENTED_EDGE('',*,*,#1263,.T.);
#1263 = EDGE_CURVE('',#1264,#1264,#1266,.T.);
#1264 = VERTEX_POINT('',#1265);
#1265 = CARTESIAN_POINT('',(112.9,-87.500011,0.));
#1266 = CIRCLE('',#1267,0.750011);
#1267 = AXIS2_PLACEMENT_3D('',#1268,#1269,#1270);
#1268 = CARTESIAN_POINT('',(112.9,-86.75,0.));
#1269 = DIRECTION('',(-0.,0.,-1.));
#1270 = DIRECTION('',(-0.,-1.,0.));
#1271 = FACE_BOUND('',#1272,.F.);
#1272 = EDGE_LOOP('',(#1273));
#1273 = ORIENTED_EDGE('',*,*,#1274,.T.);
#1274 = EDGE_CURVE('',#1275,#1275,#1277,.T.);
#1275 = VERTEX_POINT('',#1276);
#1276 = CARTESIAN_POINT('',(116.4,-87.500011,0.));
#1277 = CIRCLE('',#1278,0.750011);
#1278 = AXIS2_PLACEMENT_3D('',#1279,#1280,#1281);
#1279 = CARTESIAN_POINT('',(116.4,-86.75,0.));
#1280 = DIRECTION('',(-0.,0.,-1.));
#1281 = DIRECTION('',(-0.,-1.,0.));
#1282 = FACE_BOUND('',#1283,.F.);
#1283 = EDGE_LOOP('',(#1284));
#1284 = ORIENTED_EDGE('',*,*,#1285,.T.);
#1285 = EDGE_CURVE('',#1286,#1286,#1288,.T.);
#1286 = VERTEX_POINT('',#1287);
#1287 = CARTESIAN_POINT('',(123.51,-85.0094,0.));
#1288 = CIRCLE('',#1289,0.2);
#1289 = AXIS2_PLACEMENT_3D('',#1290,#1291,#1292);
#1290 = CARTESIAN_POINT('',(123.51,-84.8094,0.));
#1291 = DIRECTION('',(-0.,0.,-1.));
#1292 = DIRECTION('',(7.105427357601E-14,-1.,-0.));
#1293 = FACE_BOUND('',#1294,.F.);
#1294 = EDGE_LOOP('',(#1295));
#1295 = ORIENTED_EDGE('',*,*,#1296,.T.);
#1296 = EDGE_CURVE('',#1297,#1297,#1299,.T.);
#1297 = VERTEX_POINT('',#1298);
#1298 = CARTESIAN_POINT('',(126.65,-85.25,0.));
#1299 = CIRCLE('',#1300,0.25);
#1300 = AXIS2_PLACEMENT_3D('',#1301,#1302,#1303);
#1301 = CARTESIAN_POINT('',(126.65,-85.,0.));
#1302 = DIRECTION('',(-0.,0.,-1.));
#1303 = DIRECTION('',(-0.,-1.,0.));
#1304 = FACE_BOUND('',#1305,.F.);
#1305 = EDGE_LOOP('',(#1306));
#1306 = ORIENTED_EDGE('',*,*,#1307,.T.);
#1307 = EDGE_CURVE('',#1308,#1308,#1310,.T.);
#1308 = VERTEX_POINT('',#1309);
#1309 = CARTESIAN_POINT('',(118.9791,-83.8215,0.));
#1310 = CIRCLE('',#1311,0.2);
#1311 = AXIS2_PLACEMENT_3D('',#1312,#1313,#1314);
#1312 = CARTESIAN_POINT('',(118.9791,-83.6215,0.));
#1313 = DIRECTION('',(-0.,0.,-1.));
#1314 = DIRECTION('',(-0.,-1.,0.));
#1315 = FACE_BOUND('',#1316,.F.);
#1316 = EDGE_LOOP('',(#1317));
#1317 = ORIENTED_EDGE('',*,*,#1318,.T.);
#1318 = EDGE_CURVE('',#1319,#1319,#1321,.T.);
#1319 = VERTEX_POINT('',#1320);
#1320 = CARTESIAN_POINT('',(118.816313,-82.328707,0.));
#1321 = CIRCLE('',#1322,0.2);
#1322 = AXIS2_PLACEMENT_3D('',#1323,#1324,#1325);
#1323 = CARTESIAN_POINT('',(118.816313,-82.128707,0.));
#1324 = DIRECTION('',(-0.,0.,-1.));
#1325 = DIRECTION('',(-7.105427357601E-14,-1.,0.));
#1326 = FACE_BOUND('',#1327,.F.);
#1327 = EDGE_LOOP('',(#1328));
#1328 = ORIENTED_EDGE('',*,*,#1329,.T.);
#1329 = EDGE_CURVE('',#1330,#1330,#1332,.T.);
#1330 = VERTEX_POINT('',#1331);
#1331 = CARTESIAN_POINT('',(116.9213,-79.5846,0.));
#1332 = CIRCLE('',#1333,0.2);
#1333 = AXIS2_PLACEMENT_3D('',#1334,#1335,#1336);
#1334 = CARTESIAN_POINT('',(116.9213,-79.3846,0.));
#1335 = DIRECTION('',(-0.,0.,-1.));
#1336 = DIRECTION('',(-0.,-1.,0.));
#1337 = FACE_BOUND('',#1338,.F.);
#1338 = EDGE_LOOP('',(#1339));
#1339 = ORIENTED_EDGE('',*,*,#1340,.T.);
#1340 = EDGE_CURVE('',#1341,#1341,#1343,.T.);
#1341 = VERTEX_POINT('',#1342);
#1342 = CARTESIAN_POINT('',(115.9084,-78.3685,0.));
#1343 = CIRCLE('',#1344,0.2);
#1344 = AXIS2_PLACEMENT_3D('',#1345,#1346,#1347);
#1345 = CARTESIAN_POINT('',(115.9084,-78.1685,0.));
#1346 = DIRECTION('',(-0.,0.,-1.));
#1347 = DIRECTION('',(-0.,-1.,0.));
#1348 = FACE_BOUND('',#1349,.F.);
#1349 = EDGE_LOOP('',(#1350));
#1350 = ORIENTED_EDGE('',*,*,#1351,.T.);
#1351 = EDGE_CURVE('',#1352,#1352,#1354,.T.);
#1352 = VERTEX_POINT('',#1353);
#1353 = CARTESIAN_POINT('',(122.9171,-83.3889,0.));
#1354 = CIRCLE('',#1355,0.2);
#1355 = AXIS2_PLACEMENT_3D('',#1356,#1357,#1358);
#1356 = CARTESIAN_POINT('',(122.9171,-83.1889,0.));
#1357 = DIRECTION('',(-0.,0.,-1.));
#1358 = DIRECTION('',(-0.,-1.,0.));
#1359 = FACE_BOUND('',#1360,.F.);
#1360 = EDGE_LOOP('',(#1361));
#1361 = ORIENTED_EDGE('',*,*,#1362,.T.);
#1362 = EDGE_CURVE('',#1363,#1363,#1365,.T.);
#1363 = VERTEX_POINT('',#1364);
#1364 = CARTESIAN_POINT('',(121.2729,-81.3352,0.));
#1365 = CIRCLE('',#1366,0.2);
#1366 = AXIS2_PLACEMENT_3D('',#1367,#1368,#1369);
#1367 = CARTESIAN_POINT('',(121.2729,-81.1352,0.));
#1368 = DIRECTION('',(-0.,0.,-1.));
#1369 = DIRECTION('',(7.1054273576E-14,-1.,-0.));
#1370 = FACE_BOUND('',#1371,.F.);
#1371 = EDGE_LOOP('',(#1372));
#1372 = ORIENTED_EDGE('',*,*,#1373,.T.);
#1373 = EDGE_CURVE('',#1374,#1374,#1376,.T.);
#1374 = VERTEX_POINT('',#1375);
#1375 = CARTESIAN_POINT('',(127.0878,-83.3889,0.));
#1376 = CIRCLE('',#1377,0.2);
#1377 = AXIS2_PLACEMENT_3D('',#1378,#1379,#1380);
#1378 = CARTESIAN_POINT('',(127.0878,-83.1889,0.));
#1379 = DIRECTION('',(-0.,0.,-1.));
#1380 = DIRECTION('',(-0.,-1.,0.));
#1381 = FACE_BOUND('',#1382,.F.);
#1382 = EDGE_LOOP('',(#1383));
#1383 = ORIENTED_EDGE('',*,*,#1384,.T.);
#1384 = EDGE_CURVE('',#1385,#1385,#1387,.T.);
#1385 = VERTEX_POINT('',#1386);
#1386 = CARTESIAN_POINT('',(130.816313,-82.328707,0.));
#1387 = CIRCLE('',#1388,0.2);
#1388 = AXIS2_PLACEMENT_3D('',#1389,#1390,#1391);
#1389 = CARTESIAN_POINT('',(130.816313,-82.128707,0.));
#1390 = DIRECTION('',(-0.,0.,-1.));
#1391 = DIRECTION('',(1.42108547152E-13,-1.,-0.));
#1392 = FACE_BOUND('',#1393,.F.);
#1393 = EDGE_LOOP('',(#1394));
#1394 = ORIENTED_EDGE('',*,*,#1395,.T.);
#1395 = EDGE_CURVE('',#1396,#1396,#1398,.T.);
#1396 = VERTEX_POINT('',#1397);
#1397 = CARTESIAN_POINT('',(134.,-89.2,0.));
#1398 = CIRCLE('',#1399,0.2);
#1399 = AXIS2_PLACEMENT_3D('',#1400,#1401,#1402);
#1400 = CARTESIAN_POINT('',(134.,-89.,0.));
#1401 = DIRECTION('',(-0.,0.,-1.));
#1402 = DIRECTION('',(-0.,-1.,0.));
#1403 = FACE_BOUND('',#1404,.F.);
#1404 = EDGE_LOOP('',(#1405));
#1405 = ORIENTED_EDGE('',*,*,#1406,.T.);
#1406 = EDGE_CURVE('',#1407,#1407,#1409,.T.);
#1407 = VERTEX_POINT('',#1408);
#1408 = CARTESIAN_POINT('',(139.6,-90.000011,0.));
#1409 = CIRCLE('',#1410,0.750011);
#1410 = AXIS2_PLACEMENT_3D('',#1411,#1412,#1413);
#1411 = CARTESIAN_POINT('',(139.6,-89.25,0.));
#1412 = DIRECTION('',(-0.,0.,-1.));
#1413 = DIRECTION('',(-0.,-1.,0.));
#1414 = FACE_BOUND('',#1415,.F.);
#1415 = EDGE_LOOP('',(#1416));
#1416 = ORIENTED_EDGE('',*,*,#1417,.T.);
#1417 = EDGE_CURVE('',#1418,#1418,#1420,.T.);
#1418 = VERTEX_POINT('',#1419);
#1419 = CARTESIAN_POINT('',(139.6,-87.500011,0.));
#1420 = CIRCLE('',#1421,0.750011);
#1421 = AXIS2_PLACEMENT_3D('',#1422,#1423,#1424);
#1422 = CARTESIAN_POINT('',(139.6,-86.75,0.));
#1423 = DIRECTION('',(-0.,0.,-1.));
#1424 = DIRECTION('',(-0.,-1.,0.));
#1425 = FACE_BOUND('',#1426,.F.);
#1426 = EDGE_LOOP('',(#1427));
#1427 = ORIENTED_EDGE('',*,*,#1428,.T.);
#1428 = EDGE_CURVE('',#1429,#1429,#1431,.T.);
#1429 = VERTEX_POINT('',#1430);
#1430 = CARTESIAN_POINT('',(143.1,-90.000011,0.));
#1431 = CIRCLE('',#1432,0.750011);
#1432 = AXIS2_PLACEMENT_3D('',#1433,#1434,#1435);
#1433 = CARTESIAN_POINT('',(143.1,-89.25,0.));
#1434 = DIRECTION('',(-0.,0.,-1.));
#1435 = DIRECTION('',(-0.,-1.,0.));
#1436 = FACE_BOUND('',#1437,.F.);
#1437 = EDGE_LOOP('',(#1438));
#1438 = ORIENTED_EDGE('',*,*,#1439,.T.);
#1439 = EDGE_CURVE('',#1440,#1440,#1442,.T.);
#1440 = VERTEX_POINT('',#1441);
#1441 = CARTESIAN_POINT('',(146.,-89.25,0.));
#1442 = CIRCLE('',#1443,1.25);
#1443 = AXIS2_PLACEMENT_3D('',#1444,#1445,#1446);
#1444 = CARTESIAN_POINT('',(146.,-88.,0.));
#1445 = DIRECTION('',(-0.,0.,-1.));
#1446 = DIRECTION('',(-0.,-1.,0.));
#1447 = FACE_BOUND('',#1448,.F.);
#1448 = EDGE_LOOP('',(#1449));
#1449 = ORIENTED_EDGE('',*,*,#1450,.T.);
#1450 = EDGE_CURVE('',#1451,#1451,#1453,.T.);
#1451 = VERTEX_POINT('',#1452);
#1452 = CARTESIAN_POINT('',(148.9,-90.000011,0.));
#1453 = CIRCLE('',#1454,0.750011);
#1454 = AXIS2_PLACEMENT_3D('',#1455,#1456,#1457);
#1455 = CARTESIAN_POINT('',(148.9,-89.25,0.));
#1456 = DIRECTION('',(-0.,0.,-1.));
#1457 = DIRECTION('',(-0.,-1.,0.));
#1458 = FACE_BOUND('',#1459,.F.);
#1459 = EDGE_LOOP('',(#1460));
#1460 = ORIENTED_EDGE('',*,*,#1461,.T.);
#1461 = EDGE_CURVE('',#1462,#1462,#1464,.T.);
#1462 = VERTEX_POINT('',#1463);
#1463 = CARTESIAN_POINT('',(152.4,-90.000011,0.));
#1464 = CIRCLE('',#1465,0.750011);
#1465 = AXIS2_PLACEMENT_3D('',#1466,#1467,#1468);
#1466 = CARTESIAN_POINT('',(152.4,-89.25,0.));
#1467 = DIRECTION('',(-0.,0.,-1.));
#1468 = DIRECTION('',(-0.,-1.,0.));
#1469 = FACE_BOUND('',#1470,.F.);
#1470 = EDGE_LOOP('',(#1471));
#1471 = ORIENTED_EDGE('',*,*,#1472,.T.);
#1472 = EDGE_CURVE('',#1473,#1473,#1475,.T.);
#1473 = VERTEX_POINT('',#1474);
#1474 = CARTESIAN_POINT('',(143.1,-87.630011,0.));
#1475 = CIRCLE('',#1476,0.750011);
#1476 = AXIS2_PLACEMENT_3D('',#1477,#1478,#1479);
#1477 = CARTESIAN_POINT('',(143.1,-86.88,0.));
#1478 = DIRECTION('',(-0.,0.,-1.));
#1479 = DIRECTION('',(-0.,-1.,0.));
#1480 = FACE_BOUND('',#1481,.F.);
#1481 = EDGE_LOOP('',(#1482));
#1482 = ORIENTED_EDGE('',*,*,#1483,.T.);
#1483 = EDGE_CURVE('',#1484,#1484,#1486,.T.);
#1484 = VERTEX_POINT('',#1485);
#1485 = CARTESIAN_POINT('',(148.9,-87.500011,0.));
#1486 = CIRCLE('',#1487,0.750011);
#1487 = AXIS2_PLACEMENT_3D('',#1488,#1489,#1490);
#1488 = CARTESIAN_POINT('',(148.9,-86.75,0.));
#1489 = DIRECTION('',(-0.,0.,-1.));
#1490 = DIRECTION('',(-0.,-1.,0.));
#1491 = FACE_BOUND('',#1492,.F.);
#1492 = EDGE_LOOP('',(#1493));
#1493 = ORIENTED_EDGE('',*,*,#1494,.T.);
#1494 = EDGE_CURVE('',#1495,#1495,#1497,.T.);
#1495 = VERTEX_POINT('',#1496);
#1496 = CARTESIAN_POINT('',(152.4,-87.500011,0.));
#1497 = CIRCLE('',#1498,0.750011);
#1498 = AXIS2_PLACEMENT_3D('',#1499,#1500,#1501);
#1499 = CARTESIAN_POINT('',(152.4,-86.75,0.));
#1500 = DIRECTION('',(-0.,0.,-1.));
#1501 = DIRECTION('',(-0.,-1.,0.));
#1502 = FACE_BOUND('',#1503,.F.);
#1503 = EDGE_LOOP('',(#1504));
#1504 = ORIENTED_EDGE('',*,*,#1505,.T.);
#1505 = EDGE_CURVE('',#1506,#1506,#1508,.T.);
#1506 = VERTEX_POINT('',#1507);
#1507 = CARTESIAN_POINT('',(139.0761,-81.2229,0.));
#1508 = CIRCLE('',#1509,0.2);
#1509 = AXIS2_PLACEMENT_3D('',#1510,#1511,#1512);
#1510 = CARTESIAN_POINT('',(139.0761,-81.0229,0.));
#1511 = DIRECTION('',(-0.,0.,-1.));
#1512 = DIRECTION('',(-0.,-1.,0.));
#1513 = FACE_BOUND('',#1514,.F.);
#1514 = EDGE_LOOP('',(#1515));
#1515 = ORIENTED_EDGE('',*,*,#1516,.T.);
#1516 = EDGE_CURVE('',#1517,#1517,#1519,.T.);
#1517 = VERTEX_POINT('',#1518);
#1518 = CARTESIAN_POINT('',(135.362646,-80.133219,0.));
#1519 = CIRCLE('',#1520,0.2);
#1520 = AXIS2_PLACEMENT_3D('',#1521,#1522,#1523);
#1521 = CARTESIAN_POINT('',(135.362646,-79.933219,0.));
#1522 = DIRECTION('',(-0.,0.,-1.));
#1523 = DIRECTION('',(1.42108547152E-13,-1.,-0.));
#1524 = FACE_BOUND('',#1525,.F.);
#1525 = EDGE_LOOP('',(#1526));
#1526 = ORIENTED_EDGE('',*,*,#1527,.T.);
#1527 = EDGE_CURVE('',#1528,#1528,#1530,.T.);
#1528 = VERTEX_POINT('',#1529);
#1529 = CARTESIAN_POINT('',(143.1809,-79.9266,0.));
#1530 = CIRCLE('',#1531,0.2);
#1531 = AXIS2_PLACEMENT_3D('',#1532,#1533,#1534);
#1532 = CARTESIAN_POINT('',(143.1809,-79.7266,0.));
#1533 = DIRECTION('',(-0.,0.,-1.));
#1534 = DIRECTION('',(-0.,-1.,0.));
#1535 = FACE_BOUND('',#1536,.F.);
#1536 = EDGE_LOOP('',(#1537));
#1537 = ORIENTED_EDGE('',*,*,#1538,.T.);
#1538 = EDGE_CURVE('',#1539,#1539,#1541,.T.);
#1539 = VERTEX_POINT('',#1540);
#1540 = CARTESIAN_POINT('',(146.362646,-80.133219,0.));
#1541 = CIRCLE('',#1542,0.2);
#1542 = AXIS2_PLACEMENT_3D('',#1543,#1544,#1545);
#1543 = CARTESIAN_POINT('',(146.362646,-79.933219,0.));
#1544 = DIRECTION('',(-0.,0.,-1.));
#1545 = DIRECTION('',(1.42108547152E-13,-1.,-0.));
#1546 = FACE_BOUND('',#1547,.F.);
#1547 = EDGE_LOOP('',(#1548));
#1548 = ORIENTED_EDGE('',*,*,#1549,.T.);
#1549 = EDGE_CURVE('',#1550,#1550,#1552,.T.);
#1550 = VERTEX_POINT('',#1551);
#1551 = CARTESIAN_POINT('',(172.024999,-103.2,0.));
#1552 = CIRCLE('',#1553,0.2);
#1553 = AXIS2_PLACEMENT_3D('',#1554,#1555,#1556);
#1554 = CARTESIAN_POINT('',(172.024999,-103.,0.));
#1555 = DIRECTION('',(-0.,0.,-1.));
#1556 = DIRECTION('',(1.42108547152E-13,-1.,-0.));
#1557 = FACE_BOUND('',#1558,.F.);
#1558 = EDGE_LOOP('',(#1559));
#1559 = ORIENTED_EDGE('',*,*,#1560,.T.);
#1560 = EDGE_CURVE('',#1561,#1561,#1563,.T.);
#1561 = VERTEX_POINT('',#1562);
#1562 = CARTESIAN_POINT('',(172.024999,-96.2,0.));
#1563 = CIRCLE('',#1564,0.2);
#1564 = AXIS2_PLACEMENT_3D('',#1565,#1566,#1567);
#1565 = CARTESIAN_POINT('',(172.024999,-96.,0.));
#1566 = DIRECTION('',(-0.,0.,-1.));
#1567 = DIRECTION('',(1.42108547152E-13,-1.,-0.));
#1568 = FACE_BOUND('',#1569,.F.);
#1569 = EDGE_LOOP('',(#1570));
#1570 = ORIENTED_EDGE('',*,*,#1571,.T.);
#1571 = EDGE_CURVE('',#1572,#1572,#1574,.T.);
#1572 = VERTEX_POINT('',#1573);
#1573 = CARTESIAN_POINT('',(176.36,-93.55,0.));
#1574 = CIRCLE('',#1575,0.25);
#1575 = AXIS2_PLACEMENT_3D('',#1576,#1577,#1578);
#1576 = CARTESIAN_POINT('',(176.36,-93.3,0.));
#1577 = DIRECTION('',(-0.,0.,-1.));
#1578 = DIRECTION('',(-0.,-1.,0.));
#1579 = FACE_BOUND('',#1580,.F.);
#1580 = EDGE_LOOP('',(#1581));
#1581 = ORIENTED_EDGE('',*,*,#1582,.T.);
#1582 = EDGE_CURVE('',#1583,#1583,#1585,.T.);
#1583 = VERTEX_POINT('',#1584);
#1584 = CARTESIAN_POINT('',(177.64,-93.55,0.));
#1585 = CIRCLE('',#1586,0.25);
#1586 = AXIS2_PLACEMENT_3D('',#1587,#1588,#1589);
#1587 = CARTESIAN_POINT('',(177.64,-93.3,0.));
#1588 = DIRECTION('',(-0.,0.,-1.));
#1589 = DIRECTION('',(-0.,-1.,0.));
#1590 = FACE_BOUND('',#1591,.F.);
#1591 = EDGE_LOOP('',(#1592));
#1592 = ORIENTED_EDGE('',*,*,#1593,.T.);
#1593 = EDGE_CURVE('',#1594,#1594,#1596,.T.);
#1594 = VERTEX_POINT('',#1595);
#1595 = CARTESIAN_POINT('',(178.9,-93.55,0.));
#1596 = CIRCLE('',#1597,0.25);
#1597 = AXIS2_PLACEMENT_3D('',#1598,#1599,#1600);
#1598 = CARTESIAN_POINT('',(178.9,-93.3,0.));
#1599 = DIRECTION('',(-0.,0.,-1.));
#1600 = DIRECTION('',(-0.,-1.,0.));
#1601 = FACE_BOUND('',#1602,.F.);
#1602 = EDGE_LOOP('',(#1603));
#1603 = ORIENTED_EDGE('',*,*,#1604,.T.);
#1604 = EDGE_CURVE('',#1605,#1605,#1607,.T.);
#1605 = VERTEX_POINT('',#1606);
#1606 = CARTESIAN_POINT('',(156.35,-88.2,0.));
#1607 = CIRCLE('',#1608,0.2);
#1608 = AXIS2_PLACEMENT_3D('',#1609,#1610,#1611);
#1609 = CARTESIAN_POINT('',(156.35,-88.,0.));
#1610 = DIRECTION('',(-0.,0.,-1.));
#1611 = DIRECTION('',(-1.42108547152E-13,-1.,0.));
#1612 = FACE_BOUND('',#1613,.F.);
#1613 = EDGE_LOOP('',(#1614));
#1614 = ORIENTED_EDGE('',*,*,#1615,.T.);
#1615 = EDGE_CURVE('',#1616,#1616,#1618,.T.);
#1616 = VERTEX_POINT('',#1617);
#1617 = CARTESIAN_POINT('',(162.65,-85.25,0.));
#1618 = CIRCLE('',#1619,0.25);
#1619 = AXIS2_PLACEMENT_3D('',#1620,#1621,#1622);
#1620 = CARTESIAN_POINT('',(162.65,-85.,0.));
#1621 = DIRECTION('',(-0.,0.,-1.));
#1622 = DIRECTION('',(-0.,-1.,0.));
#1623 = FACE_BOUND('',#1624,.F.);
#1624 = EDGE_LOOP('',(#1625));
#1625 = ORIENTED_EDGE('',*,*,#1626,.T.);
#1626 = EDGE_CURVE('',#1627,#1627,#1629,.T.);
#1627 = VERTEX_POINT('',#1628);
#1628 = CARTESIAN_POINT('',(175.6,-90.000011,0.));
#1629 = CIRCLE('',#1630,0.750011);
#1630 = AXIS2_PLACEMENT_3D('',#1631,#1632,#1633);
#1631 = CARTESIAN_POINT('',(175.6,-89.25,0.));
#1632 = DIRECTION('',(-0.,0.,-1.));
#1633 = DIRECTION('',(-0.,-1.,0.));
#1634 = FACE_BOUND('',#1635,.F.);
#1635 = EDGE_LOOP('',(#1636));
#1636 = ORIENTED_EDGE('',*,*,#1637,.T.);
#1637 = EDGE_CURVE('',#1638,#1638,#1640,.T.);
#1638 = VERTEX_POINT('',#1639);
#1639 = CARTESIAN_POINT('',(175.6,-87.500011,0.));
#1640 = CIRCLE('',#1641,0.750011);
#1641 = AXIS2_PLACEMENT_3D('',#1642,#1643,#1644);
#1642 = CARTESIAN_POINT('',(175.6,-86.75,0.));
#1643 = DIRECTION('',(-0.,0.,-1.));
#1644 = DIRECTION('',(-0.,-1.,0.));
#1645 = FACE_BOUND('',#1646,.F.);
#1646 = EDGE_LOOP('',(#1647));
#1647 = ORIENTED_EDGE('',*,*,#1648,.T.);
#1648 = EDGE_CURVE('',#1649,#1649,#1651,.T.);
#1649 = VERTEX_POINT('',#1650);
#1650 = CARTESIAN_POINT('',(157.574065,-81.836931,0.));
#1651 = CIRCLE('',#1652,0.2);
#1652 = AXIS2_PLACEMENT_3D('',#1653,#1654,#1655);
#1653 = CARTESIAN_POINT('',(157.574065,-81.636931,0.));
#1654 = DIRECTION('',(-0.,0.,-1.));
#1655 = DIRECTION('',(-1.42108547152E-13,-1.,0.));
#1656 = FACE_BOUND('',#1657,.F.);
#1657 = EDGE_LOOP('',(#1658));
#1658 = ORIENTED_EDGE('',*,*,#1659,.T.);
#1659 = EDGE_CURVE('',#1660,#1660,#1662,.T.);
#1660 = VERTEX_POINT('',#1661);
#1661 = CARTESIAN_POINT('',(157.362646,-80.133219,0.));
#1662 = CIRCLE('',#1663,0.2);
#1663 = AXIS2_PLACEMENT_3D('',#1664,#1665,#1666);
#1664 = CARTESIAN_POINT('',(157.362646,-79.933219,0.));
#1665 = DIRECTION('',(-0.,0.,-1.));
#1666 = DIRECTION('',(1.42108547152E-13,-1.,-0.));
#1667 = FACE_BOUND('',#1668,.F.);
#1668 = EDGE_LOOP('',(#1669));
#1669 = ORIENTED_EDGE('',*,*,#1670,.T.);
#1670 = EDGE_CURVE('',#1671,#1671,#1673,.T.);
#1671 = VERTEX_POINT('',#1672);
#1672 = CARTESIAN_POINT('',(155.2298,-78.8685,0.));
#1673 = CIRCLE('',#1674,0.2);
#1674 = AXIS2_PLACEMENT_3D('',#1675,#1676,#1677);
#1675 = CARTESIAN_POINT('',(155.2298,-78.6685,0.));
#1676 = DIRECTION('',(-0.,0.,-1.));
#1677 = DIRECTION('',(-0.,-1.,0.));
#1678 = FACE_BOUND('',#1679,.F.);
#1679 = EDGE_LOOP('',(#1680));
#1680 = ORIENTED_EDGE('',*,*,#1681,.T.);
#1681 = EDGE_CURVE('',#1682,#1682,#1684,.T.);
#1682 = VERTEX_POINT('',#1683);
#1683 = CARTESIAN_POINT('',(165.412255,-80.332033,0.));
#1684 = CIRCLE('',#1685,0.2);
#1685 = AXIS2_PLACEMENT_3D('',#1686,#1687,#1688);
#1686 = CARTESIAN_POINT('',(165.412255,-80.132033,0.));
#1687 = DIRECTION('',(-0.,0.,-1.));
#1688 = DIRECTION('',(-1.42108547152E-13,-1.,0.));
#1689 = FACE_BOUND('',#1690,.F.);
#1690 = EDGE_LOOP('',(#1691));
#1691 = ORIENTED_EDGE('',*,*,#1692,.T.);
#1692 = EDGE_CURVE('',#1693,#1693,#1695,.T.);
#1693 = VERTEX_POINT('',#1694);
#1694 = CARTESIAN_POINT('',(179.1,-90.000011,0.));
#1695 = CIRCLE('',#1696,0.750011);
#1696 = AXIS2_PLACEMENT_3D('',#1697,#1698,#1699);
#1697 = CARTESIAN_POINT('',(179.1,-89.25,0.));
#1698 = DIRECTION('',(-0.,0.,-1.));
#1699 = DIRECTION('',(-0.,-1.,0.));
#1700 = FACE_BOUND('',#1701,.F.);
#1701 = EDGE_LOOP('',(#1702));
#1702 = ORIENTED_EDGE('',*,*,#1703,.T.);
#1703 = EDGE_CURVE('',#1704,#1704,#1706,.T.);
#1704 = VERTEX_POINT('',#1705);
#1705 = CARTESIAN_POINT('',(182.,-89.25,0.));
#1706 = CIRCLE('',#1707,1.25);
#1707 = AXIS2_PLACEMENT_3D('',#1708,#1709,#1710);
#1708 = CARTESIAN_POINT('',(182.,-88.,0.));
#1709 = DIRECTION('',(-0.,0.,-1.));
#1710 = DIRECTION('',(-0.,-1.,0.));
#1711 = FACE_BOUND('',#1712,.F.);
#1712 = EDGE_LOOP('',(#1713));
#1713 = ORIENTED_EDGE('',*,*,#1714,.T.);
#1714 = EDGE_CURVE('',#1715,#1715,#1717,.T.);
#1715 = VERTEX_POINT('',#1716);
#1716 = CARTESIAN_POINT('',(184.9,-90.000011,0.));
#1717 = CIRCLE('',#1718,0.750011);
#1718 = AXIS2_PLACEMENT_3D('',#1719,#1720,#1721);
#1719 = CARTESIAN_POINT('',(184.9,-89.25,0.));
#1720 = DIRECTION('',(-0.,0.,-1.));
#1721 = DIRECTION('',(-0.,-1.,0.));
#1722 = FACE_BOUND('',#1723,.F.);
#1723 = EDGE_LOOP('',(#1724));
#1724 = ORIENTED_EDGE('',*,*,#1725,.T.);
#1725 = EDGE_CURVE('',#1726,#1726,#1728,.T.);
#1726 = VERTEX_POINT('',#1727);
#1727 = CARTESIAN_POINT('',(179.1,-87.630011,0.));
#1728 = CIRCLE('',#1729,0.750011);
#1729 = AXIS2_PLACEMENT_3D('',#1730,#1731,#1732);
#1730 = CARTESIAN_POINT('',(179.1,-86.88,0.));
#1731 = DIRECTION('',(-0.,0.,-1.));
#1732 = DIRECTION('',(-0.,-1.,0.));
#1733 = FACE_BOUND('',#1734,.F.);
#1734 = EDGE_LOOP('',(#1735));
#1735 = ORIENTED_EDGE('',*,*,#1736,.T.);
#1736 = EDGE_CURVE('',#1737,#1737,#1739,.T.);
#1737 = VERTEX_POINT('',#1738);
#1738 = CARTESIAN_POINT('',(184.9,-87.500011,0.));
#1739 = CIRCLE('',#1740,0.750011);
#1740 = AXIS2_PLACEMENT_3D('',#1741,#1742,#1743);
#1741 = CARTESIAN_POINT('',(184.9,-86.75,0.));
#1742 = DIRECTION('',(-0.,0.,-1.));
#1743 = DIRECTION('',(-0.,-1.,0.));
#1744 = FACE_BOUND('',#1745,.F.);
#1745 = EDGE_LOOP('',(#1746));
#1746 = ORIENTED_EDGE('',*,*,#1747,.T.);
#1747 = EDGE_CURVE('',#1748,#1748,#1750,.T.);
#1748 = VERTEX_POINT('',#1749);
#1749 = CARTESIAN_POINT('',(188.4,-90.000011,0.));
#1750 = CIRCLE('',#1751,0.750011);
#1751 = AXIS2_PLACEMENT_3D('',#1752,#1753,#1754);
#1752 = CARTESIAN_POINT('',(188.4,-89.25,0.));
#1753 = DIRECTION('',(-0.,0.,-1.));
#1754 = DIRECTION('',(-0.,-1.,0.));
#1755 = FACE_BOUND('',#1756,.F.);
#1756 = EDGE_LOOP('',(#1757));
#1757 = ORIENTED_EDGE('',*,*,#1758,.T.);
#1758 = EDGE_CURVE('',#1759,#1759,#1761,.T.);
#1759 = VERTEX_POINT('',#1760);
#1760 = CARTESIAN_POINT('',(188.4,-87.500011,0.));
#1761 = CIRCLE('',#1762,0.750011);
#1762 = AXIS2_PLACEMENT_3D('',#1763,#1764,#1765);
#1763 = CARTESIAN_POINT('',(188.4,-86.75,0.));
#1764 = DIRECTION('',(-0.,0.,-1.));
#1765 = DIRECTION('',(-0.,-1.,0.));
#1766 = FACE_BOUND('',#1767,.F.);
#1767 = EDGE_LOOP('',(#1768));
#1768 = ORIENTED_EDGE('',*,*,#1769,.T.);
#1769 = EDGE_CURVE('',#1770,#1770,#1772,.T.);
#1770 = VERTEX_POINT('',#1771);
#1771 = CARTESIAN_POINT('',(177.85,-82.2,0.));
#1772 = CIRCLE('',#1773,0.2);
#1773 = AXIS2_PLACEMENT_3D('',#1774,#1775,#1776);
#1774 = CARTESIAN_POINT('',(177.85,-82.,0.));
#1775 = DIRECTION('',(-0.,0.,-1.));
#1776 = DIRECTION('',(-1.42108547152E-13,-1.,0.));
#1777 = FACE_BOUND('',#1778,.F.);
#1778 = EDGE_LOOP('',(#1779));
#1779 = ORIENTED_EDGE('',*,*,#1780,.T.);
#1780 = EDGE_CURVE('',#1781,#1781,#1783,.T.);
#1781 = VERTEX_POINT('',#1782);
#1782 = CARTESIAN_POINT('',(184.15,-79.25,0.));
#1783 = CIRCLE('',#1784,0.25);
#1784 = AXIS2_PLACEMENT_3D('',#1785,#1786,#1787);
#1785 = CARTESIAN_POINT('',(184.15,-79.,0.));
#1786 = DIRECTION('',(-0.,0.,-1.));
#1787 = DIRECTION('',(-0.,-1.,0.));
#1788 = FACE_BOUND('',#1789,.F.);
#1789 = EDGE_LOOP('',(#1790));
#1790 = ORIENTED_EDGE('',*,*,#1791,.T.);
#1791 = EDGE_CURVE('',#1792,#1792,#1794,.T.);
#1792 = VERTEX_POINT('',#1793);
#1793 = CARTESIAN_POINT('',(27.975,-75.2,0.));
#1794 = CIRCLE('',#1795,0.2);
#1795 = AXIS2_PLACEMENT_3D('',#1796,#1797,#1798);
#1796 = CARTESIAN_POINT('',(27.975,-75.,0.));
#1797 = DIRECTION('',(-0.,0.,-1.));
#1798 = DIRECTION('',(-0.,-1.,0.));
#1799 = FACE_BOUND('',#1800,.F.);
#1800 = EDGE_LOOP('',(#1801));
#1801 = ORIENTED_EDGE('',*,*,#1802,.T.);
#1802 = EDGE_CURVE('',#1803,#1803,#1805,.T.);
#1803 = VERTEX_POINT('',#1804);
#1804 = CARTESIAN_POINT('',(40.025,-75.2,0.));
#1805 = CIRCLE('',#1806,0.2);
#1806 = AXIS2_PLACEMENT_3D('',#1807,#1808,#1809);
#1807 = CARTESIAN_POINT('',(40.025,-75.,0.));
#1808 = DIRECTION('',(-0.,0.,-1.));
#1809 = DIRECTION('',(-3.5527136788E-14,-1.,0.));
#1810 = FACE_BOUND('',#1811,.F.);
#1811 = EDGE_LOOP('',(#1812));
#1812 = ORIENTED_EDGE('',*,*,#1813,.T.);
#1813 = EDGE_CURVE('',#1814,#1814,#1816,.T.);
#1814 = VERTEX_POINT('',#1815);
#1815 = CARTESIAN_POINT('',(29.05,-66.2,0.));
#1816 = CIRCLE('',#1817,0.2);
#1817 = AXIS2_PLACEMENT_3D('',#1818,#1819,#1820);
#1818 = CARTESIAN_POINT('',(29.05,-66.,0.));
#1819 = DIRECTION('',(-0.,0.,-1.));
#1820 = DIRECTION('',(-0.,-1.,0.));
#1821 = FACE_BOUND('',#1822,.F.);
#1822 = EDGE_LOOP('',(#1823));
#1823 = ORIENTED_EDGE('',*,*,#1824,.T.);
#1824 = EDGE_CURVE('',#1825,#1825,#1827,.T.);
#1825 = VERTEX_POINT('',#1826);
#1826 = CARTESIAN_POINT('',(41.815952,-70.146916,0.));
#1827 = CIRCLE('',#1828,0.2);
#1828 = AXIS2_PLACEMENT_3D('',#1829,#1830,#1831);
#1829 = CARTESIAN_POINT('',(41.815952,-69.946916,0.));
#1830 = DIRECTION('',(-0.,0.,-1.));
#1831 = DIRECTION('',(3.5527136788E-14,-1.,-0.));
#1832 = FACE_BOUND('',#1833,.F.);
#1833 = EDGE_LOOP('',(#1834));
#1834 = ORIENTED_EDGE('',*,*,#1835,.T.);
#1835 = EDGE_CURVE('',#1836,#1836,#1838,.T.);
#1836 = VERTEX_POINT('',#1837);
#1837 = CARTESIAN_POINT('',(51.219609,-75.395871,0.));
#1838 = CIRCLE('',#1839,0.2);
#1839 = AXIS2_PLACEMENT_3D('',#1840,#1841,#1842);
#1840 = CARTESIAN_POINT('',(51.219609,-75.195871,0.));
#1841 = DIRECTION('',(-0.,0.,-1.));
#1842 = DIRECTION('',(-3.552713678801E-14,-1.,0.));
#1843 = FACE_BOUND('',#1844,.F.);
#1844 = EDGE_LOOP('',(#1845));
#1845 = ORIENTED_EDGE('',*,*,#1846,.T.);
#1846 = EDGE_CURVE('',#1847,#1847,#1849,.T.);
#1847 = VERTEX_POINT('',#1848);
#1848 = CARTESIAN_POINT('',(61.5,-75.3,0.));
#1849 = CIRCLE('',#1850,0.3);
#1850 = AXIS2_PLACEMENT_3D('',#1851,#1852,#1853);
#1851 = CARTESIAN_POINT('',(61.5,-75.,0.));
#1852 = DIRECTION('',(-0.,0.,-1.));
#1853 = DIRECTION('',(-0.,-1.,0.));
#1854 = FACE_BOUND('',#1855,.F.);
#1855 = EDGE_LOOP('',(#1856));
#1856 = ORIENTED_EDGE('',*,*,#1857,.T.);
#1857 = EDGE_CURVE('',#1858,#1858,#1860,.T.);
#1858 = VERTEX_POINT('',#1859);
#1859 = CARTESIAN_POINT('',(59.,-74.2,0.));
#1860 = CIRCLE('',#1861,0.2);
#1861 = AXIS2_PLACEMENT_3D('',#1862,#1863,#1864);
#1862 = CARTESIAN_POINT('',(59.,-74.,0.));
#1863 = DIRECTION('',(-0.,0.,-1.));
#1864 = DIRECTION('',(-0.,-1.,0.));
#1865 = FACE_BOUND('',#1866,.F.);
#1866 = EDGE_LOOP('',(#1867));
#1867 = ORIENTED_EDGE('',*,*,#1868,.T.);
#1868 = EDGE_CURVE('',#1869,#1869,#1871,.T.);
#1869 = VERTEX_POINT('',#1870);
#1870 = CARTESIAN_POINT('',(45.225,-65.2,0.));
#1871 = CIRCLE('',#1872,0.2);
#1872 = AXIS2_PLACEMENT_3D('',#1873,#1874,#1875);
#1873 = CARTESIAN_POINT('',(45.225,-65.,0.));
#1874 = DIRECTION('',(-0.,0.,-1.));
#1875 = DIRECTION('',(3.5527136788E-14,-1.,-0.));
#1876 = FACE_BOUND('',#1877,.F.);
#1877 = EDGE_LOOP('',(#1878));
#1878 = ORIENTED_EDGE('',*,*,#1879,.T.);
#1879 = EDGE_CURVE('',#1880,#1880,#1882,.T.);
#1880 = VERTEX_POINT('',#1881);
#1881 = CARTESIAN_POINT('',(51.,-65.3,0.));
#1882 = CIRCLE('',#1883,0.3);
#1883 = AXIS2_PLACEMENT_3D('',#1884,#1885,#1886);
#1884 = CARTESIAN_POINT('',(51.,-65.,0.));
#1885 = DIRECTION('',(-0.,0.,-1.));
#1886 = DIRECTION('',(-0.,-1.,0.));
#1887 = FACE_BOUND('',#1888,.F.);
#1888 = EDGE_LOOP('',(#1889));
#1889 = ORIENTED_EDGE('',*,*,#1890,.T.);
#1890 = EDGE_CURVE('',#1891,#1891,#1893,.T.);
#1891 = VERTEX_POINT('',#1892);
#1892 = CARTESIAN_POINT('',(63.327441,-69.967972,0.));
#1893 = CIRCLE('',#1894,0.2);
#1894 = AXIS2_PLACEMENT_3D('',#1895,#1896,#1897);
#1895 = CARTESIAN_POINT('',(63.327441,-69.767972,0.));
#1896 = DIRECTION('',(-0.,0.,-1.));
#1897 = DIRECTION('',(-0.,-1.,0.));
#1898 = FACE_BOUND('',#1899,.F.);
#1899 = EDGE_LOOP('',(#1900));
#1900 = ORIENTED_EDGE('',*,*,#1901,.T.);
#1901 = EDGE_CURVE('',#1902,#1902,#1904,.T.);
#1902 = VERTEX_POINT('',#1903);
#1903 = CARTESIAN_POINT('',(29.,-59.2,0.));
#1904 = CIRCLE('',#1905,0.2);
#1905 = AXIS2_PLACEMENT_3D('',#1906,#1907,#1908);
#1906 = CARTESIAN_POINT('',(29.,-59.,0.));
#1907 = DIRECTION('',(-0.,0.,-1.));
#1908 = DIRECTION('',(-0.,-1.,0.));
#1909 = FACE_BOUND('',#1910,.F.);
#1910 = EDGE_LOOP('',(#1911));
#1911 = ORIENTED_EDGE('',*,*,#1912,.T.);
#1912 = EDGE_CURVE('',#1913,#1913,#1915,.T.);
#1913 = VERTEX_POINT('',#1914);
#1914 = CARTESIAN_POINT('',(38.518428,-62.97985,0.));
#1915 = CIRCLE('',#1916,0.2);
#1916 = AXIS2_PLACEMENT_3D('',#1917,#1918,#1919);
#1917 = CARTESIAN_POINT('',(38.518428,-62.77985,0.));
#1918 = DIRECTION('',(-0.,0.,-1.));
#1919 = DIRECTION('',(-0.,-1.,0.));
#1920 = FACE_BOUND('',#1921,.F.);
#1921 = EDGE_LOOP('',(#1922));
#1922 = ORIENTED_EDGE('',*,*,#1923,.T.);
#1923 = EDGE_CURVE('',#1924,#1924,#1926,.T.);
#1924 = VERTEX_POINT('',#1925);
#1925 = CARTESIAN_POINT('',(39.382865,-62.092195,0.));
#1926 = CIRCLE('',#1927,0.2);
#1927 = AXIS2_PLACEMENT_3D('',#1928,#1929,#1930);
#1928 = CARTESIAN_POINT('',(39.382865,-61.892195,0.));
#1929 = DIRECTION('',(-0.,0.,-1.));
#1930 = DIRECTION('',(3.5527136788E-14,-1.,-0.));
#1931 = FACE_BOUND('',#1932,.F.);
#1932 = EDGE_LOOP('',(#1933));
#1933 = ORIENTED_EDGE('',*,*,#1934,.T.);
#1934 = EDGE_CURVE('',#1935,#1935,#1937,.T.);
#1935 = VERTEX_POINT('',#1936);
#1936 = CARTESIAN_POINT('',(40.636205,-62.093579,0.));
#1937 = CIRCLE('',#1938,0.2);
#1938 = AXIS2_PLACEMENT_3D('',#1939,#1940,#1941);
#1939 = CARTESIAN_POINT('',(40.636205,-61.893579,0.));
#1940 = DIRECTION('',(-0.,0.,-1.));
#1941 = DIRECTION('',(-3.552713678801E-14,-1.,0.));
#1942 = FACE_BOUND('',#1943,.F.);
#1943 = EDGE_LOOP('',(#1944));
#1944 = ORIENTED_EDGE('',*,*,#1945,.T.);
#1945 = EDGE_CURVE('',#1946,#1946,#1948,.T.);
#1946 = VERTEX_POINT('',#1947);
#1947 = CARTESIAN_POINT('',(35.6,-57.000011,0.));
#1948 = CIRCLE('',#1949,0.750011);
#1949 = AXIS2_PLACEMENT_3D('',#1950,#1951,#1952);
#1950 = CARTESIAN_POINT('',(35.6,-56.25,0.));
#1951 = DIRECTION('',(-0.,0.,-1.));
#1952 = DIRECTION('',(-0.,-1.,0.));
#1953 = FACE_BOUND('',#1954,.F.);
#1954 = EDGE_LOOP('',(#1955));
#1955 = ORIENTED_EDGE('',*,*,#1956,.T.);
#1956 = EDGE_CURVE('',#1957,#1957,#1959,.T.);
#1957 = VERTEX_POINT('',#1958);
#1958 = CARTESIAN_POINT('',(35.6,-54.500011,0.));
#1959 = CIRCLE('',#1960,0.750011);
#1960 = AXIS2_PLACEMENT_3D('',#1961,#1962,#1963);
#1961 = CARTESIAN_POINT('',(35.6,-53.75,0.));
#1962 = DIRECTION('',(-0.,0.,-1.));
#1963 = DIRECTION('',(-0.,-1.,0.));
#1964 = FACE_BOUND('',#1965,.F.);
#1965 = EDGE_LOOP('',(#1966));
#1966 = ORIENTED_EDGE('',*,*,#1967,.T.);
#1967 = EDGE_CURVE('',#1968,#1968,#1970,.T.);
#1968 = VERTEX_POINT('',#1969);
#1969 = CARTESIAN_POINT('',(39.1,-57.000011,0.));
#1970 = CIRCLE('',#1971,0.750011);
#1971 = AXIS2_PLACEMENT_3D('',#1972,#1973,#1974);
#1972 = CARTESIAN_POINT('',(39.1,-56.25,0.));
#1973 = DIRECTION('',(-0.,0.,-1.));
#1974 = DIRECTION('',(-0.,-1.,0.));
#1975 = FACE_BOUND('',#1976,.F.);
#1976 = EDGE_LOOP('',(#1977));
#1977 = ORIENTED_EDGE('',*,*,#1978,.T.);
#1978 = EDGE_CURVE('',#1979,#1979,#1981,.T.);
#1979 = VERTEX_POINT('',#1980);
#1980 = CARTESIAN_POINT('',(39.1,-54.630011,0.));
#1981 = CIRCLE('',#1982,0.750011);
#1982 = AXIS2_PLACEMENT_3D('',#1983,#1984,#1985);
#1983 = CARTESIAN_POINT('',(39.1,-53.88,0.));
#1984 = DIRECTION('',(-0.,0.,-1.));
#1985 = DIRECTION('',(-0.,-1.,0.));
#1986 = FACE_BOUND('',#1987,.F.);
#1987 = EDGE_LOOP('',(#1988));
#1988 = ORIENTED_EDGE('',*,*,#1989,.T.);
#1989 = EDGE_CURVE('',#1990,#1990,#1992,.T.);
#1990 = VERTEX_POINT('',#1991);
#1991 = CARTESIAN_POINT('',(42.,-56.25,0.));
#1992 = CIRCLE('',#1993,1.25);
#1993 = AXIS2_PLACEMENT_3D('',#1994,#1995,#1996);
#1994 = CARTESIAN_POINT('',(42.,-55.,0.));
#1995 = DIRECTION('',(-0.,0.,-1.));
#1996 = DIRECTION('',(-0.,-1.,0.));
#1997 = FACE_BOUND('',#1998,.F.);
#1998 = EDGE_LOOP('',(#1999));
#1999 = ORIENTED_EDGE('',*,*,#2000,.T.);
#2000 = EDGE_CURVE('',#2001,#2001,#2003,.T.);
#2001 = VERTEX_POINT('',#2002);
#2002 = CARTESIAN_POINT('',(61.984114,-59.887091,0.));
#2003 = CIRCLE('',#2004,0.2);
#2004 = AXIS2_PLACEMENT_3D('',#2005,#2006,#2007);
#2005 = CARTESIAN_POINT('',(61.984114,-59.687091,0.));
#2006 = DIRECTION('',(-0.,0.,-1.));
#2007 = DIRECTION('',(-3.552713678801E-14,-1.,0.));
#2008 = FACE_BOUND('',#2009,.F.);
#2009 = EDGE_LOOP('',(#2010));
#2010 = ORIENTED_EDGE('',*,*,#2011,.T.);
#2011 = EDGE_CURVE('',#2012,#2012,#2014,.T.);
#2012 = VERTEX_POINT('',#2013);
#2013 = CARTESIAN_POINT('',(64.,-57.8,0.));
#2014 = CIRCLE('',#2015,0.3);
#2015 = AXIS2_PLACEMENT_3D('',#2016,#2017,#2018);
#2016 = CARTESIAN_POINT('',(64.,-57.5,0.));
#2017 = DIRECTION('',(-0.,0.,-1.));
#2018 = DIRECTION('',(-0.,-1.,0.));
#2019 = FACE_BOUND('',#2020,.F.);
#2020 = EDGE_LOOP('',(#2021));
#2021 = ORIENTED_EDGE('',*,*,#2022,.T.);
#2022 = EDGE_CURVE('',#2023,#2023,#2025,.T.);
#2023 = VERTEX_POINT('',#2024);
#2024 = CARTESIAN_POINT('',(66.,-57.8,0.));
#2025 = CIRCLE('',#2026,0.3);
#2026 = AXIS2_PLACEMENT_3D('',#2027,#2028,#2029);
#2027 = CARTESIAN_POINT('',(66.,-57.5,0.));
#2028 = DIRECTION('',(-0.,0.,-1.));
#2029 = DIRECTION('',(-0.,-1.,0.));
#2030 = FACE_BOUND('',#2031,.F.);
#2031 = EDGE_LOOP('',(#2032));
#2032 = ORIENTED_EDGE('',*,*,#2033,.T.);
#2033 = EDGE_CURVE('',#2034,#2034,#2036,.T.);
#2034 = VERTEX_POINT('',#2035);
#2035 = CARTESIAN_POINT('',(44.9,-57.000011,0.));
#2036 = CIRCLE('',#2037,0.750011);
#2037 = AXIS2_PLACEMENT_3D('',#2038,#2039,#2040);
#2038 = CARTESIAN_POINT('',(44.9,-56.25,0.));
#2039 = DIRECTION('',(-0.,0.,-1.));
#2040 = DIRECTION('',(-0.,-1.,0.));
#2041 = FACE_BOUND('',#2042,.F.);
#2042 = EDGE_LOOP('',(#2043));
#2043 = ORIENTED_EDGE('',*,*,#2044,.T.);
#2044 = EDGE_CURVE('',#2045,#2045,#2047,.T.);
#2045 = VERTEX_POINT('',#2046);
#2046 = CARTESIAN_POINT('',(48.4,-57.000011,0.));
#2047 = CIRCLE('',#2048,0.750011);
#2048 = AXIS2_PLACEMENT_3D('',#2049,#2050,#2051);
#2049 = CARTESIAN_POINT('',(48.4,-56.25,0.));
#2050 = DIRECTION('',(-0.,0.,-1.));
#2051 = DIRECTION('',(-0.,-1.,0.));
#2052 = FACE_BOUND('',#2053,.F.);
#2053 = EDGE_LOOP('',(#2054));
#2054 = ORIENTED_EDGE('',*,*,#2055,.T.);
#2055 = EDGE_CURVE('',#2056,#2056,#2058,.T.);
#2056 = VERTEX_POINT('',#2057);
#2057 = CARTESIAN_POINT('',(44.9,-54.500011,0.));
#2058 = CIRCLE('',#2059,0.750011);
#2059 = AXIS2_PLACEMENT_3D('',#2060,#2061,#2062);
#2060 = CARTESIAN_POINT('',(44.9,-53.75,0.));
#2061 = DIRECTION('',(-0.,0.,-1.));
#2062 = DIRECTION('',(-0.,-1.,0.));
#2063 = FACE_BOUND('',#2064,.F.);
#2064 = EDGE_LOOP('',(#2065));
#2065 = ORIENTED_EDGE('',*,*,#2066,.T.);
#2066 = EDGE_CURVE('',#2067,#2067,#2069,.T.);
#2067 = VERTEX_POINT('',#2068);
#2068 = CARTESIAN_POINT('',(48.4,-54.500011,0.));
#2069 = CIRCLE('',#2070,0.750011);
#2070 = AXIS2_PLACEMENT_3D('',#2071,#2072,#2073);
#2071 = CARTESIAN_POINT('',(48.4,-53.75,0.));
#2072 = DIRECTION('',(-0.,0.,-1.));
#2073 = DIRECTION('',(-0.,-1.,0.));
#2074 = FACE_BOUND('',#2075,.F.);
#2075 = EDGE_LOOP('',(#2076));
#2076 = ORIENTED_EDGE('',*,*,#2077,.T.);
#2077 = EDGE_CURVE('',#2078,#2078,#2080,.T.);
#2078 = VERTEX_POINT('',#2079);
#2079 = CARTESIAN_POINT('',(64.,-55.3,0.));
#2080 = CIRCLE('',#2081,0.3);
#2081 = AXIS2_PLACEMENT_3D('',#2082,#2083,#2084);
#2082 = CARTESIAN_POINT('',(64.,-55.,0.));
#2083 = DIRECTION('',(-0.,0.,-1.));
#2084 = DIRECTION('',(-0.,-1.,0.));
#2085 = FACE_BOUND('',#2086,.F.);
#2086 = EDGE_LOOP('',(#2087));
#2087 = ORIENTED_EDGE('',*,*,#2088,.T.);
#2088 = EDGE_CURVE('',#2089,#2089,#2091,.T.);
#2089 = VERTEX_POINT('',#2090);
#2090 = CARTESIAN_POINT('',(66.,-55.3,0.));
#2091 = CIRCLE('',#2092,0.3);
#2092 = AXIS2_PLACEMENT_3D('',#2093,#2094,#2095);
#2093 = CARTESIAN_POINT('',(66.,-55.,0.));
#2094 = DIRECTION('',(-0.,0.,-1.));
#2095 = DIRECTION('',(-0.,-1.,0.));
#2096 = FACE_BOUND('',#2097,.F.);
#2097 = EDGE_LOOP('',(#2098));
#2098 = ORIENTED_EDGE('',*,*,#2099,.T.);
#2099 = EDGE_CURVE('',#2100,#2100,#2102,.T.);
#2100 = VERTEX_POINT('',#2101);
#2101 = CARTESIAN_POINT('',(56.445531,-51.187745,0.));
#2102 = CIRCLE('',#2103,0.2);
#2103 = AXIS2_PLACEMENT_3D('',#2104,#2105,#2106);
#2104 = CARTESIAN_POINT('',(56.445531,-50.987745,0.));
#2105 = DIRECTION('',(-0.,0.,-1.));
#2106 = DIRECTION('',(-0.,-1.,0.));
#2107 = FACE_BOUND('',#2108,.F.);
#2108 = EDGE_LOOP('',(#2109));
#2109 = ORIENTED_EDGE('',*,*,#2110,.T.);
#2110 = EDGE_CURVE('',#2111,#2111,#2113,.T.);
#2111 = VERTEX_POINT('',#2112);
#2112 = CARTESIAN_POINT('',(58.109633,-51.026408,0.));
#2113 = CIRCLE('',#2114,0.2);
#2114 = AXIS2_PLACEMENT_3D('',#2115,#2116,#2117);
#2115 = CARTESIAN_POINT('',(58.109633,-50.826408,0.));
#2116 = DIRECTION('',(-0.,0.,-1.));
#2117 = DIRECTION('',(-0.,-1.,0.));
#2118 = FACE_BOUND('',#2119,.F.);
#2119 = EDGE_LOOP('',(#2120));
#2120 = ORIENTED_EDGE('',*,*,#2121,.T.);
#2121 = EDGE_CURVE('',#2122,#2122,#2124,.T.);
#2122 = VERTEX_POINT('',#2123);
#2123 = CARTESIAN_POINT('',(59.87662,-51.025615,0.));
#2124 = CIRCLE('',#2125,0.2);
#2125 = AXIS2_PLACEMENT_3D('',#2126,#2127,#2128);
#2126 = CARTESIAN_POINT('',(59.87662,-50.825615,0.));
#2127 = DIRECTION('',(-0.,0.,-1.));
#2128 = DIRECTION('',(-0.,-1.,0.));
#2129 = FACE_BOUND('',#2130,.F.);
#2130 = EDGE_LOOP('',(#2131));
#2131 = ORIENTED_EDGE('',*,*,#2132,.T.);
#2132 = EDGE_CURVE('',#2133,#2133,#2135,.T.);
#2133 = VERTEX_POINT('',#2134);
#2134 = CARTESIAN_POINT('',(64.,-52.8,0.));
#2135 = CIRCLE('',#2136,0.3);
#2136 = AXIS2_PLACEMENT_3D('',#2137,#2138,#2139);
#2137 = CARTESIAN_POINT('',(64.,-52.5,0.));
#2138 = DIRECTION('',(-0.,0.,-1.));
#2139 = DIRECTION('',(-0.,-1.,0.));
#2140 = FACE_BOUND('',#2141,.F.);
#2141 = EDGE_LOOP('',(#2142));
#2142 = ORIENTED_EDGE('',*,*,#2143,.T.);
#2143 = EDGE_CURVE('',#2144,#2144,#2146,.T.);
#2144 = VERTEX_POINT('',#2145);
#2145 = CARTESIAN_POINT('',(66.,-52.8,0.));
#2146 = CIRCLE('',#2147,0.3);
#2147 = AXIS2_PLACEMENT_3D('',#2148,#2149,#2150);
#2148 = CARTESIAN_POINT('',(66.,-52.5,0.));
#2149 = DIRECTION('',(-0.,0.,-1.));
#2150 = DIRECTION('',(-0.,-1.,0.));
#2151 = FACE_BOUND('',#2152,.F.);
#2152 = EDGE_LOOP('',(#2153));
#2153 = ORIENTED_EDGE('',*,*,#2154,.T.);
#2154 = EDGE_CURVE('',#2155,#2155,#2157,.T.);
#2155 = VERTEX_POINT('',#2156);
#2156 = CARTESIAN_POINT('',(61.542062,-51.186217,0.));
#2157 = CIRCLE('',#2158,0.2);
#2158 = AXIS2_PLACEMENT_3D('',#2159,#2160,#2161);
#2159 = CARTESIAN_POINT('',(61.542062,-50.986217,0.));
#2160 = DIRECTION('',(-0.,0.,-1.));
#2161 = DIRECTION('',(-0.,-1.,0.));
#2162 = FACE_BOUND('',#2163,.F.);
#2163 = EDGE_LOOP('',(#2164));
#2164 = ORIENTED_EDGE('',*,*,#2165,.T.);
#2165 = EDGE_CURVE('',#2166,#2166,#2168,.T.);
#2166 = VERTEX_POINT('',#2167);
#2167 = CARTESIAN_POINT('',(68.058535,-73.919216,0.));
#2168 = CIRCLE('',#2169,0.2);
#2169 = AXIS2_PLACEMENT_3D('',#2170,#2171,#2172);
#2170 = CARTESIAN_POINT('',(68.058535,-73.719216,0.));
#2171 = DIRECTION('',(-0.,0.,-1.));
#2172 = DIRECTION('',(-0.,-1.,0.));
#2173 = FACE_BOUND('',#2174,.F.);
#2174 = EDGE_LOOP('',(#2175));
#2175 = ORIENTED_EDGE('',*,*,#2176,.T.);
#2176 = EDGE_CURVE('',#2177,#2177,#2179,.T.);
#2177 = VERTEX_POINT('',#2178);
#2178 = CARTESIAN_POINT('',(82.25,-72.2,0.));
#2179 = CIRCLE('',#2180,0.2);
#2180 = AXIS2_PLACEMENT_3D('',#2181,#2182,#2183);
#2181 = CARTESIAN_POINT('',(82.25,-72.,0.));
#2182 = DIRECTION('',(-0.,0.,-1.));
#2183 = DIRECTION('',(-0.,-1.,0.));
#2184 = FACE_BOUND('',#2185,.F.);
#2185 = EDGE_LOOP('',(#2186));
#2186 = ORIENTED_EDGE('',*,*,#2187,.T.);
#2187 = EDGE_CURVE('',#2188,#2188,#2190,.T.);
#2188 = VERTEX_POINT('',#2189);
#2189 = CARTESIAN_POINT('',(87.1854,-65.7812,0.));
#2190 = CIRCLE('',#2191,0.2);
#2191 = AXIS2_PLACEMENT_3D('',#2192,#2193,#2194);
#2192 = CARTESIAN_POINT('',(87.1854,-65.5812,0.));
#2193 = DIRECTION('',(-0.,0.,-1.));
#2194 = DIRECTION('',(-0.,-1.,0.));
#2195 = FACE_BOUND('',#2196,.F.);
#2196 = EDGE_LOOP('',(#2197));
#2197 = ORIENTED_EDGE('',*,*,#2198,.T.);
#2198 = EDGE_CURVE('',#2199,#2199,#2201,.T.);
#2199 = VERTEX_POINT('',#2200);
#2200 = CARTESIAN_POINT('',(92.0897,-77.4165,0.));
#2201 = CIRCLE('',#2202,0.2);
#2202 = AXIS2_PLACEMENT_3D('',#2203,#2204,#2205);
#2203 = CARTESIAN_POINT('',(92.0897,-77.2165,0.));
#2204 = DIRECTION('',(-0.,0.,-1.));
#2205 = DIRECTION('',(-0.,-1.,0.));
#2206 = FACE_BOUND('',#2207,.F.);
#2207 = EDGE_LOOP('',(#2208));
#2208 = ORIENTED_EDGE('',*,*,#2209,.T.);
#2209 = EDGE_CURVE('',#2210,#2210,#2212,.T.);
#2210 = VERTEX_POINT('',#2211);
#2211 = CARTESIAN_POINT('',(89.4,-72.2,0.));
#2212 = CIRCLE('',#2213,0.2);
#2213 = AXIS2_PLACEMENT_3D('',#2214,#2215,#2216);
#2214 = CARTESIAN_POINT('',(89.4,-72.,0.));
#2215 = DIRECTION('',(-0.,0.,-1.));
#2216 = DIRECTION('',(-0.,-1.,0.));
#2217 = FACE_BOUND('',#2218,.F.);
#2218 = EDGE_LOOP('',(#2219));
#2219 = ORIENTED_EDGE('',*,*,#2220,.T.);
#2220 = EDGE_CURVE('',#2221,#2221,#2223,.T.);
#2221 = VERTEX_POINT('',#2222);
#2222 = CARTESIAN_POINT('',(93.432,-71.317,0.));
#2223 = CIRCLE('',#2224,0.2);
#2224 = AXIS2_PLACEMENT_3D('',#2225,#2226,#2227);
#2225 = CARTESIAN_POINT('',(93.432,-71.117,0.));
#2226 = DIRECTION('',(-0.,0.,-1.));
#2227 = DIRECTION('',(-0.,-1.,0.));
#2228 = FACE_BOUND('',#2229,.F.);
#2229 = EDGE_LOOP('',(#2230));
#2230 = ORIENTED_EDGE('',*,*,#2231,.T.);
#2231 = EDGE_CURVE('',#2232,#2232,#2234,.T.);
#2232 = VERTEX_POINT('',#2233);
#2233 = CARTESIAN_POINT('',(102.025,-76.7,0.));
#2234 = CIRCLE('',#2235,0.2);
#2235 = AXIS2_PLACEMENT_3D('',#2236,#2237,#2238);
#2236 = CARTESIAN_POINT('',(102.025,-76.5,0.));
#2237 = DIRECTION('',(-0.,0.,-1.));
#2238 = DIRECTION('',(-0.,-1.,0.));
#2239 = FACE_BOUND('',#2240,.F.);
#2240 = EDGE_LOOP('',(#2241));
#2241 = ORIENTED_EDGE('',*,*,#2242,.T.);
#2242 = EDGE_CURVE('',#2243,#2243,#2245,.T.);
#2243 = VERTEX_POINT('',#2244);
#2244 = CARTESIAN_POINT('',(106.5353,-77.1971,0.));
#2245 = CIRCLE('',#2246,0.2);
#2246 = AXIS2_PLACEMENT_3D('',#2247,#2248,#2249);
#2247 = CARTESIAN_POINT('',(106.5353,-76.9971,0.));
#2248 = DIRECTION('',(-0.,0.,-1.));
#2249 = DIRECTION('',(-0.,-1.,0.));
#2250 = FACE_BOUND('',#2251,.F.);
#2251 = EDGE_LOOP('',(#2252));
#2252 = ORIENTED_EDGE('',*,*,#2253,.T.);
#2253 = EDGE_CURVE('',#2254,#2254,#2256,.T.);
#2254 = VERTEX_POINT('',#2255);
#2255 = CARTESIAN_POINT('',(107.6895,-77.6971,0.));
#2256 = CIRCLE('',#2257,0.2);
#2257 = AXIS2_PLACEMENT_3D('',#2258,#2259,#2260);
#2258 = CARTESIAN_POINT('',(107.6895,-77.4971,0.));
#2259 = DIRECTION('',(-0.,0.,-1.));
#2260 = DIRECTION('',(-7.105427357601E-14,-1.,0.));
#2261 = FACE_BOUND('',#2262,.F.);
#2262 = EDGE_LOOP('',(#2263));
#2263 = ORIENTED_EDGE('',*,*,#2264,.T.);
#2264 = EDGE_CURVE('',#2265,#2265,#2267,.T.);
#2265 = VERTEX_POINT('',#2266);
#2266 = CARTESIAN_POINT('',(101.3872,-73.8128,0.));
#2267 = CIRCLE('',#2268,0.2);
#2268 = AXIS2_PLACEMENT_3D('',#2269,#2270,#2271);
#2269 = CARTESIAN_POINT('',(101.3872,-73.6128,0.));
#2270 = DIRECTION('',(-0.,0.,-1.));
#2271 = DIRECTION('',(-0.,-1.,0.));
#2272 = FACE_BOUND('',#2273,.F.);
#2273 = EDGE_LOOP('',(#2274));
#2274 = ORIENTED_EDGE('',*,*,#2275,.T.);
#2275 = EDGE_CURVE('',#2276,#2276,#2278,.T.);
#2276 = VERTEX_POINT('',#2277);
#2277 = CARTESIAN_POINT('',(104.4988,-69.1129,0.));
#2278 = CIRCLE('',#2279,0.2);
#2279 = AXIS2_PLACEMENT_3D('',#2280,#2281,#2282);
#2280 = CARTESIAN_POINT('',(104.4988,-68.9129,0.));
#2281 = DIRECTION('',(-0.,0.,-1.));
#2282 = DIRECTION('',(-0.,-1.,0.));
#2283 = FACE_BOUND('',#2284,.F.);
#2284 = EDGE_LOOP('',(#2285));
#2285 = ORIENTED_EDGE('',*,*,#2286,.T.);
#2286 = EDGE_CURVE('',#2287,#2287,#2289,.T.);
#2287 = VERTEX_POINT('',#2288);
#2288 = CARTESIAN_POINT('',(100.909527,-68.92086,0.));
#2289 = CIRCLE('',#2290,0.2);
#2290 = AXIS2_PLACEMENT_3D('',#2291,#2292,#2293);
#2291 = CARTESIAN_POINT('',(100.909527,-68.72086,0.));
#2292 = DIRECTION('',(-0.,0.,-1.));
#2293 = DIRECTION('',(-0.,-1.,0.));
#2294 = FACE_BOUND('',#2295,.F.);
#2295 = EDGE_LOOP('',(#2296));
#2296 = ORIENTED_EDGE('',*,*,#2297,.T.);
#2297 = EDGE_CURVE('',#2298,#2298,#2300,.T.);
#2298 = VERTEX_POINT('',#2299);
#2299 = CARTESIAN_POINT('',(68.,-57.8,0.));
#2300 = CIRCLE('',#2301,0.3);
#2301 = AXIS2_PLACEMENT_3D('',#2302,#2303,#2304);
#2302 = CARTESIAN_POINT('',(68.,-57.5,0.));
#2303 = DIRECTION('',(-0.,0.,-1.));
#2304 = DIRECTION('',(-0.,-1.,0.));
#2305 = FACE_BOUND('',#2306,.F.);
#2306 = EDGE_LOOP('',(#2307));
#2307 = ORIENTED_EDGE('',*,*,#2308,.T.);
#2308 = EDGE_CURVE('',#2309,#2309,#2311,.T.);
#2309 = VERTEX_POINT('',#2310);
#2310 = CARTESIAN_POINT('',(82.,-58.5,0.));
#2311 = CIRCLE('',#2312,0.5);
#2312 = AXIS2_PLACEMENT_3D('',#2313,#2314,#2315);
#2313 = CARTESIAN_POINT('',(82.,-58.,0.));
#2314 = DIRECTION('',(-0.,0.,-1.));
#2315 = DIRECTION('',(-0.,-1.,0.));
#2316 = FACE_BOUND('',#2317,.F.);
#2317 = EDGE_LOOP('',(#2318));
#2318 = ORIENTED_EDGE('',*,*,#2319,.T.);
#2319 = EDGE_CURVE('',#2320,#2320,#2322,.T.);
#2320 = VERTEX_POINT('',#2321);
#2321 = CARTESIAN_POINT('',(87.,-58.5,0.));
#2322 = CIRCLE('',#2323,0.5);
#2323 = AXIS2_PLACEMENT_3D('',#2324,#2325,#2326);
#2324 = CARTESIAN_POINT('',(87.,-58.,0.));
#2325 = DIRECTION('',(-0.,0.,-1.));
#2326 = DIRECTION('',(-0.,-1.,0.));
#2327 = FACE_BOUND('',#2328,.F.);
#2328 = EDGE_LOOP('',(#2329));
#2329 = ORIENTED_EDGE('',*,*,#2330,.T.);
#2330 = EDGE_CURVE('',#2331,#2331,#2333,.T.);
#2331 = VERTEX_POINT('',#2332);
#2332 = CARTESIAN_POINT('',(68.649999,-56.2,0.));
#2333 = CIRCLE('',#2334,0.2);
#2334 = AXIS2_PLACEMENT_3D('',#2335,#2336,#2337);
#2335 = CARTESIAN_POINT('',(68.649999,-56.,0.));
#2336 = DIRECTION('',(-0.,0.,-1.));
#2337 = DIRECTION('',(-7.105427357601E-14,-1.,0.));
#2338 = FACE_BOUND('',#2339,.F.);
#2339 = EDGE_LOOP('',(#2340));
#2340 = ORIENTED_EDGE('',*,*,#2341,.T.);
#2341 = EDGE_CURVE('',#2342,#2342,#2344,.T.);
#2342 = VERTEX_POINT('',#2343);
#2343 = CARTESIAN_POINT('',(68.,-55.3,0.));
#2344 = CIRCLE('',#2345,0.3);
#2345 = AXIS2_PLACEMENT_3D('',#2346,#2347,#2348);
#2346 = CARTESIAN_POINT('',(68.,-55.,0.));
#2347 = DIRECTION('',(-0.,0.,-1.));
#2348 = DIRECTION('',(-0.,-1.,0.));
#2349 = FACE_BOUND('',#2350,.F.);
#2350 = EDGE_LOOP('',(#2351));
#2351 = ORIENTED_EDGE('',*,*,#2352,.T.);
#2352 = EDGE_CURVE('',#2353,#2353,#2355,.T.);
#2353 = VERTEX_POINT('',#2354);
#2354 = CARTESIAN_POINT('',(75.35,-56.2,0.));
#2355 = CIRCLE('',#2356,0.2);
#2356 = AXIS2_PLACEMENT_3D('',#2357,#2358,#2359);
#2357 = CARTESIAN_POINT('',(75.35,-56.,0.));
#2358 = DIRECTION('',(-0.,0.,-1.));
#2359 = DIRECTION('',(-0.,-1.,0.));
#2360 = FACE_BOUND('',#2361,.F.);
#2361 = EDGE_LOOP('',(#2362));
#2362 = ORIENTED_EDGE('',*,*,#2363,.T.);
#2363 = EDGE_CURVE('',#2364,#2364,#2366,.T.);
#2364 = VERTEX_POINT('',#2365);
#2365 = CARTESIAN_POINT('',(68.,-52.8,0.));
#2366 = CIRCLE('',#2367,0.3);
#2367 = AXIS2_PLACEMENT_3D('',#2368,#2369,#2370);
#2368 = CARTESIAN_POINT('',(68.,-52.5,0.));
#2369 = DIRECTION('',(-0.,0.,-1.));
#2370 = DIRECTION('',(-0.,-1.,0.));
#2371 = FACE_BOUND('',#2372,.F.);
#2372 = EDGE_LOOP('',(#2373));
#2373 = ORIENTED_EDGE('',*,*,#2374,.T.);
#2374 = EDGE_CURVE('',#2375,#2375,#2377,.T.);
#2375 = VERTEX_POINT('',#2376);
#2376 = CARTESIAN_POINT('',(90.,-59.66,0.));
#2377 = CIRCLE('',#2378,0.2);
#2378 = AXIS2_PLACEMENT_3D('',#2379,#2380,#2381);
#2379 = CARTESIAN_POINT('',(90.,-59.46,0.));
#2380 = DIRECTION('',(-0.,0.,-1.));
#2381 = DIRECTION('',(-0.,-1.,0.));
#2382 = FACE_BOUND('',#2383,.F.);
#2383 = EDGE_LOOP('',(#2384));
#2384 = ORIENTED_EDGE('',*,*,#2385,.T.);
#2385 = EDGE_CURVE('',#2386,#2386,#2388,.T.);
#2386 = VERTEX_POINT('',#2387);
#2387 = CARTESIAN_POINT('',(102.4566,-56.0985,0.));
#2388 = CIRCLE('',#2389,0.2);
#2389 = AXIS2_PLACEMENT_3D('',#2390,#2391,#2392);
#2390 = CARTESIAN_POINT('',(102.4566,-55.8985,0.));
#2391 = DIRECTION('',(-0.,0.,-1.));
#2392 = DIRECTION('',(-7.105427357601E-14,-1.,0.));
#2393 = FACE_BOUND('',#2394,.F.);
#2394 = EDGE_LOOP('',(#2395));
#2395 = ORIENTED_EDGE('',*,*,#2396,.T.);
#2396 = EDGE_CURVE('',#2397,#2397,#2399,.T.);
#2397 = VERTEX_POINT('',#2398);
#2398 = CARTESIAN_POINT('',(109.116609,-56.482422,0.));
#2399 = CIRCLE('',#2400,0.2);
#2400 = AXIS2_PLACEMENT_3D('',#2401,#2402,#2403);
#2401 = CARTESIAN_POINT('',(109.116609,-56.282422,0.));
#2402 = DIRECTION('',(-0.,0.,-1.));
#2403 = DIRECTION('',(-0.,-1.,0.));
#2404 = FACE_BOUND('',#2405,.F.);
#2405 = EDGE_LOOP('',(#2406));
#2406 = ORIENTED_EDGE('',*,*,#2407,.T.);
#2407 = EDGE_CURVE('',#2408,#2408,#2410,.T.);
#2408 = VERTEX_POINT('',#2409);
#2409 = CARTESIAN_POINT('',(109.556716,-53.209607,0.));
#2410 = CIRCLE('',#2411,0.2);
#2411 = AXIS2_PLACEMENT_3D('',#2412,#2413,#2414);
#2412 = CARTESIAN_POINT('',(109.556716,-53.009607,0.));
#2413 = DIRECTION('',(-0.,0.,-1.));
#2414 = DIRECTION('',(-0.,-1.,0.));
#2415 = FACE_BOUND('',#2416,.F.);
#2416 = EDGE_LOOP('',(#2417));
#2417 = ORIENTED_EDGE('',*,*,#2418,.T.);
#2418 = EDGE_CURVE('',#2419,#2419,#2421,.T.);
#2419 = VERTEX_POINT('',#2420);
#2420 = CARTESIAN_POINT('',(29.,-44.2,0.));
#2421 = CIRCLE('',#2422,0.2);
#2422 = AXIS2_PLACEMENT_3D('',#2423,#2424,#2425);
#2423 = CARTESIAN_POINT('',(29.,-44.,0.));
#2424 = DIRECTION('',(-0.,0.,-1.));
#2425 = DIRECTION('',(-0.,-1.,0.));
#2426 = FACE_BOUND('',#2427,.F.);
#2427 = EDGE_LOOP('',(#2428));
#2428 = ORIENTED_EDGE('',*,*,#2429,.T.);
#2429 = EDGE_CURVE('',#2430,#2430,#2432,.T.);
#2430 = VERTEX_POINT('',#2431);
#2431 = CARTESIAN_POINT('',(59.,-44.2,0.));
#2432 = CIRCLE('',#2433,0.2);
#2433 = AXIS2_PLACEMENT_3D('',#2434,#2435,#2436);
#2434 = CARTESIAN_POINT('',(59.,-44.,0.));
#2435 = DIRECTION('',(-0.,0.,-1.));
#2436 = DIRECTION('',(-0.,-1.,0.));
#2437 = FACE_BOUND('',#2438,.F.);
#2438 = EDGE_LOOP('',(#2439));
#2439 = ORIENTED_EDGE('',*,*,#2440,.T.);
#2440 = EDGE_CURVE('',#2441,#2441,#2443,.T.);
#2441 = VERTEX_POINT('',#2442);
#2442 = CARTESIAN_POINT('',(29.,-29.2,0.));
#2443 = CIRCLE('',#2444,0.2);
#2444 = AXIS2_PLACEMENT_3D('',#2445,#2446,#2447);
#2445 = CARTESIAN_POINT('',(29.,-29.,0.));
#2446 = DIRECTION('',(-0.,0.,-1.));
#2447 = DIRECTION('',(-0.,-1.,0.));
#2448 = FACE_BOUND('',#2449,.F.);
#2449 = EDGE_LOOP('',(#2450));
#2450 = ORIENTED_EDGE('',*,*,#2451,.T.);
#2451 = EDGE_CURVE('',#2452,#2452,#2454,.T.);
#2452 = VERTEX_POINT('',#2453);
#2453 = CARTESIAN_POINT('',(24.,-25.6,0.));
#2454 = CIRCLE('',#2455,1.6);
#2455 = AXIS2_PLACEMENT_3D('',#2456,#2457,#2458);
#2456 = CARTESIAN_POINT('',(24.,-24.,0.));
#2457 = DIRECTION('',(-0.,0.,-1.));
#2458 = DIRECTION('',(-0.,-1.,0.));
#2459 = FACE_BOUND('',#2460,.F.);
#2460 = EDGE_LOOP('',(#2461));
#2461 = ORIENTED_EDGE('',*,*,#2462,.T.);
#2462 = EDGE_CURVE('',#2463,#2463,#2465,.T.);
#2463 = VERTEX_POINT('',#2464);
#2464 = CARTESIAN_POINT('',(36.89,-29.52,0.));
#2465 = CIRCLE('',#2466,0.65);
#2466 = AXIS2_PLACEMENT_3D('',#2467,#2468,#2469);
#2467 = CARTESIAN_POINT('',(36.89,-28.87,0.));
#2468 = DIRECTION('',(-0.,0.,-1.));
#2469 = DIRECTION('',(-0.,-1.,0.));
#2470 = FACE_BOUND('',#2471,.F.);
#2471 = EDGE_LOOP('',(#2472));
#2472 = ORIENTED_EDGE('',*,*,#2473,.T.);
#2473 = EDGE_CURVE('',#2474,#2474,#2476,.T.);
#2474 = VERTEX_POINT('',#2475);
#2475 = CARTESIAN_POINT('',(36.89,-27.69,0.));
#2476 = CIRCLE('',#2477,0.65);
#2477 = AXIS2_PLACEMENT_3D('',#2478,#2479,#2480);
#2478 = CARTESIAN_POINT('',(36.89,-27.04,0.));
#2479 = DIRECTION('',(-0.,0.,-1.));
#2480 = DIRECTION('',(-0.,-1.,0.));
#2481 = FACE_BOUND('',#2482,.F.);
#2482 = EDGE_LOOP('',(#2483));
#2483 = ORIENTED_EDGE('',*,*,#2484,.T.);
#2484 = EDGE_CURVE('',#2485,#2485,#2487,.T.);
#2485 = VERTEX_POINT('',#2486);
#2486 = CARTESIAN_POINT('',(36.89,-25.86,0.));
#2487 = CIRCLE('',#2488,0.65);
#2488 = AXIS2_PLACEMENT_3D('',#2489,#2490,#2491);
#2489 = CARTESIAN_POINT('',(36.89,-25.21,0.));
#2490 = DIRECTION('',(-0.,0.,-1.));
#2491 = DIRECTION('',(-0.,-1.,0.));
#2492 = FACE_BOUND('',#2493,.F.);
#2493 = EDGE_LOOP('',(#2494));
#2494 = ORIENTED_EDGE('',*,*,#2495,.T.);
#2495 = EDGE_CURVE('',#2496,#2496,#2498,.T.);
#2496 = VERTEX_POINT('',#2497);
#2497 = CARTESIAN_POINT('',(44.51,-29.52,0.));
#2498 = CIRCLE('',#2499,0.65);
#2499 = AXIS2_PLACEMENT_3D('',#2500,#2501,#2502);
#2500 = CARTESIAN_POINT('',(44.51,-28.87,0.));
#2501 = DIRECTION('',(-0.,0.,-1.));
#2502 = DIRECTION('',(-0.,-1.,0.));
#2503 = FACE_BOUND('',#2504,.F.);
#2504 = EDGE_LOOP('',(#2505));
#2505 = ORIENTED_EDGE('',*,*,#2506,.T.);
#2506 = EDGE_CURVE('',#2507,#2507,#2509,.T.);
#2507 = VERTEX_POINT('',#2508);
#2508 = CARTESIAN_POINT('',(44.51,-27.69,0.));
#2509 = CIRCLE('',#2510,0.65);
#2510 = AXIS2_PLACEMENT_3D('',#2511,#2512,#2513);
#2511 = CARTESIAN_POINT('',(44.51,-27.04,0.));
#2512 = DIRECTION('',(-0.,0.,-1.));
#2513 = DIRECTION('',(-0.,-1.,0.));
#2514 = FACE_BOUND('',#2515,.F.);
#2515 = EDGE_LOOP('',(#2516));
#2516 = ORIENTED_EDGE('',*,*,#2517,.T.);
#2517 = EDGE_CURVE('',#2518,#2518,#2520,.T.);
#2518 = VERTEX_POINT('',#2519);
#2519 = CARTESIAN_POINT('',(44.51,-25.86,0.));
#2520 = CIRCLE('',#2521,0.65);
#2521 = AXIS2_PLACEMENT_3D('',#2522,#2523,#2524);
#2522 = CARTESIAN_POINT('',(44.51,-25.21,0.));
#2523 = DIRECTION('',(-0.,0.,-1.));
#2524 = DIRECTION('',(-0.,-1.,0.));
#2525 = FACE_BOUND('',#2526,.F.);
#2526 = EDGE_LOOP('',(#2527));
#2527 = ORIENTED_EDGE('',*,*,#2528,.T.);
#2528 = EDGE_CURVE('',#2529,#2529,#2531,.T.);
#2529 = VERTEX_POINT('',#2530);
#2530 = CARTESIAN_POINT('',(54.3,-25.7,0.));
#2531 = CIRCLE('',#2532,0.7);
#2532 = AXIS2_PLACEMENT_3D('',#2533,#2534,#2535);
#2533 = CARTESIAN_POINT('',(54.3,-25.,0.));
#2534 = DIRECTION('',(-0.,0.,-1.));
#2535 = DIRECTION('',(-0.,-1.,0.));
#2536 = FACE_BOUND('',#2537,.F.);
#2537 = EDGE_LOOP('',(#2538));
#2538 = ORIENTED_EDGE('',*,*,#2539,.T.);
#2539 = EDGE_CURVE('',#2540,#2540,#2542,.T.);
#2540 = VERTEX_POINT('',#2541);
#2541 = CARTESIAN_POINT('',(59.38,-25.7,0.));
#2542 = CIRCLE('',#2543,0.7);
#2543 = AXIS2_PLACEMENT_3D('',#2544,#2545,#2546);
#2544 = CARTESIAN_POINT('',(59.38,-25.,0.));
#2545 = DIRECTION('',(-0.,0.,-1.));
#2546 = DIRECTION('',(1.015061051086E-14,-1.,-0.));
#2547 = FACE_BOUND('',#2548,.F.);
#2548 = EDGE_LOOP('',(#2549));
#2549 = ORIENTED_EDGE('',*,*,#2550,.T.);
#2550 = EDGE_CURVE('',#2551,#2551,#2553,.T.);
#2551 = VERTEX_POINT('',#2552);
#2552 = CARTESIAN_POINT('',(64.46,-25.7,0.));
#2553 = CIRCLE('',#2554,0.7);
#2554 = AXIS2_PLACEMENT_3D('',#2555,#2556,#2557);
#2555 = CARTESIAN_POINT('',(64.46,-25.,0.));
#2556 = DIRECTION('',(-0.,0.,-1.));
#2557 = DIRECTION('',(-0.,-1.,0.));
#2558 = FACE_BOUND('',#2559,.F.);
#2559 = EDGE_LOOP('',(#2560));
#2560 = ORIENTED_EDGE('',*,*,#2561,.T.);
#2561 = EDGE_CURVE('',#2562,#2562,#2564,.T.);
#2562 = VERTEX_POINT('',#2563);
#2563 = CARTESIAN_POINT('',(74.,-44.2,0.));
#2564 = CIRCLE('',#2565,0.2);
#2565 = AXIS2_PLACEMENT_3D('',#2566,#2567,#2568);
#2566 = CARTESIAN_POINT('',(74.,-44.,0.));
#2567 = DIRECTION('',(-0.,0.,-1.));
#2568 = DIRECTION('',(-0.,-1.,0.));
#2569 = FACE_BOUND('',#2570,.F.);
#2570 = EDGE_LOOP('',(#2571));
#2571 = ORIENTED_EDGE('',*,*,#2572,.T.);
#2572 = EDGE_CURVE('',#2573,#2573,#2575,.T.);
#2573 = VERTEX_POINT('',#2574);
#2574 = CARTESIAN_POINT('',(89.,-44.2,0.));
#2575 = CIRCLE('',#2576,0.2);
#2576 = AXIS2_PLACEMENT_3D('',#2577,#2578,#2579);
#2577 = CARTESIAN_POINT('',(89.,-44.,0.));
#2578 = DIRECTION('',(-0.,0.,-1.));
#2579 = DIRECTION('',(-0.,-1.,0.));
#2580 = FACE_BOUND('',#2581,.F.);
#2581 = EDGE_LOOP('',(#2582));
#2582 = ORIENTED_EDGE('',*,*,#2583,.T.);
#2583 = EDGE_CURVE('',#2584,#2584,#2586,.T.);
#2584 = VERTEX_POINT('',#2585);
#2585 = CARTESIAN_POINT('',(104.,-44.2,0.));
#2586 = CIRCLE('',#2587,0.2);
#2587 = AXIS2_PLACEMENT_3D('',#2588,#2589,#2590);
#2588 = CARTESIAN_POINT('',(104.,-44.,0.));
#2589 = DIRECTION('',(-0.,0.,-1.));
#2590 = DIRECTION('',(-0.,-1.,0.));
#2591 = FACE_BOUND('',#2592,.F.);
#2592 = EDGE_LOOP('',(#2593));
#2593 = ORIENTED_EDGE('',*,*,#2594,.T.);
#2594 = EDGE_CURVE('',#2595,#2595,#2597,.T.);
#2595 = VERTEX_POINT('',#2596);
#2596 = CARTESIAN_POINT('',(69.54,-25.7,0.));
#2597 = CIRCLE('',#2598,0.7);
#2598 = AXIS2_PLACEMENT_3D('',#2599,#2600,#2601);
#2599 = CARTESIAN_POINT('',(69.54,-25.,0.));
#2600 = DIRECTION('',(-0.,0.,-1.));
#2601 = DIRECTION('',(2.030122102172E-14,-1.,-0.));
#2602 = FACE_BOUND('',#2603,.F.);
#2603 = EDGE_LOOP('',(#2604));
#2604 = ORIENTED_EDGE('',*,*,#2605,.T.);
#2605 = EDGE_CURVE('',#2606,#2606,#2608,.T.);
#2606 = VERTEX_POINT('',#2607);
#2607 = CARTESIAN_POINT('',(77.7,-25.7,0.));
#2608 = CIRCLE('',#2609,0.7);
#2609 = AXIS2_PLACEMENT_3D('',#2610,#2611,#2612);
#2610 = CARTESIAN_POINT('',(77.7,-25.,0.));
#2611 = DIRECTION('',(-0.,0.,-1.));
#2612 = DIRECTION('',(-0.,-1.,0.));
#2613 = FACE_BOUND('',#2614,.F.);
#2614 = EDGE_LOOP('',(#2615));
#2615 = ORIENTED_EDGE('',*,*,#2616,.T.);
#2616 = EDGE_CURVE('',#2617,#2617,#2619,.T.);
#2617 = VERTEX_POINT('',#2618);
#2618 = CARTESIAN_POINT('',(82.78,-25.7,0.));
#2619 = CIRCLE('',#2620,0.7);
#2620 = AXIS2_PLACEMENT_3D('',#2621,#2622,#2623);
#2621 = CARTESIAN_POINT('',(82.78,-25.,0.));
#2622 = DIRECTION('',(-0.,0.,-1.));
#2623 = DIRECTION('',(-0.,-1.,0.));
#2624 = FACE_BOUND('',#2625,.F.);
#2625 = EDGE_LOOP('',(#2626));
#2626 = ORIENTED_EDGE('',*,*,#2627,.T.);
#2627 = EDGE_CURVE('',#2628,#2628,#2630,.T.);
#2628 = VERTEX_POINT('',#2629);
#2629 = CARTESIAN_POINT('',(87.86,-25.7,0.));
#2630 = CIRCLE('',#2631,0.7);
#2631 = AXIS2_PLACEMENT_3D('',#2632,#2633,#2634);
#2632 = CARTESIAN_POINT('',(87.86,-25.,0.));
#2633 = DIRECTION('',(-0.,0.,-1.));
#2634 = DIRECTION('',(-0.,-1.,0.));
#2635 = FACE_BOUND('',#2636,.F.);
#2636 = EDGE_LOOP('',(#2637));
#2637 = ORIENTED_EDGE('',*,*,#2638,.T.);
#2638 = EDGE_CURVE('',#2639,#2639,#2641,.T.);
#2639 = VERTEX_POINT('',#2640);
#2640 = CARTESIAN_POINT('',(92.94,-25.7,0.));
#2641 = CIRCLE('',#2642,0.7);
#2642 = AXIS2_PLACEMENT_3D('',#2643,#2644,#2645);
#2643 = CARTESIAN_POINT('',(92.94,-25.,0.));
#2644 = DIRECTION('',(-0.,0.,-1.));
#2645 = DIRECTION('',(-0.,-1.,0.));
#2646 = FACE_BOUND('',#2647,.F.);
#2647 = EDGE_LOOP('',(#2648));
#2648 = ORIENTED_EDGE('',*,*,#2649,.T.);
#2649 = EDGE_CURVE('',#2650,#2650,#2652,.T.);
#2650 = VERTEX_POINT('',#2651);
#2651 = CARTESIAN_POINT('',(101.1,-25.7,0.));
#2652 = CIRCLE('',#2653,0.7);
#2653 = AXIS2_PLACEMENT_3D('',#2654,#2655,#2656);
#2654 = CARTESIAN_POINT('',(101.1,-25.,0.));
#2655 = DIRECTION('',(-0.,0.,-1.));
#2656 = DIRECTION('',(-0.,-1.,0.));
#2657 = FACE_BOUND('',#2658,.F.);
#2658 = EDGE_LOOP('',(#2659));
#2659 = ORIENTED_EDGE('',*,*,#2660,.T.);
#2660 = EDGE_CURVE('',#2661,#2661,#2663,.T.);
#2661 = VERTEX_POINT('',#2662);
#2662 = CARTESIAN_POINT('',(106.18,-25.7,0.));
#2663 = CIRCLE('',#2664,0.7);
#2664 = AXIS2_PLACEMENT_3D('',#2665,#2666,#2667);
#2665 = CARTESIAN_POINT('',(106.18,-25.,0.));
#2666 = DIRECTION('',(-0.,0.,-1.));
#2667 = DIRECTION('',(-0.,-1.,0.));
#2668 = FACE_BOUND('',#2669,.F.);
#2669 = EDGE_LOOP('',(#2670));
#2670 = ORIENTED_EDGE('',*,*,#2671,.T.);
#2671 = EDGE_CURVE('',#2672,#2672,#2674,.T.);
#2672 = VERTEX_POINT('',#2673);
#2673 = CARTESIAN_POINT('',(115.975,-73.7,0.));
#2674 = CIRCLE('',#2675,0.2);
#2675 = AXIS2_PLACEMENT_3D('',#2676,#2677,#2678);
#2676 = CARTESIAN_POINT('',(115.975,-73.5,0.));
#2677 = DIRECTION('',(-0.,0.,-1.));
#2678 = DIRECTION('',(-0.,-1.,0.));
#2679 = FACE_BOUND('',#2680,.F.);
#2680 = EDGE_LOOP('',(#2681));
#2681 = ORIENTED_EDGE('',*,*,#2682,.T.);
#2682 = EDGE_CURVE('',#2683,#2683,#2685,.T.);
#2683 = VERTEX_POINT('',#2684);
#2684 = CARTESIAN_POINT('',(125.9081,-74.7123,0.));
#2685 = CIRCLE('',#2686,0.2);
#2686 = AXIS2_PLACEMENT_3D('',#2687,#2688,#2689);
#2687 = CARTESIAN_POINT('',(125.9081,-74.5123,0.));
#2688 = DIRECTION('',(-0.,0.,-1.));
#2689 = DIRECTION('',(7.105427357601E-14,-1.,-0.));
#2690 = FACE_BOUND('',#2691,.F.);
#2691 = EDGE_LOOP('',(#2692));
#2692 = ORIENTED_EDGE('',*,*,#2693,.T.);
#2693 = EDGE_CURVE('',#2694,#2694,#2696,.T.);
#2694 = VERTEX_POINT('',#2695);
#2695 = CARTESIAN_POINT('',(127.817842,-75.657353,0.));
#2696 = CIRCLE('',#2697,0.2);
#2697 = AXIS2_PLACEMENT_3D('',#2698,#2699,#2700);
#2698 = CARTESIAN_POINT('',(127.817842,-75.457353,0.));
#2699 = DIRECTION('',(-0.,0.,-1.));
#2700 = DIRECTION('',(-0.,-1.,0.));
#2701 = FACE_BOUND('',#2702,.F.);
#2702 = EDGE_LOOP('',(#2703));
#2703 = ORIENTED_EDGE('',*,*,#2704,.T.);
#2704 = EDGE_CURVE('',#2705,#2705,#2707,.T.);
#2705 = VERTEX_POINT('',#2706);
#2706 = CARTESIAN_POINT('',(128.539999,-75.525,0.));
#2707 = CIRCLE('',#2708,0.2);
#2708 = AXIS2_PLACEMENT_3D('',#2709,#2710,#2711);
#2709 = CARTESIAN_POINT('',(128.539999,-75.325,0.));
#2710 = DIRECTION('',(-0.,0.,-1.));
#2711 = DIRECTION('',(-1.42108547152E-13,-1.,0.));
#2712 = FACE_BOUND('',#2713,.F.);
#2713 = EDGE_LOOP('',(#2714));
#2714 = ORIENTED_EDGE('',*,*,#2715,.T.);
#2715 = EDGE_CURVE('',#2716,#2716,#2718,.T.);
#2716 = VERTEX_POINT('',#2717);
#2717 = CARTESIAN_POINT('',(127.975,-73.7,0.));
#2718 = CIRCLE('',#2719,0.2);
#2719 = AXIS2_PLACEMENT_3D('',#2720,#2721,#2722);
#2720 = CARTESIAN_POINT('',(127.975,-73.5,0.));
#2721 = DIRECTION('',(-0.,0.,-1.));
#2722 = DIRECTION('',(-7.105427357601E-14,-1.,0.));
#2723 = FACE_BOUND('',#2724,.F.);
#2724 = EDGE_LOOP('',(#2725));
#2725 = ORIENTED_EDGE('',*,*,#2726,.T.);
#2726 = EDGE_CURVE('',#2727,#2727,#2729,.T.);
#2727 = VERTEX_POINT('',#2728);
#2728 = CARTESIAN_POINT('',(127.5918,-70.4084,0.));
#2729 = CIRCLE('',#2730,0.2);
#2730 = AXIS2_PLACEMENT_3D('',#2731,#2732,#2733);
#2731 = CARTESIAN_POINT('',(127.5918,-70.2084,0.));
#2732 = DIRECTION('',(-0.,0.,-1.));
#2733 = DIRECTION('',(-0.,-1.,0.));
#2734 = FACE_BOUND('',#2735,.F.);
#2735 = EDGE_LOOP('',(#2736));
#2736 = ORIENTED_EDGE('',*,*,#2737,.T.);
#2737 = EDGE_CURVE('',#2738,#2738,#2740,.T.);
#2738 = VERTEX_POINT('',#2739);
#2739 = CARTESIAN_POINT('',(127.6285,-67.9495,0.));
#2740 = CIRCLE('',#2741,0.2);
#2741 = AXIS2_PLACEMENT_3D('',#2742,#2743,#2744);
#2742 = CARTESIAN_POINT('',(127.6285,-67.7495,0.));
#2743 = DIRECTION('',(-0.,0.,-1.));
#2744 = DIRECTION('',(-0.,-1.,0.));
#2745 = FACE_BOUND('',#2746,.F.);
#2746 = EDGE_LOOP('',(#2747));
#2747 = ORIENTED_EDGE('',*,*,#2748,.T.);
#2748 = EDGE_CURVE('',#2749,#2749,#2751,.T.);
#2749 = VERTEX_POINT('',#2750);
#2750 = CARTESIAN_POINT('',(128.4733,-64.9589,0.));
#2751 = CIRCLE('',#2752,0.25);
#2752 = AXIS2_PLACEMENT_3D('',#2753,#2754,#2755);
#2753 = CARTESIAN_POINT('',(128.4733,-64.7089,0.));
#2754 = DIRECTION('',(-0.,0.,-1.));
#2755 = DIRECTION('',(-0.,-1.,0.));
#2756 = FACE_BOUND('',#2757,.F.);
#2757 = EDGE_LOOP('',(#2758));
#2758 = ORIENTED_EDGE('',*,*,#2759,.T.);
#2759 = EDGE_CURVE('',#2760,#2760,#2762,.T.);
#2760 = VERTEX_POINT('',#2761);
#2761 = CARTESIAN_POINT('',(134.7498,-75.0708,0.));
#2762 = CIRCLE('',#2763,0.2);
#2763 = AXIS2_PLACEMENT_3D('',#2764,#2765,#2766);
#2764 = CARTESIAN_POINT('',(134.7498,-74.8708,0.));
#2765 = DIRECTION('',(-0.,0.,-1.));
#2766 = DIRECTION('',(-0.,-1.,0.));
#2767 = FACE_BOUND('',#2768,.F.);
#2768 = EDGE_LOOP('',(#2769));
#2769 = ORIENTED_EDGE('',*,*,#2770,.T.);
#2770 = EDGE_CURVE('',#2771,#2771,#2773,.T.);
#2771 = VERTEX_POINT('',#2772);
#2772 = CARTESIAN_POINT('',(138.475,-73.7,0.));
#2773 = CIRCLE('',#2774,0.2);
#2774 = AXIS2_PLACEMENT_3D('',#2775,#2776,#2777);
#2775 = CARTESIAN_POINT('',(138.475,-73.5,0.));
#2776 = DIRECTION('',(-0.,0.,-1.));
#2777 = DIRECTION('',(-1.42108547152E-13,-1.,0.));
#2778 = FACE_BOUND('',#2779,.F.);
#2779 = EDGE_LOOP('',(#2780));
#2780 = ORIENTED_EDGE('',*,*,#2781,.T.);
#2781 = EDGE_CURVE('',#2782,#2782,#2784,.T.);
#2782 = VERTEX_POINT('',#2783);
#2783 = CARTESIAN_POINT('',(148.275,-74.9,0.));
#2784 = CIRCLE('',#2785,0.2);
#2785 = AXIS2_PLACEMENT_3D('',#2786,#2787,#2788);
#2786 = CARTESIAN_POINT('',(148.275,-74.7,0.));
#2787 = DIRECTION('',(-0.,0.,-1.));
#2788 = DIRECTION('',(1.42108547152E-13,-1.,-0.));
#2789 = FACE_BOUND('',#2790,.F.);
#2790 = EDGE_LOOP('',(#2791));
#2791 = ORIENTED_EDGE('',*,*,#2792,.T.);
#2792 = EDGE_CURVE('',#2793,#2793,#2795,.T.);
#2793 = VERTEX_POINT('',#2794);
#2794 = CARTESIAN_POINT('',(153.45,-74.9,0.));
#2795 = CIRCLE('',#2796,0.2);
#2796 = AXIS2_PLACEMENT_3D('',#2797,#2798,#2799);
#2797 = CARTESIAN_POINT('',(153.45,-74.7,0.));
#2798 = DIRECTION('',(-0.,0.,-1.));
#2799 = DIRECTION('',(-0.,-1.,0.));
#2800 = FACE_BOUND('',#2801,.F.);
#2801 = EDGE_LOOP('',(#2802));
#2802 = ORIENTED_EDGE('',*,*,#2803,.T.);
#2803 = EDGE_CURVE('',#2804,#2804,#2806,.T.);
#2804 = VERTEX_POINT('',#2805);
#2805 = CARTESIAN_POINT('',(143.649999,-73.7,0.));
#2806 = CIRCLE('',#2807,0.2);
#2807 = AXIS2_PLACEMENT_3D('',#2808,#2809,#2810);
#2808 = CARTESIAN_POINT('',(143.649999,-73.5,0.));
#2809 = DIRECTION('',(-0.,0.,-1.));
#2810 = DIRECTION('',(1.42108547152E-13,-1.,-0.));
#2811 = FACE_BOUND('',#2812,.F.);
#2812 = EDGE_LOOP('',(#2813));
#2813 = ORIENTED_EDGE('',*,*,#2814,.T.);
#2814 = EDGE_CURVE('',#2815,#2815,#2817,.T.);
#2815 = VERTEX_POINT('',#2816);
#2816 = CARTESIAN_POINT('',(144.725,-73.7,0.));
#2817 = CIRCLE('',#2818,0.2);
#2818 = AXIS2_PLACEMENT_3D('',#2819,#2820,#2821);
#2819 = CARTESIAN_POINT('',(144.725,-73.5,0.));
#2820 = DIRECTION('',(-0.,0.,-1.));
#2821 = DIRECTION('',(-1.42108547152E-13,-1.,0.));
#2822 = FACE_BOUND('',#2823,.F.);
#2823 = EDGE_LOOP('',(#2824));
#2824 = ORIENTED_EDGE('',*,*,#2825,.T.);
#2825 = EDGE_CURVE('',#2826,#2826,#2828,.T.);
#2826 = VERTEX_POINT('',#2827);
#2827 = CARTESIAN_POINT('',(148.024999,-72.2,0.));
#2828 = CIRCLE('',#2829,0.2);
#2829 = AXIS2_PLACEMENT_3D('',#2830,#2831,#2832);
#2830 = CARTESIAN_POINT('',(148.024999,-72.,0.));
#2831 = DIRECTION('',(-0.,0.,-1.));
#2832 = DIRECTION('',(1.42108547152E-13,-1.,-0.));
#2833 = FACE_BOUND('',#2834,.F.);
#2834 = EDGE_LOOP('',(#2835));
#2835 = ORIENTED_EDGE('',*,*,#2836,.T.);
#2836 = EDGE_CURVE('',#2837,#2837,#2839,.T.);
#2837 = VERTEX_POINT('',#2838);
#2838 = CARTESIAN_POINT('',(146.0283,-71.09,0.));
#2839 = CIRCLE('',#2840,0.2);
#2840 = AXIS2_PLACEMENT_3D('',#2841,#2842,#2843);
#2841 = CARTESIAN_POINT('',(146.0283,-70.89,0.));
#2842 = DIRECTION('',(-0.,0.,-1.));
#2843 = DIRECTION('',(-0.,-1.,0.));
#2844 = FACE_BOUND('',#2845,.F.);
#2845 = EDGE_LOOP('',(#2846));
#2846 = ORIENTED_EDGE('',*,*,#2847,.T.);
#2847 = EDGE_CURVE('',#2848,#2848,#2850,.T.);
#2848 = VERTEX_POINT('',#2849);
#2849 = CARTESIAN_POINT('',(134.1086,-70.1973,0.));
#2850 = CIRCLE('',#2851,0.2);
#2851 = AXIS2_PLACEMENT_3D('',#2852,#2853,#2854);
#2852 = CARTESIAN_POINT('',(134.1086,-69.9973,0.));
#2853 = DIRECTION('',(-0.,0.,-1.));
#2854 = DIRECTION('',(-1.42108547152E-13,-1.,0.));
#2855 = FACE_BOUND('',#2856,.F.);
#2856 = EDGE_LOOP('',(#2857));
#2857 = ORIENTED_EDGE('',*,*,#2858,.T.);
#2858 = EDGE_CURVE('',#2859,#2859,#2861,.T.);
#2859 = VERTEX_POINT('',#2860);
#2860 = CARTESIAN_POINT('',(134.807,-69.2354,0.));
#2861 = CIRCLE('',#2862,0.2);
#2862 = AXIS2_PLACEMENT_3D('',#2863,#2864,#2865);
#2863 = CARTESIAN_POINT('',(134.807,-69.0354,0.));
#2864 = DIRECTION('',(-0.,0.,-1.));
#2865 = DIRECTION('',(-1.42108547152E-13,-1.,0.));
#2866 = FACE_BOUND('',#2867,.F.);
#2867 = EDGE_LOOP('',(#2868));
#2868 = ORIENTED_EDGE('',*,*,#2869,.T.);
#2869 = EDGE_CURVE('',#2870,#2870,#2872,.T.);
#2870 = VERTEX_POINT('',#2871);
#2871 = CARTESIAN_POINT('',(133.9316,-68.4389,0.));
#2872 = CIRCLE('',#2873,0.2);
#2873 = AXIS2_PLACEMENT_3D('',#2874,#2875,#2876);
#2874 = CARTESIAN_POINT('',(133.9316,-68.2389,0.));
#2875 = DIRECTION('',(-0.,0.,-1.));
#2876 = DIRECTION('',(-0.,-1.,0.));
#2877 = FACE_BOUND('',#2878,.F.);
#2878 = EDGE_LOOP('',(#2879));
#2879 = ORIENTED_EDGE('',*,*,#2880,.T.);
#2880 = EDGE_CURVE('',#2881,#2881,#2883,.T.);
#2881 = VERTEX_POINT('',#2882);
#2882 = CARTESIAN_POINT('',(146.,-69.54,0.));
#2883 = CIRCLE('',#2884,0.5);
#2884 = AXIS2_PLACEMENT_3D('',#2885,#2886,#2887);
#2885 = CARTESIAN_POINT('',(146.,-69.04,0.));
#2886 = DIRECTION('',(-0.,0.,-1.));
#2887 = DIRECTION('',(-0.,-1.,0.));
#2888 = FACE_BOUND('',#2889,.F.);
#2889 = EDGE_LOOP('',(#2890));
#2890 = ORIENTED_EDGE('',*,*,#2891,.T.);
#2891 = EDGE_CURVE('',#2892,#2892,#2894,.T.);
#2892 = VERTEX_POINT('',#2893);
#2893 = CARTESIAN_POINT('',(146.,-67.,0.));
#2894 = CIRCLE('',#2895,0.5);
#2895 = AXIS2_PLACEMENT_3D('',#2896,#2897,#2898);
#2896 = CARTESIAN_POINT('',(146.,-66.5,0.));
#2897 = DIRECTION('',(-0.,0.,-1.));
#2898 = DIRECTION('',(-0.,-1.,0.));
#2899 = FACE_BOUND('',#2900,.F.);
#2900 = EDGE_LOOP('',(#2901));
#2901 = ORIENTED_EDGE('',*,*,#2902,.T.);
#2902 = EDGE_CURVE('',#2903,#2903,#2905,.T.);
#2903 = VERTEX_POINT('',#2904);
#2904 = CARTESIAN_POINT('',(143.5144,-64.1255,0.));
#2905 = CIRCLE('',#2906,0.2);
#2906 = AXIS2_PLACEMENT_3D('',#2907,#2908,#2909);
#2907 = CARTESIAN_POINT('',(143.5144,-63.9255,0.));
#2908 = DIRECTION('',(-0.,0.,-1.));
#2909 = DIRECTION('',(-1.42108547152E-13,-1.,0.));
#2910 = FACE_BOUND('',#2911,.F.);
#2911 = EDGE_LOOP('',(#2912));
#2912 = ORIENTED_EDGE('',*,*,#2913,.T.);
#2913 = EDGE_CURVE('',#2914,#2914,#2916,.T.);
#2914 = VERTEX_POINT('',#2915);
#2915 = CARTESIAN_POINT('',(115.8911,-62.8552,0.));
#2916 = CIRCLE('',#2917,0.2);
#2917 = AXIS2_PLACEMENT_3D('',#2918,#2919,#2920);
#2918 = CARTESIAN_POINT('',(115.8911,-62.6552,0.));
#2919 = DIRECTION('',(-0.,0.,-1.));
#2920 = DIRECTION('',(-0.,-1.,0.));
#2921 = FACE_BOUND('',#2922,.F.);
#2922 = EDGE_LOOP('',(#2923));
#2923 = ORIENTED_EDGE('',*,*,#2924,.T.);
#2924 = EDGE_CURVE('',#2925,#2925,#2927,.T.);
#2925 = VERTEX_POINT('',#2926);
#2926 = CARTESIAN_POINT('',(118.025,-61.2,0.));
#2927 = CIRCLE('',#2928,0.2);
#2928 = AXIS2_PLACEMENT_3D('',#2929,#2930,#2931);
#2929 = CARTESIAN_POINT('',(118.025,-61.,0.));
#2930 = DIRECTION('',(-0.,0.,-1.));
#2931 = DIRECTION('',(-0.,-1.,0.));
#2932 = FACE_BOUND('',#2933,.F.);
#2933 = EDGE_LOOP('',(#2934));
#2934 = ORIENTED_EDGE('',*,*,#2935,.T.);
#2935 = EDGE_CURVE('',#2936,#2936,#2938,.T.);
#2936 = VERTEX_POINT('',#2937);
#2937 = CARTESIAN_POINT('',(111.2407,-59.4718,0.));
#2938 = CIRCLE('',#2939,0.2);
#2939 = AXIS2_PLACEMENT_3D('',#2940,#2941,#2942);
#2940 = CARTESIAN_POINT('',(111.2407,-59.2718,0.));
#2941 = DIRECTION('',(-0.,0.,-1.));
#2942 = DIRECTION('',(-0.,-1.,0.));
#2943 = FACE_BOUND('',#2944,.F.);
#2944 = EDGE_LOOP('',(#2945));
#2945 = ORIENTED_EDGE('',*,*,#2946,.T.);
#2946 = EDGE_CURVE('',#2947,#2947,#2949,.T.);
#2947 = VERTEX_POINT('',#2948);
#2948 = CARTESIAN_POINT('',(110.008372,-59.061572,0.));
#2949 = CIRCLE('',#2950,0.2);
#2950 = AXIS2_PLACEMENT_3D('',#2951,#2952,#2953);
#2951 = CARTESIAN_POINT('',(110.008372,-58.861572,0.));
#2952 = DIRECTION('',(-0.,0.,-1.));
#2953 = DIRECTION('',(-7.105427357601E-14,-1.,0.));
#2954 = FACE_BOUND('',#2955,.F.);
#2955 = EDGE_LOOP('',(#2956));
#2956 = ORIENTED_EDGE('',*,*,#2957,.T.);
#2957 = EDGE_CURVE('',#2958,#2958,#2960,.T.);
#2958 = VERTEX_POINT('',#2959);
#2959 = CARTESIAN_POINT('',(126.425934,-61.836931,0.));
#2960 = CIRCLE('',#2961,0.2);
#2961 = AXIS2_PLACEMENT_3D('',#2962,#2963,#2964);
#2962 = CARTESIAN_POINT('',(126.425934,-61.636931,0.));
#2963 = DIRECTION('',(-0.,0.,-1.));
#2964 = DIRECTION('',(-0.,-1.,0.));
#2965 = FACE_BOUND('',#2966,.F.);
#2966 = EDGE_LOOP('',(#2967));
#2967 = ORIENTED_EDGE('',*,*,#2968,.T.);
#2968 = EDGE_CURVE('',#2969,#2969,#2971,.T.);
#2969 = VERTEX_POINT('',#2970);
#2970 = CARTESIAN_POINT('',(131.5459,-58.2491,0.));
#2971 = CIRCLE('',#2972,0.2);
#2972 = AXIS2_PLACEMENT_3D('',#2973,#2974,#2975);
#2973 = CARTESIAN_POINT('',(131.5459,-58.0491,0.));
#2974 = DIRECTION('',(-0.,0.,-1.));
#2975 = DIRECTION('',(-1.42108547152E-13,-1.,0.));
#2976 = FACE_BOUND('',#2977,.F.);
#2977 = EDGE_LOOP('',(#2978));
#2978 = ORIENTED_EDGE('',*,*,#2979,.T.);
#2979 = EDGE_CURVE('',#2980,#2980,#2982,.T.);
#2980 = VERTEX_POINT('',#2981);
#2981 = CARTESIAN_POINT('',(113.225,-55.2,0.));
#2982 = CIRCLE('',#2983,0.2);
#2983 = AXIS2_PLACEMENT_3D('',#2984,#2985,#2986);
#2984 = CARTESIAN_POINT('',(113.225,-55.,0.));
#2985 = DIRECTION('',(-0.,0.,-1.));
#2986 = DIRECTION('',(-0.,-1.,0.));
#2987 = FACE_BOUND('',#2988,.F.);
#2988 = EDGE_LOOP('',(#2989));
#2989 = ORIENTED_EDGE('',*,*,#2990,.T.);
#2990 = EDGE_CURVE('',#2991,#2991,#2993,.T.);
#2991 = VERTEX_POINT('',#2992);
#2992 = CARTESIAN_POINT('',(117.975,-55.2,0.));
#2993 = CIRCLE('',#2994,0.2);
#2994 = AXIS2_PLACEMENT_3D('',#2995,#2996,#2997);
#2995 = CARTESIAN_POINT('',(117.975,-55.,0.));
#2996 = DIRECTION('',(-0.,0.,-1.));
#2997 = DIRECTION('',(-0.,-1.,0.));
#2998 = FACE_BOUND('',#2999,.F.);
#2999 = EDGE_LOOP('',(#3000));
#3000 = ORIENTED_EDGE('',*,*,#3001,.T.);
#3001 = EDGE_CURVE('',#3002,#3002,#3004,.T.);
#3002 = VERTEX_POINT('',#3003);
#3003 = CARTESIAN_POINT('',(128.0001,-56.4975,0.));
#3004 = CIRCLE('',#3005,0.25);
#3005 = AXIS2_PLACEMENT_3D('',#3006,#3007,#3008);
#3006 = CARTESIAN_POINT('',(128.0001,-56.2475,0.));
#3007 = DIRECTION('',(-0.,0.,-1.));
#3008 = DIRECTION('',(-0.,-1.,0.));
#3009 = FACE_BOUND('',#3010,.F.);
#3010 = EDGE_LOOP('',(#3011));
#3011 = ORIENTED_EDGE('',*,*,#3012,.T.);
#3012 = EDGE_CURVE('',#3013,#3013,#3015,.T.);
#3013 = VERTEX_POINT('',#3014);
#3014 = CARTESIAN_POINT('',(127.775,-52.4,0.));
#3015 = CIRCLE('',#3016,0.2);
#3016 = AXIS2_PLACEMENT_3D('',#3017,#3018,#3019);
#3017 = CARTESIAN_POINT('',(127.775,-52.2,0.));
#3018 = DIRECTION('',(-0.,0.,-1.));
#3019 = DIRECTION('',(-0.,-1.,0.));
#3020 = FACE_BOUND('',#3021,.F.);
#3021 = EDGE_LOOP('',(#3022));
#3022 = ORIENTED_EDGE('',*,*,#3023,.T.);
#3023 = EDGE_CURVE('',#3024,#3024,#3026,.T.);
#3024 = VERTEX_POINT('',#3025);
#3025 = CARTESIAN_POINT('',(131.6625,-53.2,0.));
#3026 = CIRCLE('',#3027,0.2);
#3027 = AXIS2_PLACEMENT_3D('',#3028,#3029,#3030);
#3028 = CARTESIAN_POINT('',(131.6625,-53.,0.));
#3029 = DIRECTION('',(-0.,0.,-1.));
#3030 = DIRECTION('',(-1.42108547152E-13,-1.,0.));
#3031 = FACE_BOUND('',#3032,.F.);
#3032 = EDGE_LOOP('',(#3033));
#3033 = ORIENTED_EDGE('',*,*,#3034,.T.);
#3034 = EDGE_CURVE('',#3035,#3035,#3037,.T.);
#3035 = VERTEX_POINT('',#3036);
#3036 = CARTESIAN_POINT('',(130.8,-52.25,0.));
#3037 = CIRCLE('',#3038,0.2);
#3038 = AXIS2_PLACEMENT_3D('',#3039,#3040,#3041);
#3039 = CARTESIAN_POINT('',(130.8,-52.05,0.));
#3040 = DIRECTION('',(-0.,0.,-1.));
#3041 = DIRECTION('',(-0.,-1.,0.));
#3042 = FACE_BOUND('',#3043,.F.);
#3043 = EDGE_LOOP('',(#3044));
#3044 = ORIENTED_EDGE('',*,*,#3045,.T.);
#3045 = EDGE_CURVE('',#3046,#3046,#3048,.T.);
#3046 = VERTEX_POINT('',#3047);
#3047 = CARTESIAN_POINT('',(134.,-59.2,0.));
#3048 = CIRCLE('',#3049,0.2);
#3049 = AXIS2_PLACEMENT_3D('',#3050,#3051,#3052);
#3050 = CARTESIAN_POINT('',(134.,-59.,0.));
#3051 = DIRECTION('',(-0.,0.,-1.));
#3052 = DIRECTION('',(-0.,-1.,0.));
#3053 = FACE_BOUND('',#3054,.F.);
#3054 = EDGE_LOOP('',(#3055));
#3055 = ORIENTED_EDGE('',*,*,#3056,.T.);
#3056 = EDGE_CURVE('',#3057,#3057,#3059,.T.);
#3057 = VERTEX_POINT('',#3058);
#3058 = CARTESIAN_POINT('',(142.1375,-59.2,0.));
#3059 = CIRCLE('',#3060,0.2);
#3060 = AXIS2_PLACEMENT_3D('',#3061,#3062,#3063);
#3061 = CARTESIAN_POINT('',(142.1375,-59.,0.));
#3062 = DIRECTION('',(-0.,0.,-1.));
#3063 = DIRECTION('',(-0.,-1.,0.));
#3064 = FACE_BOUND('',#3065,.F.);
#3065 = EDGE_LOOP('',(#3066));
#3066 = ORIENTED_EDGE('',*,*,#3067,.T.);
#3067 = EDGE_CURVE('',#3068,#3068,#3070,.T.);
#3068 = VERTEX_POINT('',#3069);
#3069 = CARTESIAN_POINT('',(149.,-59.2,0.));
#3070 = CIRCLE('',#3071,0.2);
#3071 = AXIS2_PLACEMENT_3D('',#3072,#3073,#3074);
#3072 = CARTESIAN_POINT('',(149.,-59.,0.));
#3073 = DIRECTION('',(-0.,0.,-1.));
#3074 = DIRECTION('',(-0.,-1.,0.));
#3075 = FACE_BOUND('',#3076,.F.);
#3076 = EDGE_LOOP('',(#3077));
#3077 = ORIENTED_EDGE('',*,*,#3078,.T.);
#3078 = EDGE_CURVE('',#3079,#3079,#3081,.T.);
#3079 = VERTEX_POINT('',#3080);
#3080 = CARTESIAN_POINT('',(136.672558,-50.967972,0.));
#3081 = CIRCLE('',#3082,0.2);
#3082 = AXIS2_PLACEMENT_3D('',#3083,#3084,#3085);
#3083 = CARTESIAN_POINT('',(136.672558,-50.767972,0.));
#3084 = DIRECTION('',(-0.,0.,-1.));
#3085 = DIRECTION('',(1.42108547152E-13,-1.,-0.));
#3086 = FACE_BOUND('',#3087,.F.);
#3087 = EDGE_LOOP('',(#3088));
#3088 = ORIENTED_EDGE('',*,*,#3089,.T.);
#3089 = EDGE_CURVE('',#3090,#3090,#3092,.T.);
#3090 = VERTEX_POINT('',#3091);
#3091 = CARTESIAN_POINT('',(149.5,-52.2,0.));
#3092 = CIRCLE('',#3093,0.2);
#3093 = AXIS2_PLACEMENT_3D('',#3094,#3095,#3096);
#3094 = CARTESIAN_POINT('',(149.5,-52.,0.));
#3095 = DIRECTION('',(-0.,0.,-1.));
#3096 = DIRECTION('',(-0.,-1.,0.));
#3097 = FACE_BOUND('',#3098,.F.);
#3098 = EDGE_LOOP('',(#3099));
#3099 = ORIENTED_EDGE('',*,*,#3100,.T.);
#3100 = EDGE_CURVE('',#3101,#3101,#3103,.T.);
#3101 = VERTEX_POINT('',#3102);
#3102 = CARTESIAN_POINT('',(155.725,-73.7,0.));
#3103 = CIRCLE('',#3104,0.2);
#3104 = AXIS2_PLACEMENT_3D('',#3105,#3106,#3107);
#3105 = CARTESIAN_POINT('',(155.725,-73.5,0.));
#3106 = DIRECTION('',(-0.,0.,-1.));
#3107 = DIRECTION('',(-1.42108547152E-13,-1.,0.));
#3108 = FACE_BOUND('',#3109,.F.);
#3109 = EDGE_LOOP('',(#3110));
#3110 = ORIENTED_EDGE('',*,*,#3111,.T.);
#3111 = EDGE_CURVE('',#3112,#3112,#3114,.T.);
#3112 = VERTEX_POINT('',#3113);
#3113 = CARTESIAN_POINT('',(160.475,-73.7,0.));
#3114 = CIRCLE('',#3115,0.2);
#3115 = AXIS2_PLACEMENT_3D('',#3116,#3117,#3118);
#3116 = CARTESIAN_POINT('',(160.475,-73.5,0.));
#3117 = DIRECTION('',(-0.,0.,-1.));
#3118 = DIRECTION('',(-1.42108547152E-13,-1.,0.));
#3119 = FACE_BOUND('',#3120,.F.);
#3120 = EDGE_LOOP('',(#3121));
#3121 = ORIENTED_EDGE('',*,*,#3122,.T.);
#3122 = EDGE_CURVE('',#3123,#3123,#3125,.T.);
#3123 = VERTEX_POINT('',#3124);
#3124 = CARTESIAN_POINT('',(165.649999,-73.7,0.));
#3125 = CIRCLE('',#3126,0.2);
#3126 = AXIS2_PLACEMENT_3D('',#3127,#3128,#3129);
#3127 = CARTESIAN_POINT('',(165.649999,-73.5,0.));
#3128 = DIRECTION('',(-0.,0.,-1.));
#3129 = DIRECTION('',(1.42108547152E-13,-1.,-0.));
#3130 = FACE_BOUND('',#3131,.F.);
#3131 = EDGE_LOOP('',(#3132));
#3132 = ORIENTED_EDGE('',*,*,#3133,.T.);
#3133 = EDGE_CURVE('',#3134,#3134,#3136,.T.);
#3134 = VERTEX_POINT('',#3135);
#3135 = CARTESIAN_POINT('',(167.871292,-73.016313,0.));
#3136 = CIRCLE('',#3137,0.2);
#3137 = AXIS2_PLACEMENT_3D('',#3138,#3139,#3140);
#3138 = CARTESIAN_POINT('',(167.871292,-72.816313,0.));
#3139 = DIRECTION('',(-0.,0.,-1.));
#3140 = DIRECTION('',(1.42108547152E-13,-1.,-0.));
#3141 = FACE_BOUND('',#3142,.F.);
#3142 = EDGE_LOOP('',(#3143));
#3143 = ORIENTED_EDGE('',*,*,#3144,.T.);
#3144 = EDGE_CURVE('',#3145,#3145,#3147,.T.);
#3145 = VERTEX_POINT('',#3146);
#3146 = CARTESIAN_POINT('',(174.674999,-68.2,0.));
#3147 = CIRCLE('',#3148,0.2);
#3148 = AXIS2_PLACEMENT_3D('',#3149,#3150,#3151);
#3149 = CARTESIAN_POINT('',(174.674999,-68.,0.));
#3150 = DIRECTION('',(-0.,0.,-1.));
#3151 = DIRECTION('',(-0.,-1.,0.));
#3152 = FACE_BOUND('',#3153,.F.);
#3153 = EDGE_LOOP('',(#3154));
#3154 = ORIENTED_EDGE('',*,*,#3155,.T.);
#3155 = EDGE_CURVE('',#3156,#3156,#3158,.T.);
#3156 = VERTEX_POINT('',#3157);
#3157 = CARTESIAN_POINT('',(174.674999,-65.659999,0.));
#3158 = CIRCLE('',#3159,0.2);
#3159 = AXIS2_PLACEMENT_3D('',#3160,#3161,#3162);
#3160 = CARTESIAN_POINT('',(174.674999,-65.459999,0.));
#3161 = DIRECTION('',(-0.,0.,-1.));
#3162 = DIRECTION('',(-0.,-1.,0.));
#3163 = FACE_BOUND('',#3164,.F.);
#3164 = EDGE_LOOP('',(#3165));
#3165 = ORIENTED_EDGE('',*,*,#3166,.T.);
#3166 = EDGE_CURVE('',#3167,#3167,#3169,.T.);
#3167 = VERTEX_POINT('',#3168);
#3168 = CARTESIAN_POINT('',(179.,-74.2,0.));
#3169 = CIRCLE('',#3170,0.2);
#3170 = AXIS2_PLACEMENT_3D('',#3171,#3172,#3173);
#3171 = CARTESIAN_POINT('',(179.,-74.,0.));
#3172 = DIRECTION('',(-0.,0.,-1.));
#3173 = DIRECTION('',(-0.,-1.,0.));
#3174 = FACE_BOUND('',#3175,.F.);
#3175 = EDGE_LOOP('',(#3176));
#3176 = ORIENTED_EDGE('',*,*,#3177,.T.);
#3177 = EDGE_CURVE('',#3178,#3178,#3180,.T.);
#3178 = VERTEX_POINT('',#3179);
#3179 = CARTESIAN_POINT('',(192.,-76.2,0.));
#3180 = CIRCLE('',#3181,0.2);
#3181 = AXIS2_PLACEMENT_3D('',#3182,#3183,#3184);
#3182 = CARTESIAN_POINT('',(192.,-76.,0.));
#3183 = DIRECTION('',(-0.,0.,-1.));
#3184 = DIRECTION('',(-0.,-1.,0.));
#3185 = FACE_BOUND('',#3186,.F.);
#3186 = EDGE_LOOP('',(#3187));
#3187 = ORIENTED_EDGE('',*,*,#3188,.T.);
#3188 = EDGE_CURVE('',#3189,#3189,#3191,.T.);
#3189 = VERTEX_POINT('',#3190);
#3190 = CARTESIAN_POINT('',(179.975,-68.2,0.));
#3191 = CIRCLE('',#3192,0.2);
#3192 = AXIS2_PLACEMENT_3D('',#3193,#3194,#3195);
#3193 = CARTESIAN_POINT('',(179.975,-68.,0.));
#3194 = DIRECTION('',(-0.,0.,-1.));
#3195 = DIRECTION('',(-1.42108547152E-13,-1.,0.));
#3196 = FACE_BOUND('',#3197,.F.);
#3197 = EDGE_LOOP('',(#3198));
#3198 = ORIENTED_EDGE('',*,*,#3199,.T.);
#3199 = EDGE_CURVE('',#3200,#3200,#3202,.T.);
#3200 = VERTEX_POINT('',#3201);
#3201 = CARTESIAN_POINT('',(164.,-59.2,0.));
#3202 = CIRCLE('',#3203,0.2);
#3203 = AXIS2_PLACEMENT_3D('',#3204,#3205,#3206);
#3204 = CARTESIAN_POINT('',(164.,-59.,0.));
#3205 = DIRECTION('',(-0.,0.,-1.));
#3206 = DIRECTION('',(-0.,-1.,0.));
#3207 = FACE_BOUND('',#3208,.F.);
#3208 = EDGE_LOOP('',(#3209));
#3209 = ORIENTED_EDGE('',*,*,#3210,.T.);
#3210 = EDGE_CURVE('',#3211,#3211,#3213,.T.);
#3211 = VERTEX_POINT('',#3212);
#3212 = CARTESIAN_POINT('',(162.7,-52.2,0.));
#3213 = CIRCLE('',#3214,0.2);
#3214 = AXIS2_PLACEMENT_3D('',#3215,#3216,#3217);
#3215 = CARTESIAN_POINT('',(162.7,-52.,0.));
#3216 = DIRECTION('',(-0.,0.,-1.));
#3217 = DIRECTION('',(-0.,-1.,0.));
#3218 = FACE_BOUND('',#3219,.F.);
#3219 = EDGE_LOOP('',(#3220));
#3220 = ORIENTED_EDGE('',*,*,#3221,.T.);
#3221 = EDGE_CURVE('',#3222,#3222,#3224,.T.);
#3222 = VERTEX_POINT('',#3223);
#3223 = CARTESIAN_POINT('',(171.7848,-51.1833,0.));
#3224 = CIRCLE('',#3225,0.2);
#3225 = AXIS2_PLACEMENT_3D('',#3226,#3227,#3228);
#3226 = CARTESIAN_POINT('',(171.7848,-50.9833,0.));
#3227 = DIRECTION('',(-0.,0.,-1.));
#3228 = DIRECTION('',(-1.42108547152E-13,-1.,0.));
#3229 = FACE_BOUND('',#3230,.F.);
#3230 = EDGE_LOOP('',(#3231));
#3231 = ORIENTED_EDGE('',*,*,#3232,.T.);
#3232 = EDGE_CURVE('',#3233,#3233,#3235,.T.);
#3233 = VERTEX_POINT('',#3234);
#3234 = CARTESIAN_POINT('',(179.,-59.2,0.));
#3235 = CIRCLE('',#3236,0.2);
#3236 = AXIS2_PLACEMENT_3D('',#3237,#3238,#3239);
#3237 = CARTESIAN_POINT('',(179.,-59.,0.));
#3238 = DIRECTION('',(-0.,0.,-1.));
#3239 = DIRECTION('',(-0.,-1.,0.));
#3240 = FACE_BOUND('',#3241,.F.);
#3241 = EDGE_LOOP('',(#3242));
#3242 = ORIENTED_EDGE('',*,*,#3243,.T.);
#3243 = EDGE_CURVE('',#3244,#3244,#3246,.T.);
#3244 = VERTEX_POINT('',#3245);
#3245 = CARTESIAN_POINT('',(175.899999,-52.2,0.));
#3246 = CIRCLE('',#3247,0.2);
#3247 = AXIS2_PLACEMENT_3D('',#3248,#3249,#3250);
#3248 = CARTESIAN_POINT('',(175.899999,-52.,0.));
#3249 = DIRECTION('',(-0.,0.,-1.));
#3250 = DIRECTION('',(1.42108547152E-13,-1.,-0.));
#3251 = FACE_BOUND('',#3252,.F.);
#3252 = EDGE_LOOP('',(#3253));
#3253 = ORIENTED_EDGE('',*,*,#3254,.T.);
#3254 = EDGE_CURVE('',#3255,#3255,#3257,.T.);
#3255 = VERTEX_POINT('',#3256);
#3256 = CARTESIAN_POINT('',(189.1,-52.2,0.));
#3257 = CIRCLE('',#3258,0.2);
#3258 = AXIS2_PLACEMENT_3D('',#3259,#3260,#3261);
#3259 = CARTESIAN_POINT('',(189.1,-52.,0.));
#3260 = DIRECTION('',(-0.,0.,-1.));
#3261 = DIRECTION('',(-1.42108547152E-13,-1.,0.));
#3262 = FACE_BOUND('',#3263,.F.);
#3263 = EDGE_LOOP('',(#3264));
#3264 = ORIENTED_EDGE('',*,*,#3265,.T.);
#3265 = EDGE_CURVE('',#3266,#3266,#3268,.T.);
#3266 = VERTEX_POINT('',#3267);
#3267 = CARTESIAN_POINT('',(115.,-47.4,0.));
#3268 = CIRCLE('',#3269,0.4);
#3269 = AXIS2_PLACEMENT_3D('',#3270,#3271,#3272);
#3270 = CARTESIAN_POINT('',(115.,-47.,0.));
#3271 = DIRECTION('',(-0.,0.,-1.));
#3272 = DIRECTION('',(-0.,-1.,0.));
#3273 = FACE_BOUND('',#3274,.F.);
#3274 = EDGE_LOOP('',(#3275));
#3275 = ORIENTED_EDGE('',*,*,#3276,.T.);
#3276 = EDGE_CURVE('',#3277,#3277,#3279,.T.);
#3277 = VERTEX_POINT('',#3278);
#3278 = CARTESIAN_POINT('',(117.,-47.4,0.));
#3279 = CIRCLE('',#3280,0.4);
#3280 = AXIS2_PLACEMENT_3D('',#3281,#3282,#3283);
#3281 = CARTESIAN_POINT('',(117.,-47.,0.));
#3282 = DIRECTION('',(-0.,0.,-1.));
#3283 = DIRECTION('',(-0.,-1.,0.));
#3284 = FACE_BOUND('',#3285,.F.);
#3285 = EDGE_LOOP('',(#3286));
#3286 = ORIENTED_EDGE('',*,*,#3287,.T.);
#3287 = EDGE_CURVE('',#3288,#3288,#3290,.T.);
#3288 = VERTEX_POINT('',#3289);
#3289 = CARTESIAN_POINT('',(112.6625,-40.2,0.));
#3290 = CIRCLE('',#3291,0.2);
#3291 = AXIS2_PLACEMENT_3D('',#3292,#3293,#3294);
#3292 = CARTESIAN_POINT('',(112.6625,-40.,0.));
#3293 = DIRECTION('',(-0.,0.,-1.));
#3294 = DIRECTION('',(-0.,-1.,0.));
#3295 = FACE_BOUND('',#3296,.F.);
#3296 = EDGE_LOOP('',(#3297));
#3297 = ORIENTED_EDGE('',*,*,#3298,.T.);
#3298 = EDGE_CURVE('',#3299,#3299,#3301,.T.);
#3299 = VERTEX_POINT('',#3300);
#3300 = CARTESIAN_POINT('',(126.2,-38.2,0.));
#3301 = CIRCLE('',#3302,0.2);
#3302 = AXIS2_PLACEMENT_3D('',#3303,#3304,#3305);
#3303 = CARTESIAN_POINT('',(126.2,-38.,0.));
#3304 = DIRECTION('',(-0.,0.,-1.));
#3305 = DIRECTION('',(-0.,-1.,0.));
#3306 = FACE_BOUND('',#3307,.F.);
#3307 = EDGE_LOOP('',(#3308));
#3308 = ORIENTED_EDGE('',*,*,#3309,.T.);
#3309 = EDGE_CURVE('',#3310,#3310,#3312,.T.);
#3310 = VERTEX_POINT('',#3311);
#3311 = CARTESIAN_POINT('',(135.0932,-49.8265,0.));
#3312 = CIRCLE('',#3313,0.2);
#3313 = AXIS2_PLACEMENT_3D('',#3314,#3315,#3316);
#3314 = CARTESIAN_POINT('',(135.0932,-49.6265,0.));
#3315 = DIRECTION('',(-0.,0.,-1.));
#3316 = DIRECTION('',(-1.42108547152E-13,-1.,0.));
#3317 = FACE_BOUND('',#3318,.F.);
#3318 = EDGE_LOOP('',(#3319));
#3319 = ORIENTED_EDGE('',*,*,#3320,.T.);
#3320 = EDGE_CURVE('',#3321,#3321,#3323,.T.);
#3321 = VERTEX_POINT('',#3322);
#3322 = CARTESIAN_POINT('',(139.524999,-47.2,0.));
#3323 = CIRCLE('',#3324,0.2);
#3324 = AXIS2_PLACEMENT_3D('',#3325,#3326,#3327);
#3325 = CARTESIAN_POINT('',(139.524999,-47.,0.));
#3326 = DIRECTION('',(-0.,0.,-1.));
#3327 = DIRECTION('',(1.42108547152E-13,-1.,-0.));
#3328 = FACE_BOUND('',#3329,.F.);
#3329 = EDGE_LOOP('',(#3330));
#3330 = ORIENTED_EDGE('',*,*,#3331,.T.);
#3331 = EDGE_CURVE('',#3332,#3332,#3334,.T.);
#3332 = VERTEX_POINT('',#3333);
#3333 = CARTESIAN_POINT('',(134.,-44.2,0.));
#3334 = CIRCLE('',#3335,0.2);
#3335 = AXIS2_PLACEMENT_3D('',#3336,#3337,#3338);
#3336 = CARTESIAN_POINT('',(134.,-44.,0.));
#3337 = DIRECTION('',(-0.,0.,-1.));
#3338 = DIRECTION('',(-0.,-1.,0.));
#3339 = FACE_BOUND('',#3340,.F.);
#3340 = EDGE_LOOP('',(#3341));
#3341 = ORIENTED_EDGE('',*,*,#3342,.T.);
#3342 = EDGE_CURVE('',#3343,#3343,#3345,.T.);
#3343 = VERTEX_POINT('',#3344);
#3344 = CARTESIAN_POINT('',(144.774999,-48.2,0.));
#3345 = CIRCLE('',#3346,0.2);
#3346 = AXIS2_PLACEMENT_3D('',#3347,#3348,#3349);
#3347 = CARTESIAN_POINT('',(144.774999,-48.,0.));
#3348 = DIRECTION('',(-0.,0.,-1.));
#3349 = DIRECTION('',(1.42108547152E-13,-1.,-0.));
#3350 = FACE_BOUND('',#3351,.F.);
#3351 = EDGE_LOOP('',(#3352));
#3352 = ORIENTED_EDGE('',*,*,#3353,.T.);
#3353 = EDGE_CURVE('',#3354,#3354,#3356,.T.);
#3354 = VERTEX_POINT('',#3355);
#3355 = CARTESIAN_POINT('',(149.1356,-48.7523,0.));
#3356 = CIRCLE('',#3357,0.2);
#3357 = AXIS2_PLACEMENT_3D('',#3358,#3359,#3360);
#3358 = CARTESIAN_POINT('',(149.1356,-48.5523,0.));
#3359 = DIRECTION('',(-0.,0.,-1.));
#3360 = DIRECTION('',(-0.,-1.,0.));
#3361 = FACE_BOUND('',#3362,.F.);
#3362 = EDGE_LOOP('',(#3363));
#3363 = ORIENTED_EDGE('',*,*,#3364,.T.);
#3364 = EDGE_CURVE('',#3365,#3365,#3367,.T.);
#3365 = VERTEX_POINT('',#3366);
#3366 = CARTESIAN_POINT('',(151.1492,-49.7262,0.));
#3367 = CIRCLE('',#3368,0.2);
#3368 = AXIS2_PLACEMENT_3D('',#3369,#3370,#3371);
#3369 = CARTESIAN_POINT('',(151.1492,-49.5262,0.));
#3370 = DIRECTION('',(-0.,0.,-1.));
#3371 = DIRECTION('',(-0.,-1.,0.));
#3372 = FACE_BOUND('',#3373,.F.);
#3373 = EDGE_LOOP('',(#3374));
#3374 = ORIENTED_EDGE('',*,*,#3375,.T.);
#3375 = EDGE_CURVE('',#3376,#3376,#3378,.T.);
#3376 = VERTEX_POINT('',#3377);
#3377 = CARTESIAN_POINT('',(134.675,-42.2,0.));
#3378 = CIRCLE('',#3379,0.2);
#3379 = AXIS2_PLACEMENT_3D('',#3380,#3381,#3382);
#3380 = CARTESIAN_POINT('',(134.675,-42.,0.));
#3381 = DIRECTION('',(-0.,0.,-1.));
#3382 = DIRECTION('',(-0.,-1.,0.));
#3383 = FACE_BOUND('',#3384,.F.);
#3384 = EDGE_LOOP('',(#3385));
#3385 = ORIENTED_EDGE('',*,*,#3386,.T.);
#3386 = EDGE_CURVE('',#3387,#3387,#3389,.T.);
#3387 = VERTEX_POINT('',#3388);
#3388 = CARTESIAN_POINT('',(147.3243,-41.3703,0.));
#3389 = CIRCLE('',#3390,0.2);
#3390 = AXIS2_PLACEMENT_3D('',#3391,#3392,#3393);
#3391 = CARTESIAN_POINT('',(147.3243,-41.1703,0.));
#3392 = DIRECTION('',(-0.,0.,-1.));
#3393 = DIRECTION('',(-0.,-1.,0.));
#3394 = FACE_BOUND('',#3395,.F.);
#3395 = EDGE_LOOP('',(#3396));
#3396 = ORIENTED_EDGE('',*,*,#3397,.T.);
#3397 = EDGE_CURVE('',#3398,#3398,#3400,.T.);
#3398 = VERTEX_POINT('',#3399);
#3399 = CARTESIAN_POINT('',(111.26,-25.7,0.));
#3400 = CIRCLE('',#3401,0.7);
#3401 = AXIS2_PLACEMENT_3D('',#3402,#3403,#3404);
#3402 = CARTESIAN_POINT('',(111.26,-25.,0.));
#3403 = DIRECTION('',(-0.,0.,-1.));
#3404 = DIRECTION('',(2.030122102172E-14,-1.,-0.));
#3405 = FACE_BOUND('',#3406,.F.);
#3406 = EDGE_LOOP('',(#3407));
#3407 = ORIENTED_EDGE('',*,*,#3408,.T.);
#3408 = EDGE_CURVE('',#3409,#3409,#3411,.T.);
#3409 = VERTEX_POINT('',#3410);
#3410 = CARTESIAN_POINT('',(116.34,-25.7,0.));
#3411 = CIRCLE('',#3412,0.7);
#3412 = AXIS2_PLACEMENT_3D('',#3413,#3414,#3415);
#3413 = CARTESIAN_POINT('',(116.34,-25.,0.));
#3414 = DIRECTION('',(-0.,0.,-1.));
#3415 = DIRECTION('',(-0.,-1.,0.));
#3416 = FACE_BOUND('',#3417,.F.);
#3417 = EDGE_LOOP('',(#3418));
#3418 = ORIENTED_EDGE('',*,*,#3419,.T.);
#3419 = EDGE_CURVE('',#3420,#3420,#3422,.T.);
#3420 = VERTEX_POINT('',#3421);
#3421 = CARTESIAN_POINT('',(124.5,-25.7,0.));
#3422 = CIRCLE('',#3423,0.7);
#3423 = AXIS2_PLACEMENT_3D('',#3424,#3425,#3426);
#3424 = CARTESIAN_POINT('',(124.5,-25.,0.));
#3425 = DIRECTION('',(-0.,0.,-1.));
#3426 = DIRECTION('',(-0.,-1.,0.));
#3427 = FACE_BOUND('',#3428,.F.);
#3428 = EDGE_LOOP('',(#3429));
#3429 = ORIENTED_EDGE('',*,*,#3430,.T.);
#3430 = EDGE_CURVE('',#3431,#3431,#3433,.T.);
#3431 = VERTEX_POINT('',#3432);
#3432 = CARTESIAN_POINT('',(129.58,-25.7,0.));
#3433 = CIRCLE('',#3434,0.7);
#3434 = AXIS2_PLACEMENT_3D('',#3435,#3436,#3437);
#3435 = CARTESIAN_POINT('',(129.58,-25.,0.));
#3436 = DIRECTION('',(-0.,0.,-1.));
#3437 = DIRECTION('',(4.060244204343E-14,-1.,-0.));
#3438 = FACE_BOUND('',#3439,.F.);
#3439 = EDGE_LOOP('',(#3440));
#3440 = ORIENTED_EDGE('',*,*,#3441,.T.);
#3441 = EDGE_CURVE('',#3442,#3442,#3444,.T.);
#3442 = VERTEX_POINT('',#3443);
#3443 = CARTESIAN_POINT('',(134.66,-25.7,0.));
#3444 = CIRCLE('',#3445,0.7);
#3445 = AXIS2_PLACEMENT_3D('',#3446,#3447,#3448);
#3446 = CARTESIAN_POINT('',(134.66,-25.,0.));
#3447 = DIRECTION('',(-0.,0.,-1.));
#3448 = DIRECTION('',(-4.060244204344E-14,-1.,0.));
#3449 = FACE_BOUND('',#3450,.F.);
#3450 = EDGE_LOOP('',(#3451));
#3451 = ORIENTED_EDGE('',*,*,#3452,.T.);
#3452 = EDGE_CURVE('',#3453,#3453,#3455,.T.);
#3453 = VERTEX_POINT('',#3454);
#3454 = CARTESIAN_POINT('',(142.8,-25.7,0.));
#3455 = CIRCLE('',#3456,0.7);
#3456 = AXIS2_PLACEMENT_3D('',#3457,#3458,#3459);
#3457 = CARTESIAN_POINT('',(142.8,-25.,0.));
#3458 = DIRECTION('',(-0.,0.,-1.));
#3459 = DIRECTION('',(-0.,-1.,0.));
#3460 = FACE_BOUND('',#3461,.F.);
#3461 = EDGE_LOOP('',(#3462));
#3462 = ORIENTED_EDGE('',*,*,#3463,.T.);
#3463 = EDGE_CURVE('',#3464,#3464,#3466,.T.);
#3464 = VERTEX_POINT('',#3465);
#3465 = CARTESIAN_POINT('',(147.88,-25.7,0.));
#3466 = CIRCLE('',#3467,0.7);
#3467 = AXIS2_PLACEMENT_3D('',#3468,#3469,#3470);
#3468 = CARTESIAN_POINT('',(147.88,-25.,0.));
#3469 = DIRECTION('',(-0.,0.,-1.));
#3470 = DIRECTION('',(-0.,-1.,0.));
#3471 = FACE_BOUND('',#3472,.F.);
#3472 = EDGE_LOOP('',(#3473));
#3473 = ORIENTED_EDGE('',*,*,#3474,.T.);
#3474 = EDGE_CURVE('',#3475,#3475,#3477,.T.);
#3475 = VERTEX_POINT('',#3476);
#3476 = CARTESIAN_POINT('',(157.975,-48.2,0.));
#3477 = CIRCLE('',#3478,0.2);
#3478 = AXIS2_PLACEMENT_3D('',#3479,#3480,#3481);
#3479 = CARTESIAN_POINT('',(157.975,-48.,0.));
#3480 = DIRECTION('',(-0.,0.,-1.));
#3481 = DIRECTION('',(-1.42108547152E-13,-1.,0.));
#3482 = FACE_BOUND('',#3483,.F.);
#3483 = EDGE_LOOP('',(#3484));
#3484 = ORIENTED_EDGE('',*,*,#3485,.T.);
#3485 = EDGE_CURVE('',#3486,#3486,#3488,.T.);
#3486 = VERTEX_POINT('',#3487);
#3487 = CARTESIAN_POINT('',(159.6617,-50.0521,0.));
#3488 = CIRCLE('',#3489,0.2);
#3489 = AXIS2_PLACEMENT_3D('',#3490,#3491,#3492);
#3490 = CARTESIAN_POINT('',(159.6617,-49.8521,0.));
#3491 = DIRECTION('',(-0.,0.,-1.));
#3492 = DIRECTION('',(-0.,-1.,0.));
#3493 = FACE_BOUND('',#3494,.F.);
#3494 = EDGE_LOOP('',(#3495));
#3495 = ORIENTED_EDGE('',*,*,#3496,.T.);
#3496 = EDGE_CURVE('',#3497,#3497,#3499,.T.);
#3497 = VERTEX_POINT('',#3498);
#3498 = CARTESIAN_POINT('',(163.1246,-46.6676,0.));
#3499 = CIRCLE('',#3500,0.2);
#3500 = AXIS2_PLACEMENT_3D('',#3501,#3502,#3503);
#3501 = CARTESIAN_POINT('',(163.1246,-46.4676,0.));
#3502 = DIRECTION('',(-0.,0.,-1.));
#3503 = DIRECTION('',(-0.,-1.,0.));
#3504 = FACE_BOUND('',#3505,.F.);
#3505 = EDGE_LOOP('',(#3506));
#3506 = ORIENTED_EDGE('',*,*,#3507,.T.);
#3507 = EDGE_CURVE('',#3508,#3508,#3510,.T.);
#3508 = VERTEX_POINT('',#3509);
#3509 = CARTESIAN_POINT('',(162.9129,-44.4314,0.));
#3510 = CIRCLE('',#3511,0.2);
#3511 = AXIS2_PLACEMENT_3D('',#3512,#3513,#3514);
#3512 = CARTESIAN_POINT('',(162.9129,-44.2314,0.));
#3513 = DIRECTION('',(-0.,0.,-1.));
#3514 = DIRECTION('',(1.42108547152E-13,-1.,-0.));
#3515 = FACE_BOUND('',#3516,.F.);
#3516 = EDGE_LOOP('',(#3517));
#3517 = ORIENTED_EDGE('',*,*,#3518,.T.);
#3518 = EDGE_CURVE('',#3519,#3519,#3521,.T.);
#3519 = VERTEX_POINT('',#3520);
#3520 = CARTESIAN_POINT('',(164.,-44.2,0.));
#3521 = CIRCLE('',#3522,0.2);
#3522 = AXIS2_PLACEMENT_3D('',#3523,#3524,#3525);
#3523 = CARTESIAN_POINT('',(164.,-44.,0.));
#3524 = DIRECTION('',(-0.,0.,-1.));
#3525 = DIRECTION('',(-0.,-1.,0.));
#3526 = FACE_BOUND('',#3527,.F.);
#3527 = EDGE_LOOP('',(#3528));
#3528 = ORIENTED_EDGE('',*,*,#3529,.T.);
#3529 = EDGE_CURVE('',#3530,#3530,#3532,.T.);
#3530 = VERTEX_POINT('',#3531);
#3531 = CARTESIAN_POINT('',(171.174999,-48.2,0.));
#3532 = CIRCLE('',#3533,0.2);
#3533 = AXIS2_PLACEMENT_3D('',#3534,#3535,#3536);
#3534 = CARTESIAN_POINT('',(171.174999,-48.,0.));
#3535 = DIRECTION('',(-0.,0.,-1.));
#3536 = DIRECTION('',(-0.,-1.,0.));
#3537 = FACE_BOUND('',#3538,.F.);
#3538 = EDGE_LOOP('',(#3539));
#3539 = ORIENTED_EDGE('',*,*,#3540,.T.);
#3540 = EDGE_CURVE('',#3541,#3541,#3543,.T.);
#3541 = VERTEX_POINT('',#3542);
#3542 = CARTESIAN_POINT('',(172.0228,-46.6545,0.));
#3543 = CIRCLE('',#3544,0.2);
#3544 = AXIS2_PLACEMENT_3D('',#3545,#3546,#3547);
#3545 = CARTESIAN_POINT('',(172.0228,-46.4545,0.));
#3546 = DIRECTION('',(-0.,0.,-1.));
#3547 = DIRECTION('',(-1.42108547152E-13,-1.,0.));
#3548 = FACE_BOUND('',#3549,.F.);
#3549 = EDGE_LOOP('',(#3550));
#3550 = ORIENTED_EDGE('',*,*,#3551,.T.);
#3551 = EDGE_CURVE('',#3552,#3552,#3554,.T.);
#3552 = VERTEX_POINT('',#3553);
#3553 = CARTESIAN_POINT('',(171.5522,-40.2591,0.));
#3554 = CIRCLE('',#3555,0.2);
#3555 = AXIS2_PLACEMENT_3D('',#3556,#3557,#3558);
#3556 = CARTESIAN_POINT('',(171.5522,-40.0591,0.));
#3557 = DIRECTION('',(-0.,0.,-1.));
#3558 = DIRECTION('',(-0.,-1.,0.));
#3559 = FACE_BOUND('',#3560,.F.);
#3560 = EDGE_LOOP('',(#3561));
#3561 = ORIENTED_EDGE('',*,*,#3562,.T.);
#3562 = EDGE_CURVE('',#3563,#3563,#3565,.T.);
#3563 = VERTEX_POINT('',#3564);
#3564 = CARTESIAN_POINT('',(182.3614,-49.145,0.));
#3565 = CIRCLE('',#3566,0.2);
#3566 = AXIS2_PLACEMENT_3D('',#3567,#3568,#3569);
#3567 = CARTESIAN_POINT('',(182.3614,-48.945,0.));
#3568 = DIRECTION('',(-0.,0.,-1.));
#3569 = DIRECTION('',(-0.,-1.,0.));
#3570 = FACE_BOUND('',#3571,.F.);
#3571 = EDGE_LOOP('',(#3572));
#3572 = ORIENTED_EDGE('',*,*,#3573,.T.);
#3573 = EDGE_CURVE('',#3574,#3574,#3576,.T.);
#3574 = VERTEX_POINT('',#3575);
#3575 = CARTESIAN_POINT('',(184.375,-48.2,0.));
#3576 = CIRCLE('',#3577,0.2);
#3577 = AXIS2_PLACEMENT_3D('',#3578,#3579,#3580);
#3578 = CARTESIAN_POINT('',(184.375,-48.,0.));
#3579 = DIRECTION('',(-0.,0.,-1.));
#3580 = DIRECTION('',(-0.,-1.,0.));
#3581 = FACE_BOUND('',#3582,.F.);
#3582 = EDGE_LOOP('',(#3583));
#3583 = ORIENTED_EDGE('',*,*,#3584,.T.);
#3584 = EDGE_CURVE('',#3585,#3585,#3587,.T.);
#3585 = VERTEX_POINT('',#3586);
#3586 = CARTESIAN_POINT('',(179.,-44.2,0.));
#3587 = CIRCLE('',#3588,0.2);
#3588 = AXIS2_PLACEMENT_3D('',#3589,#3590,#3591);
#3589 = CARTESIAN_POINT('',(179.,-44.,0.));
#3590 = DIRECTION('',(-0.,0.,-1.));
#3591 = DIRECTION('',(-0.,-1.,0.));
#3592 = FACE_BOUND('',#3593,.F.);
#3593 = EDGE_LOOP('',(#3594));
#3594 = ORIENTED_EDGE('',*,*,#3595,.T.);
#3595 = EDGE_CURVE('',#3596,#3596,#3598,.T.);
#3596 = VERTEX_POINT('',#3597);
#3597 = CARTESIAN_POINT('',(182.4721,-42.3041,0.));
#3598 = CIRCLE('',#3599,0.2);
#3599 = AXIS2_PLACEMENT_3D('',#3600,#3601,#3602);
#3600 = CARTESIAN_POINT('',(182.4721,-42.1041,0.));
#3601 = DIRECTION('',(-0.,0.,-1.));
#3602 = DIRECTION('',(-0.,-1.,0.));
#3603 = FACE_BOUND('',#3604,.F.);
#3604 = EDGE_LOOP('',(#3605));
#3605 = ORIENTED_EDGE('',*,*,#3606,.T.);
#3606 = EDGE_CURVE('',#3607,#3607,#3609,.T.);
#3607 = VERTEX_POINT('',#3608);
#3608 = CARTESIAN_POINT('',(156.,-25.7,0.));
#3609 = CIRCLE('',#3610,0.7);
#3610 = AXIS2_PLACEMENT_3D('',#3611,#3612,#3613);
#3611 = CARTESIAN_POINT('',(156.,-25.,0.));
#3612 = DIRECTION('',(-0.,0.,-1.));
#3613 = DIRECTION('',(-0.,-1.,0.));
#3614 = FACE_BOUND('',#3615,.F.);
#3615 = EDGE_LOOP('',(#3616));
#3616 = ORIENTED_EDGE('',*,*,#3617,.T.);
#3617 = EDGE_CURVE('',#3618,#3618,#3620,.T.);
#3618 = VERTEX_POINT('',#3619);
#3619 = CARTESIAN_POINT('',(161.08,-25.7,0.));
#3620 = CIRCLE('',#3621,0.7);
#3621 = AXIS2_PLACEMENT_3D('',#3622,#3623,#3624);
#3622 = CARTESIAN_POINT('',(161.08,-25.,0.));
#3623 = DIRECTION('',(-0.,0.,-1.));
#3624 = DIRECTION('',(4.060244204343E-14,-1.,-0.));
#3625 = FACE_BOUND('',#3626,.F.);
#3626 = EDGE_LOOP('',(#3627));
#3627 = ORIENTED_EDGE('',*,*,#3628,.T.);
#3628 = EDGE_CURVE('',#3629,#3629,#3631,.T.);
#3629 = VERTEX_POINT('',#3630);
#3630 = CARTESIAN_POINT('',(169.2,-25.7,0.));
#3631 = CIRCLE('',#3632,0.7);
#3632 = AXIS2_PLACEMENT_3D('',#3633,#3634,#3635);
#3633 = CARTESIAN_POINT('',(169.2,-25.,0.));
#3634 = DIRECTION('',(-0.,0.,-1.));
#3635 = DIRECTION('',(-0.,-1.,0.));
#3636 = FACE_BOUND('',#3637,.F.);
#3637 = EDGE_LOOP('',(#3638));
#3638 = ORIENTED_EDGE('',*,*,#3639,.T.);
#3639 = EDGE_CURVE('',#3640,#3640,#3642,.T.);
#3640 = VERTEX_POINT('',#3641);
#3641 = CARTESIAN_POINT('',(174.28,-25.7,0.));
#3642 = CIRCLE('',#3643,0.7);
#3643 = AXIS2_PLACEMENT_3D('',#3644,#3645,#3646);
#3644 = CARTESIAN_POINT('',(174.28,-25.,0.));
#3645 = DIRECTION('',(-0.,0.,-1.));
#3646 = DIRECTION('',(-0.,-1.,0.));
#3647 = FACE_BOUND('',#3648,.F.);
#3648 = EDGE_LOOP('',(#3649));
#3649 = ORIENTED_EDGE('',*,*,#3650,.T.);
#3650 = EDGE_CURVE('',#3651,#3651,#3653,.T.);
#3651 = VERTEX_POINT('',#3652);
#3652 = CARTESIAN_POINT('',(182.4,-25.7,0.));
#3653 = CIRCLE('',#3654,0.7);
#3654 = AXIS2_PLACEMENT_3D('',#3655,#3656,#3657);
#3655 = CARTESIAN_POINT('',(182.4,-25.,0.));
#3656 = DIRECTION('',(-0.,0.,-1.));
#3657 = DIRECTION('',(4.060244204343E-14,-1.,-0.));
#3658 = FACE_BOUND('',#3659,.F.);
#3659 = EDGE_LOOP('',(#3660));
#3660 = ORIENTED_EDGE('',*,*,#3661,.T.);
#3661 = EDGE_CURVE('',#3662,#3662,#3664,.T.);
#3662 = VERTEX_POINT('',#3663);
#3663 = CARTESIAN_POINT('',(187.48,-25.7,0.));
#3664 = CIRCLE('',#3665,0.7);
#3665 = AXIS2_PLACEMENT_3D('',#3666,#3667,#3668);
#3666 = CARTESIAN_POINT('',(187.48,-25.,0.));
#3667 = DIRECTION('',(-0.,0.,-1.));
#3668 = DIRECTION('',(-4.060244204344E-14,-1.,0.));
#3669 = FACE_BOUND('',#3670,.F.);
#3670 = EDGE_LOOP('',(#3671));
#3671 = ORIENTED_EDGE('',*,*,#3672,.T.);
#3672 = EDGE_CURVE('',#3673,#3673,#3675,.T.);
#3673 = VERTEX_POINT('',#3674);
#3674 = CARTESIAN_POINT('',(196.,-25.6,0.));
#3675 = CIRCLE('',#3676,1.6);
#3676 = AXIS2_PLACEMENT_3D('',#3677,#3678,#3679);
#3677 = CARTESIAN_POINT('',(196.,-24.,0.));
#3678 = DIRECTION('',(-0.,0.,-1.));
#3679 = DIRECTION('',(-0.,-1.,0.));
#3680 = PLANE('',#3681);
#3681 = AXIS2_PLACEMENT_3D('',#3682,#3683,#3684);
#3682 = CARTESIAN_POINT('',(0.,0.,0.));
#3683 = DIRECTION('',(0.,0.,1.));
#3684 = DIRECTION('',(1.,0.,-0.));
#3685 = ADVANCED_FACE('',(#3686,#3697,#3708,#3719,#3730,#3741,#3752,
    #3763,#3774,#3785,#3796,#3807,#3818,#3829,#3840,#3851,#3862,#3873,
    #3884,#3895,#3906,#3917,#3928,#3939,#3950,#3961,#3972,#3983,#3994,
    #4005,#4016,#4027,#4038,#4049,#4060,#4071,#4082,#4093,#4104,#4115,
    #4126,#4137,#4148,#4159,#4170,#4181,#4192,#4203,#4214,#4225,#4236,
    #4247,#4258,#4269,#4280,#4291,#4302,#4313,#4324,#4335,#4346,#4357,
    #4368,#4379,#4390,#4401,#4412,#4423,#4434,#4445,#4456,#4467,#4478,
    #4489,#4500,#4511,#4522,#4533,#4544,#4555,#4566,#4577,#4588,#4599,
    #4610,#4621,#4632,#4643,#4654,#4665,#4676,#4687,#4698,#4709,#4720,
    #4731,#4742,#4753,#4764,#4775,#4786,#4797,#4808,#4819,#4830,#4841,
    #4852,#4863,#4874,#4885,#4896,#4907,#4918,#4929,#4940,#4951,#4962,
    #4973,#4984,#4995,#5006,#5017,#5028,#5039,#5050,#5061,#5072,#5083,
    #5094,#5105,#5116,#5127,#5138,#5149,#5160,#5171,#5182,#5193,#5204,
    #5215,#5226,#5237,#5248,#5259,#5270,#5281,#5292,#5303,#5314,#5325,
    #5336,#5347,#5358,#5369,#5380,#5391,#5402,#5413,#5424,#5435,#5446,
    #5457,#5468,#5479,#5490,#5501,#5512,#5523,#5534,#5545,#5556,#5567,
    #5578,#5589,#5600,#5611,#5622,#5633,#5644,#5655,#5666,#5677,#5688,
    #5699,#5710,#5721,#5732,#5743,#5754,#5765,#5776,#5787,#5798,#5809,
    #5820,#5831,#5842,#5853,#5864,#5875,#5886,#5897,#5908,#5919,#5930,
    #5941,#5952,#5963,#5974,#5985,#5996,#6007,#6018,#6029,#6040,#6051,
    #6062,#6073,#6084,#6095,#6106,#6117,#6128,#6139,#6150,#6161,#6172,
    #6183,#6194,#6205,#6216,#6227,#6238,#6249,#6260,#6271,#6282,#6293,
    #6304,#6315,#6326,#6337,#6348,#6359,#6370,#6381,#6392,#6403,#6414,
    #6425,#6436,#6447,#6458,#6469,#6480,#6491,#6502,#6513,#6524,#6535,
    #6546,#6557,#6568,#6579,#6590,#6601,#6612,#6623,#6634,#6645,#6656,
    #6667,#6678,#6689,#6700,#6711,#6722,#6733,#6744,#6755,#6766,#6777,
    #6788,#6799,#6810,#6821,#6832,#6843,#6854,#6865,#6876,#6887,#6898,
    #6909,#6920,#6931,#6942,#6953,#6964,#6975,#6986,#6997,#7008,#7019,
    #7030,#7041,#7052,#7063,#7074,#7085,#7096,#7107,#7118,#7129,#7140,
    #7151,#7162,#7173,#7184,#7195,#7206,#7217),#7228,.T.);
#3686 = FACE_BOUND('',#3687,.T.);
#3687 = EDGE_LOOP('',(#3688,#3689,#3690,#3696));
#3688 = ORIENTED_EDGE('',*,*,#49,.F.);
#3689 = ORIENTED_EDGE('',*,*,#89,.F.);
#3690 = ORIENTED_EDGE('',*,*,#3691,.F.);
#3691 = EDGE_CURVE('',#112,#82,#3692,.T.);
#3692 = LINE('',#3693,#3694);
#3693 = CARTESIAN_POINT('',(20.,-20.,1.51));
#3694 = VECTOR('',#3695,1.);
#3695 = DIRECTION('',(1.,0.,0.));
#3696 = ORIENTED_EDGE('',*,*,#111,.F.);
#3697 = FACE_BOUND('',#3698,.T.);
#3698 = EDGE_LOOP('',(#3699));
#3699 = ORIENTED_EDGE('',*,*,#3700,.T.);
#3700 = EDGE_CURVE('',#3701,#3701,#3703,.T.);
#3701 = VERTEX_POINT('',#3702);
#3702 = CARTESIAN_POINT('',(24.,-132.6,1.51));
#3703 = CIRCLE('',#3704,1.6);
#3704 = AXIS2_PLACEMENT_3D('',#3705,#3706,#3707);
#3705 = CARTESIAN_POINT('',(24.,-131.,1.51));
#3706 = DIRECTION('',(-0.,0.,-1.));
#3707 = DIRECTION('',(-0.,-1.,0.));
#3708 = FACE_BOUND('',#3709,.T.);
#3709 = EDGE_LOOP('',(#3710));
#3710 = ORIENTED_EDGE('',*,*,#3711,.T.);
#3711 = EDGE_CURVE('',#3712,#3712,#3714,.T.);
#3712 = VERTEX_POINT('',#3713);
#3713 = CARTESIAN_POINT('',(34.19,-130.165,1.51));
#3714 = CIRCLE('',#3715,0.65);
#3715 = AXIS2_PLACEMENT_3D('',#3716,#3717,#3718);
#3716 = CARTESIAN_POINT('',(34.19,-129.515,1.51));
#3717 = DIRECTION('',(-0.,0.,-1.));
#3718 = DIRECTION('',(-0.,-1.,0.));
#3719 = FACE_BOUND('',#3720,.T.);
#3720 = EDGE_LOOP('',(#3721));
#3721 = ORIENTED_EDGE('',*,*,#3722,.T.);
#3722 = EDGE_CURVE('',#3723,#3723,#3725,.T.);
#3723 = VERTEX_POINT('',#3724);
#3724 = CARTESIAN_POINT('',(41.81,-130.165,1.51));
#3725 = CIRCLE('',#3726,0.65);
#3726 = AXIS2_PLACEMENT_3D('',#3727,#3728,#3729);
#3727 = CARTESIAN_POINT('',(41.81,-129.515,1.51));
#3728 = DIRECTION('',(-0.,0.,-1.));
#3729 = DIRECTION('',(-0.,-1.,0.));
#3730 = FACE_BOUND('',#3731,.T.);
#3731 = EDGE_LOOP('',(#3732));
#3732 = ORIENTED_EDGE('',*,*,#3733,.T.);
#3733 = EDGE_CURVE('',#3734,#3734,#3736,.T.);
#3734 = VERTEX_POINT('',#3735);
#3735 = CARTESIAN_POINT('',(34.19,-128.335,1.51));
#3736 = CIRCLE('',#3737,0.65);
#3737 = AXIS2_PLACEMENT_3D('',#3738,#3739,#3740);
#3738 = CARTESIAN_POINT('',(34.19,-127.685,1.51));
#3739 = DIRECTION('',(-0.,0.,-1.));
#3740 = DIRECTION('',(-0.,-1.,0.));
#3741 = FACE_BOUND('',#3742,.T.);
#3742 = EDGE_LOOP('',(#3743));
#3743 = ORIENTED_EDGE('',*,*,#3744,.T.);
#3744 = EDGE_CURVE('',#3745,#3745,#3747,.T.);
#3745 = VERTEX_POINT('',#3746);
#3746 = CARTESIAN_POINT('',(34.19,-126.505,1.51));
#3747 = CIRCLE('',#3748,0.65);
#3748 = AXIS2_PLACEMENT_3D('',#3749,#3750,#3751);
#3749 = CARTESIAN_POINT('',(34.19,-125.855,1.51));
#3750 = DIRECTION('',(-0.,0.,-1.));
#3751 = DIRECTION('',(-0.,-1.,0.));
#3752 = FACE_BOUND('',#3753,.T.);
#3753 = EDGE_LOOP('',(#3754));
#3754 = ORIENTED_EDGE('',*,*,#3755,.T.);
#3755 = EDGE_CURVE('',#3756,#3756,#3758,.T.);
#3756 = VERTEX_POINT('',#3757);
#3757 = CARTESIAN_POINT('',(41.81,-128.335,1.51));
#3758 = CIRCLE('',#3759,0.65);
#3759 = AXIS2_PLACEMENT_3D('',#3760,#3761,#3762);
#3760 = CARTESIAN_POINT('',(41.81,-127.685,1.51));
#3761 = DIRECTION('',(-0.,0.,-1.));
#3762 = DIRECTION('',(-0.,-1.,0.));
#3763 = FACE_BOUND('',#3764,.T.);
#3764 = EDGE_LOOP('',(#3765));
#3765 = ORIENTED_EDGE('',*,*,#3766,.T.);
#3766 = EDGE_CURVE('',#3767,#3767,#3769,.T.);
#3767 = VERTEX_POINT('',#3768);
#3768 = CARTESIAN_POINT('',(41.81,-126.505,1.51));
#3769 = CIRCLE('',#3770,0.65);
#3770 = AXIS2_PLACEMENT_3D('',#3771,#3772,#3773);
#3771 = CARTESIAN_POINT('',(41.81,-125.855,1.51));
#3772 = DIRECTION('',(-0.,0.,-1.));
#3773 = DIRECTION('',(-0.,-1.,0.));
#3774 = FACE_BOUND('',#3775,.T.);
#3775 = EDGE_LOOP('',(#3776));
#3776 = ORIENTED_EDGE('',*,*,#3777,.T.);
#3777 = EDGE_CURVE('',#3778,#3778,#3780,.T.);
#3778 = VERTEX_POINT('',#3779);
#3779 = CARTESIAN_POINT('',(59.,-119.2,1.51));
#3780 = CIRCLE('',#3781,0.2);
#3781 = AXIS2_PLACEMENT_3D('',#3782,#3783,#3784);
#3782 = CARTESIAN_POINT('',(59.,-119.,1.51));
#3783 = DIRECTION('',(-0.,0.,-1.));
#3784 = DIRECTION('',(-0.,-1.,0.));
#3785 = FACE_BOUND('',#3786,.T.);
#3786 = EDGE_LOOP('',(#3787));
#3787 = ORIENTED_EDGE('',*,*,#3788,.T.);
#3788 = EDGE_CURVE('',#3789,#3789,#3791,.T.);
#3789 = VERTEX_POINT('',#3790);
#3790 = CARTESIAN_POINT('',(33.595,-113.122499,1.51));
#3791 = CIRCLE('',#3792,0.25);
#3792 = AXIS2_PLACEMENT_3D('',#3793,#3794,#3795);
#3793 = CARTESIAN_POINT('',(33.595,-112.872499,1.51));
#3794 = DIRECTION('',(-0.,0.,-1.));
#3795 = DIRECTION('',(-0.,-1.,0.));
#3796 = FACE_BOUND('',#3797,.T.);
#3797 = EDGE_LOOP('',(#3798));
#3798 = ORIENTED_EDGE('',*,*,#3799,.T.);
#3799 = EDGE_CURVE('',#3800,#3800,#3802,.T.);
#3800 = VERTEX_POINT('',#3801);
#3801 = CARTESIAN_POINT('',(70.19,-130.165,1.51));
#3802 = CIRCLE('',#3803,0.65);
#3803 = AXIS2_PLACEMENT_3D('',#3804,#3805,#3806);
#3804 = CARTESIAN_POINT('',(70.19,-129.515,1.51));
#3805 = DIRECTION('',(-0.,0.,-1.));
#3806 = DIRECTION('',(-0.,-1.,0.));
#3807 = FACE_BOUND('',#3808,.T.);
#3808 = EDGE_LOOP('',(#3809));
#3809 = ORIENTED_EDGE('',*,*,#3810,.T.);
#3810 = EDGE_CURVE('',#3811,#3811,#3813,.T.);
#3811 = VERTEX_POINT('',#3812);
#3812 = CARTESIAN_POINT('',(70.19,-128.335,1.51));
#3813 = CIRCLE('',#3814,0.65);
#3814 = AXIS2_PLACEMENT_3D('',#3815,#3816,#3817);
#3815 = CARTESIAN_POINT('',(70.19,-127.685,1.51));
#3816 = DIRECTION('',(-0.,0.,-1.));
#3817 = DIRECTION('',(-0.,-1.,0.));
#3818 = FACE_BOUND('',#3819,.T.);
#3819 = EDGE_LOOP('',(#3820));
#3820 = ORIENTED_EDGE('',*,*,#3821,.T.);
#3821 = EDGE_CURVE('',#3822,#3822,#3824,.T.);
#3822 = VERTEX_POINT('',#3823);
#3823 = CARTESIAN_POINT('',(70.19,-126.505,1.51));
#3824 = CIRCLE('',#3825,0.65);
#3825 = AXIS2_PLACEMENT_3D('',#3826,#3827,#3828);
#3826 = CARTESIAN_POINT('',(70.19,-125.855,1.51));
#3827 = DIRECTION('',(-0.,0.,-1.));
#3828 = DIRECTION('',(-0.,-1.,0.));
#3829 = FACE_BOUND('',#3830,.T.);
#3830 = EDGE_LOOP('',(#3831));
#3831 = ORIENTED_EDGE('',*,*,#3832,.T.);
#3832 = EDGE_CURVE('',#3833,#3833,#3835,.T.);
#3833 = VERTEX_POINT('',#3834);
#3834 = CARTESIAN_POINT('',(77.81,-130.165,1.51));
#3835 = CIRCLE('',#3836,0.65);
#3836 = AXIS2_PLACEMENT_3D('',#3837,#3838,#3839);
#3837 = CARTESIAN_POINT('',(77.81,-129.515,1.51));
#3838 = DIRECTION('',(-0.,0.,-1.));
#3839 = DIRECTION('',(-0.,-1.,0.));
#3840 = FACE_BOUND('',#3841,.T.);
#3841 = EDGE_LOOP('',(#3842));
#3842 = ORIENTED_EDGE('',*,*,#3843,.T.);
#3843 = EDGE_CURVE('',#3844,#3844,#3846,.T.);
#3844 = VERTEX_POINT('',#3845);
#3845 = CARTESIAN_POINT('',(77.81,-128.335,1.51));
#3846 = CIRCLE('',#3847,0.65);
#3847 = AXIS2_PLACEMENT_3D('',#3848,#3849,#3850);
#3848 = CARTESIAN_POINT('',(77.81,-127.685,1.51));
#3849 = DIRECTION('',(-0.,0.,-1.));
#3850 = DIRECTION('',(-0.,-1.,0.));
#3851 = FACE_BOUND('',#3852,.T.);
#3852 = EDGE_LOOP('',(#3853));
#3853 = ORIENTED_EDGE('',*,*,#3854,.T.);
#3854 = EDGE_CURVE('',#3855,#3855,#3857,.T.);
#3855 = VERTEX_POINT('',#3856);
#3856 = CARTESIAN_POINT('',(77.81,-126.505,1.51));
#3857 = CIRCLE('',#3858,0.65);
#3858 = AXIS2_PLACEMENT_3D('',#3859,#3860,#3861);
#3859 = CARTESIAN_POINT('',(77.81,-125.855,1.51));
#3860 = DIRECTION('',(-0.,0.,-1.));
#3861 = DIRECTION('',(-0.,-1.,0.));
#3862 = FACE_BOUND('',#3863,.T.);
#3863 = EDGE_LOOP('',(#3864));
#3864 = ORIENTED_EDGE('',*,*,#3865,.T.);
#3865 = EDGE_CURVE('',#3866,#3866,#3868,.T.);
#3866 = VERTEX_POINT('',#3867);
#3867 = CARTESIAN_POINT('',(106.19,-130.165,1.51));
#3868 = CIRCLE('',#3869,0.65);
#3869 = AXIS2_PLACEMENT_3D('',#3870,#3871,#3872);
#3870 = CARTESIAN_POINT('',(106.19,-129.515,1.51));
#3871 = DIRECTION('',(-0.,0.,-1.));
#3872 = DIRECTION('',(-0.,-1.,0.));
#3873 = FACE_BOUND('',#3874,.T.);
#3874 = EDGE_LOOP('',(#3875));
#3875 = ORIENTED_EDGE('',*,*,#3876,.T.);
#3876 = EDGE_CURVE('',#3877,#3877,#3879,.T.);
#3877 = VERTEX_POINT('',#3878);
#3878 = CARTESIAN_POINT('',(106.19,-128.335,1.51));
#3879 = CIRCLE('',#3880,0.65);
#3880 = AXIS2_PLACEMENT_3D('',#3881,#3882,#3883);
#3881 = CARTESIAN_POINT('',(106.19,-127.685,1.51));
#3882 = DIRECTION('',(-0.,0.,-1.));
#3883 = DIRECTION('',(-0.,-1.,0.));
#3884 = FACE_BOUND('',#3885,.T.);
#3885 = EDGE_LOOP('',(#3886));
#3886 = ORIENTED_EDGE('',*,*,#3887,.T.);
#3887 = EDGE_CURVE('',#3888,#3888,#3890,.T.);
#3888 = VERTEX_POINT('',#3889);
#3889 = CARTESIAN_POINT('',(106.19,-126.505,1.51));
#3890 = CIRCLE('',#3891,0.65);
#3891 = AXIS2_PLACEMENT_3D('',#3892,#3893,#3894);
#3892 = CARTESIAN_POINT('',(106.19,-125.855,1.51));
#3893 = DIRECTION('',(-0.,0.,-1.));
#3894 = DIRECTION('',(-0.,-1.,0.));
#3895 = FACE_BOUND('',#3896,.T.);
#3896 = EDGE_LOOP('',(#3897));
#3897 = ORIENTED_EDGE('',*,*,#3898,.T.);
#3898 = EDGE_CURVE('',#3899,#3899,#3901,.T.);
#3899 = VERTEX_POINT('',#3900);
#3900 = CARTESIAN_POINT('',(89.,-119.2,1.51));
#3901 = CIRCLE('',#3902,0.2);
#3902 = AXIS2_PLACEMENT_3D('',#3903,#3904,#3905);
#3903 = CARTESIAN_POINT('',(89.,-119.,1.51));
#3904 = DIRECTION('',(-0.,0.,-1.));
#3905 = DIRECTION('',(-0.,-1.,0.));
#3906 = FACE_BOUND('',#3907,.T.);
#3907 = EDGE_LOOP('',(#3908));
#3908 = ORIENTED_EDGE('',*,*,#3909,.T.);
#3909 = EDGE_CURVE('',#3910,#3910,#3912,.T.);
#3910 = VERTEX_POINT('',#3911);
#3911 = CARTESIAN_POINT('',(69.595,-113.122499,1.51));
#3912 = CIRCLE('',#3913,0.25);
#3913 = AXIS2_PLACEMENT_3D('',#3914,#3915,#3916);
#3914 = CARTESIAN_POINT('',(69.595,-112.872499,1.51));
#3915 = DIRECTION('',(-0.,0.,-1.));
#3916 = DIRECTION('',(-0.,-1.,0.));
#3917 = FACE_BOUND('',#3918,.T.);
#3918 = EDGE_LOOP('',(#3919));
#3919 = ORIENTED_EDGE('',*,*,#3920,.T.);
#3920 = EDGE_CURVE('',#3921,#3921,#3923,.T.);
#3921 = VERTEX_POINT('',#3922);
#3922 = CARTESIAN_POINT('',(105.595,-113.122499,1.51));
#3923 = CIRCLE('',#3924,0.25);
#3924 = AXIS2_PLACEMENT_3D('',#3925,#3926,#3927);
#3925 = CARTESIAN_POINT('',(105.595,-112.872499,1.51));
#3926 = DIRECTION('',(-0.,0.,-1.));
#3927 = DIRECTION('',(-0.,-1.,0.));
#3928 = FACE_BOUND('',#3929,.T.);
#3929 = EDGE_LOOP('',(#3930));
#3930 = ORIENTED_EDGE('',*,*,#3931,.T.);
#3931 = EDGE_CURVE('',#3932,#3932,#3934,.T.);
#3932 = VERTEX_POINT('',#3933);
#3933 = CARTESIAN_POINT('',(28.025,-103.2,1.51));
#3934 = CIRCLE('',#3935,0.2);
#3935 = AXIS2_PLACEMENT_3D('',#3936,#3937,#3938);
#3936 = CARTESIAN_POINT('',(28.025,-103.,1.51));
#3937 = DIRECTION('',(-0.,0.,-1.));
#3938 = DIRECTION('',(-0.,-1.,0.));
#3939 = FACE_BOUND('',#3940,.T.);
#3940 = EDGE_LOOP('',(#3941));
#3941 = ORIENTED_EDGE('',*,*,#3942,.T.);
#3942 = EDGE_CURVE('',#3943,#3943,#3945,.T.);
#3943 = VERTEX_POINT('',#3944);
#3944 = CARTESIAN_POINT('',(28.025,-96.2,1.51));
#3945 = CIRCLE('',#3946,0.2);
#3946 = AXIS2_PLACEMENT_3D('',#3947,#3948,#3949);
#3947 = CARTESIAN_POINT('',(28.025,-96.,1.51));
#3948 = DIRECTION('',(-0.,0.,-1.));
#3949 = DIRECTION('',(-0.,-1.,0.));
#3950 = FACE_BOUND('',#3951,.T.);
#3951 = EDGE_LOOP('',(#3952));
#3952 = ORIENTED_EDGE('',*,*,#3953,.T.);
#3953 = EDGE_CURVE('',#3954,#3954,#3956,.T.);
#3954 = VERTEX_POINT('',#3955);
#3955 = CARTESIAN_POINT('',(32.36,-93.55,1.51));
#3956 = CIRCLE('',#3957,0.25);
#3957 = AXIS2_PLACEMENT_3D('',#3958,#3959,#3960);
#3958 = CARTESIAN_POINT('',(32.36,-93.3,1.51));
#3959 = DIRECTION('',(-0.,0.,-1.));
#3960 = DIRECTION('',(-0.,-1.,0.));
#3961 = FACE_BOUND('',#3962,.T.);
#3962 = EDGE_LOOP('',(#3963));
#3963 = ORIENTED_EDGE('',*,*,#3964,.T.);
#3964 = EDGE_CURVE('',#3965,#3965,#3967,.T.);
#3965 = VERTEX_POINT('',#3966);
#3966 = CARTESIAN_POINT('',(33.64,-93.55,1.51));
#3967 = CIRCLE('',#3968,0.25);
#3968 = AXIS2_PLACEMENT_3D('',#3969,#3970,#3971);
#3969 = CARTESIAN_POINT('',(33.64,-93.3,1.51));
#3970 = DIRECTION('',(-0.,0.,-1.));
#3971 = DIRECTION('',(-0.,-1.,0.));
#3972 = FACE_BOUND('',#3973,.T.);
#3973 = EDGE_LOOP('',(#3974));
#3974 = ORIENTED_EDGE('',*,*,#3975,.T.);
#3975 = EDGE_CURVE('',#3976,#3976,#3978,.T.);
#3976 = VERTEX_POINT('',#3977);
#3977 = CARTESIAN_POINT('',(34.9,-93.55,1.51));
#3978 = CIRCLE('',#3979,0.25);
#3979 = AXIS2_PLACEMENT_3D('',#3980,#3981,#3982);
#3980 = CARTESIAN_POINT('',(34.9,-93.3,1.51));
#3981 = DIRECTION('',(-0.,0.,-1.));
#3982 = DIRECTION('',(-0.,-1.,0.));
#3983 = FACE_BOUND('',#3984,.T.);
#3984 = EDGE_LOOP('',(#3985));
#3985 = ORIENTED_EDGE('',*,*,#3986,.T.);
#3986 = EDGE_CURVE('',#3987,#3987,#3989,.T.);
#3987 = VERTEX_POINT('',#3988);
#3988 = CARTESIAN_POINT('',(59.,-104.2,1.51));
#3989 = CIRCLE('',#3990,0.2);
#3990 = AXIS2_PLACEMENT_3D('',#3991,#3992,#3993);
#3991 = CARTESIAN_POINT('',(59.,-104.,1.51));
#3992 = DIRECTION('',(-0.,0.,-1.));
#3993 = DIRECTION('',(-0.,-1.,0.));
#3994 = FACE_BOUND('',#3995,.T.);
#3995 = EDGE_LOOP('',(#3996));
#3996 = ORIENTED_EDGE('',*,*,#3997,.T.);
#3997 = EDGE_CURVE('',#3998,#3998,#4000,.T.);
#3998 = VERTEX_POINT('',#3999);
#3999 = CARTESIAN_POINT('',(64.025,-103.2,1.51));
#4000 = CIRCLE('',#4001,0.2);
#4001 = AXIS2_PLACEMENT_3D('',#4002,#4003,#4004);
#4002 = CARTESIAN_POINT('',(64.025,-103.,1.51));
#4003 = DIRECTION('',(-0.,0.,-1.));
#4004 = DIRECTION('',(-0.,-1.,0.));
#4005 = FACE_BOUND('',#4006,.T.);
#4006 = EDGE_LOOP('',(#4007));
#4007 = ORIENTED_EDGE('',*,*,#4008,.T.);
#4008 = EDGE_CURVE('',#4009,#4009,#4011,.T.);
#4009 = VERTEX_POINT('',#4010);
#4010 = CARTESIAN_POINT('',(64.025,-96.2,1.51));
#4011 = CIRCLE('',#4012,0.2);
#4012 = AXIS2_PLACEMENT_3D('',#4013,#4014,#4015);
#4013 = CARTESIAN_POINT('',(64.025,-96.,1.51));
#4014 = DIRECTION('',(-0.,0.,-1.));
#4015 = DIRECTION('',(-0.,-1.,0.));
#4016 = FACE_BOUND('',#4017,.T.);
#4017 = EDGE_LOOP('',(#4018));
#4018 = ORIENTED_EDGE('',*,*,#4019,.T.);
#4019 = EDGE_CURVE('',#4020,#4020,#4022,.T.);
#4020 = VERTEX_POINT('',#4021);
#4021 = CARTESIAN_POINT('',(31.6,-90.000011,1.51));
#4022 = CIRCLE('',#4023,0.750011);
#4023 = AXIS2_PLACEMENT_3D('',#4024,#4025,#4026);
#4024 = CARTESIAN_POINT('',(31.6,-89.25,1.51));
#4025 = DIRECTION('',(-0.,0.,-1.));
#4026 = DIRECTION('',(-0.,-1.,0.));
#4027 = FACE_BOUND('',#4028,.T.);
#4028 = EDGE_LOOP('',(#4029));
#4029 = ORIENTED_EDGE('',*,*,#4030,.T.);
#4030 = EDGE_CURVE('',#4031,#4031,#4033,.T.);
#4031 = VERTEX_POINT('',#4032);
#4032 = CARTESIAN_POINT('',(31.6,-87.500011,1.51));
#4033 = CIRCLE('',#4034,0.750011);
#4034 = AXIS2_PLACEMENT_3D('',#4035,#4036,#4037);
#4035 = CARTESIAN_POINT('',(31.6,-86.75,1.51));
#4036 = DIRECTION('',(-0.,0.,-1.));
#4037 = DIRECTION('',(-0.,-1.,0.));
#4038 = FACE_BOUND('',#4039,.T.);
#4039 = EDGE_LOOP('',(#4040));
#4040 = ORIENTED_EDGE('',*,*,#4041,.T.);
#4041 = EDGE_CURVE('',#4042,#4042,#4044,.T.);
#4042 = VERTEX_POINT('',#4043);
#4043 = CARTESIAN_POINT('',(35.1,-90.000011,1.51));
#4044 = CIRCLE('',#4045,0.750011);
#4045 = AXIS2_PLACEMENT_3D('',#4046,#4047,#4048);
#4046 = CARTESIAN_POINT('',(35.1,-89.25,1.51));
#4047 = DIRECTION('',(-0.,0.,-1.));
#4048 = DIRECTION('',(-0.,-1.,0.));
#4049 = FACE_BOUND('',#4050,.T.);
#4050 = EDGE_LOOP('',(#4051));
#4051 = ORIENTED_EDGE('',*,*,#4052,.T.);
#4052 = EDGE_CURVE('',#4053,#4053,#4055,.T.);
#4053 = VERTEX_POINT('',#4054);
#4054 = CARTESIAN_POINT('',(38.,-89.25,1.51));
#4055 = CIRCLE('',#4056,1.25);
#4056 = AXIS2_PLACEMENT_3D('',#4057,#4058,#4059);
#4057 = CARTESIAN_POINT('',(38.,-88.,1.51));
#4058 = DIRECTION('',(-0.,0.,-1.));
#4059 = DIRECTION('',(-0.,-1.,0.));
#4060 = FACE_BOUND('',#4061,.T.);
#4061 = EDGE_LOOP('',(#4062));
#4062 = ORIENTED_EDGE('',*,*,#4063,.T.);
#4063 = EDGE_CURVE('',#4064,#4064,#4066,.T.);
#4064 = VERTEX_POINT('',#4065);
#4065 = CARTESIAN_POINT('',(40.9,-90.000011,1.51));
#4066 = CIRCLE('',#4067,0.750011);
#4067 = AXIS2_PLACEMENT_3D('',#4068,#4069,#4070);
#4068 = CARTESIAN_POINT('',(40.9,-89.25,1.51));
#4069 = DIRECTION('',(-0.,0.,-1.));
#4070 = DIRECTION('',(-0.,-1.,0.));
#4071 = FACE_BOUND('',#4072,.T.);
#4072 = EDGE_LOOP('',(#4073));
#4073 = ORIENTED_EDGE('',*,*,#4074,.T.);
#4074 = EDGE_CURVE('',#4075,#4075,#4077,.T.);
#4075 = VERTEX_POINT('',#4076);
#4076 = CARTESIAN_POINT('',(35.1,-87.630011,1.51));
#4077 = CIRCLE('',#4078,0.750011);
#4078 = AXIS2_PLACEMENT_3D('',#4079,#4080,#4081);
#4079 = CARTESIAN_POINT('',(35.1,-86.88,1.51));
#4080 = DIRECTION('',(-0.,0.,-1.));
#4081 = DIRECTION('',(-0.,-1.,0.));
#4082 = FACE_BOUND('',#4083,.T.);
#4083 = EDGE_LOOP('',(#4084));
#4084 = ORIENTED_EDGE('',*,*,#4085,.T.);
#4085 = EDGE_CURVE('',#4086,#4086,#4088,.T.);
#4086 = VERTEX_POINT('',#4087);
#4087 = CARTESIAN_POINT('',(40.9,-87.500011,1.51));
#4088 = CIRCLE('',#4089,0.750011);
#4089 = AXIS2_PLACEMENT_3D('',#4090,#4091,#4092);
#4090 = CARTESIAN_POINT('',(40.9,-86.75,1.51));
#4091 = DIRECTION('',(-0.,0.,-1.));
#4092 = DIRECTION('',(-0.,-1.,0.));
#4093 = FACE_BOUND('',#4094,.T.);
#4094 = EDGE_LOOP('',(#4095));
#4095 = ORIENTED_EDGE('',*,*,#4096,.T.);
#4096 = EDGE_CURVE('',#4097,#4097,#4099,.T.);
#4097 = VERTEX_POINT('',#4098);
#4098 = CARTESIAN_POINT('',(44.4,-90.000011,1.51));
#4099 = CIRCLE('',#4100,0.750011);
#4100 = AXIS2_PLACEMENT_3D('',#4101,#4102,#4103);
#4101 = CARTESIAN_POINT('',(44.4,-89.25,1.51));
#4102 = DIRECTION('',(-0.,0.,-1.));
#4103 = DIRECTION('',(-0.,-1.,0.));
#4104 = FACE_BOUND('',#4105,.T.);
#4105 = EDGE_LOOP('',(#4106));
#4106 = ORIENTED_EDGE('',*,*,#4107,.T.);
#4107 = EDGE_CURVE('',#4108,#4108,#4110,.T.);
#4108 = VERTEX_POINT('',#4109);
#4109 = CARTESIAN_POINT('',(48.35,-88.2,1.51));
#4110 = CIRCLE('',#4111,0.2);
#4111 = AXIS2_PLACEMENT_3D('',#4112,#4113,#4114);
#4112 = CARTESIAN_POINT('',(48.35,-88.,1.51));
#4113 = DIRECTION('',(-0.,0.,-1.));
#4114 = DIRECTION('',(3.5527136788E-14,-1.,-0.));
#4115 = FACE_BOUND('',#4116,.T.);
#4116 = EDGE_LOOP('',(#4117));
#4117 = ORIENTED_EDGE('',*,*,#4118,.T.);
#4118 = EDGE_CURVE('',#4119,#4119,#4121,.T.);
#4119 = VERTEX_POINT('',#4120);
#4120 = CARTESIAN_POINT('',(44.4,-87.500011,1.51));
#4121 = CIRCLE('',#4122,0.750011);
#4122 = AXIS2_PLACEMENT_3D('',#4123,#4124,#4125);
#4123 = CARTESIAN_POINT('',(44.4,-86.75,1.51));
#4124 = DIRECTION('',(-0.,0.,-1.));
#4125 = DIRECTION('',(-0.,-1.,0.));
#4126 = FACE_BOUND('',#4127,.T.);
#4127 = EDGE_LOOP('',(#4128));
#4128 = ORIENTED_EDGE('',*,*,#4129,.T.);
#4129 = EDGE_CURVE('',#4130,#4130,#4132,.T.);
#4130 = VERTEX_POINT('',#4131);
#4131 = CARTESIAN_POINT('',(54.65,-85.25,1.51));
#4132 = CIRCLE('',#4133,0.25);
#4133 = AXIS2_PLACEMENT_3D('',#4134,#4135,#4136);
#4134 = CARTESIAN_POINT('',(54.65,-85.,1.51));
#4135 = DIRECTION('',(-0.,0.,-1.));
#4136 = DIRECTION('',(-0.,-1.,0.));
#4137 = FACE_BOUND('',#4138,.T.);
#4138 = EDGE_LOOP('',(#4139));
#4139 = ORIENTED_EDGE('',*,*,#4140,.T.);
#4140 = EDGE_CURVE('',#4141,#4141,#4143,.T.);
#4141 = VERTEX_POINT('',#4142);
#4142 = CARTESIAN_POINT('',(59.,-89.2,1.51));
#4143 = CIRCLE('',#4144,0.2);
#4144 = AXIS2_PLACEMENT_3D('',#4145,#4146,#4147);
#4145 = CARTESIAN_POINT('',(59.,-89.,1.51));
#4146 = DIRECTION('',(-0.,0.,-1.));
#4147 = DIRECTION('',(-0.,-1.,0.));
#4148 = FACE_BOUND('',#4149,.T.);
#4149 = EDGE_LOOP('',(#4150));
#4150 = ORIENTED_EDGE('',*,*,#4151,.T.);
#4151 = EDGE_CURVE('',#4152,#4152,#4154,.T.);
#4152 = VERTEX_POINT('',#4153);
#4153 = CARTESIAN_POINT('',(47.975,-81.2,1.51));
#4154 = CIRCLE('',#4155,0.2);
#4155 = AXIS2_PLACEMENT_3D('',#4156,#4157,#4158);
#4156 = CARTESIAN_POINT('',(47.975,-81.,1.51));
#4157 = DIRECTION('',(-0.,0.,-1.));
#4158 = DIRECTION('',(3.5527136788E-14,-1.,-0.));
#4159 = FACE_BOUND('',#4160,.T.);
#4160 = EDGE_LOOP('',(#4161));
#4161 = ORIENTED_EDGE('',*,*,#4162,.T.);
#4162 = EDGE_CURVE('',#4163,#4163,#4165,.T.);
#4163 = VERTEX_POINT('',#4164);
#4164 = CARTESIAN_POINT('',(60.675,-80.2,1.51));
#4165 = CIRCLE('',#4166,0.2);
#4166 = AXIS2_PLACEMENT_3D('',#4167,#4168,#4169);
#4167 = CARTESIAN_POINT('',(60.675,-80.,1.51));
#4168 = DIRECTION('',(-0.,0.,-1.));
#4169 = DIRECTION('',(-0.,-1.,0.));
#4170 = FACE_BOUND('',#4171,.T.);
#4171 = EDGE_LOOP('',(#4172));
#4172 = ORIENTED_EDGE('',*,*,#4173,.T.);
#4173 = EDGE_CURVE('',#4174,#4174,#4176,.T.);
#4174 = VERTEX_POINT('',#4175);
#4175 = CARTESIAN_POINT('',(68.36,-93.55,1.51));
#4176 = CIRCLE('',#4177,0.25);
#4177 = AXIS2_PLACEMENT_3D('',#4178,#4179,#4180);
#4178 = CARTESIAN_POINT('',(68.36,-93.3,1.51));
#4179 = DIRECTION('',(-0.,0.,-1.));
#4180 = DIRECTION('',(-0.,-1.,0.));
#4181 = FACE_BOUND('',#4182,.T.);
#4182 = EDGE_LOOP('',(#4183));
#4183 = ORIENTED_EDGE('',*,*,#4184,.T.);
#4184 = EDGE_CURVE('',#4185,#4185,#4187,.T.);
#4185 = VERTEX_POINT('',#4186);
#4186 = CARTESIAN_POINT('',(69.64,-93.55,1.51));
#4187 = CIRCLE('',#4188,0.25);
#4188 = AXIS2_PLACEMENT_3D('',#4189,#4190,#4191);
#4189 = CARTESIAN_POINT('',(69.64,-93.3,1.51));
#4190 = DIRECTION('',(-0.,0.,-1.));
#4191 = DIRECTION('',(-0.,-1.,0.));
#4192 = FACE_BOUND('',#4193,.T.);
#4193 = EDGE_LOOP('',(#4194));
#4194 = ORIENTED_EDGE('',*,*,#4195,.T.);
#4195 = EDGE_CURVE('',#4196,#4196,#4198,.T.);
#4196 = VERTEX_POINT('',#4197);
#4197 = CARTESIAN_POINT('',(70.9,-93.55,1.51));
#4198 = CIRCLE('',#4199,0.25);
#4199 = AXIS2_PLACEMENT_3D('',#4200,#4201,#4202);
#4200 = CARTESIAN_POINT('',(70.9,-93.3,1.51));
#4201 = DIRECTION('',(-0.,0.,-1.));
#4202 = DIRECTION('',(-0.,-1.,0.));
#4203 = FACE_BOUND('',#4204,.T.);
#4204 = EDGE_LOOP('',(#4205));
#4205 = ORIENTED_EDGE('',*,*,#4206,.T.);
#4206 = EDGE_CURVE('',#4207,#4207,#4209,.T.);
#4207 = VERTEX_POINT('',#4208);
#4208 = CARTESIAN_POINT('',(100.025,-103.2,1.51));
#4209 = CIRCLE('',#4210,0.2);
#4210 = AXIS2_PLACEMENT_3D('',#4211,#4212,#4213);
#4211 = CARTESIAN_POINT('',(100.025,-103.,1.51));
#4212 = DIRECTION('',(-0.,0.,-1.));
#4213 = DIRECTION('',(-0.,-1.,0.));
#4214 = FACE_BOUND('',#4215,.T.);
#4215 = EDGE_LOOP('',(#4216));
#4216 = ORIENTED_EDGE('',*,*,#4217,.T.);
#4217 = EDGE_CURVE('',#4218,#4218,#4220,.T.);
#4218 = VERTEX_POINT('',#4219);
#4219 = CARTESIAN_POINT('',(93.3528,-93.5887,1.51));
#4220 = CIRCLE('',#4221,0.2);
#4221 = AXIS2_PLACEMENT_3D('',#4222,#4223,#4224);
#4222 = CARTESIAN_POINT('',(93.3528,-93.3887,1.51));
#4223 = DIRECTION('',(-0.,0.,-1.));
#4224 = DIRECTION('',(-0.,-1.,0.));
#4225 = FACE_BOUND('',#4226,.T.);
#4226 = EDGE_LOOP('',(#4227));
#4227 = ORIENTED_EDGE('',*,*,#4228,.T.);
#4228 = EDGE_CURVE('',#4229,#4229,#4231,.T.);
#4229 = VERTEX_POINT('',#4230);
#4230 = CARTESIAN_POINT('',(100.025,-96.2,1.51));
#4231 = CIRCLE('',#4232,0.2);
#4232 = AXIS2_PLACEMENT_3D('',#4233,#4234,#4235);
#4233 = CARTESIAN_POINT('',(100.025,-96.,1.51));
#4234 = DIRECTION('',(-0.,0.,-1.));
#4235 = DIRECTION('',(-0.,-1.,0.));
#4236 = FACE_BOUND('',#4237,.T.);
#4237 = EDGE_LOOP('',(#4238));
#4238 = ORIENTED_EDGE('',*,*,#4239,.T.);
#4239 = EDGE_CURVE('',#4240,#4240,#4242,.T.);
#4240 = VERTEX_POINT('',#4241);
#4241 = CARTESIAN_POINT('',(104.36,-93.55,1.51));
#4242 = CIRCLE('',#4243,0.25);
#4243 = AXIS2_PLACEMENT_3D('',#4244,#4245,#4246);
#4244 = CARTESIAN_POINT('',(104.36,-93.3,1.51));
#4245 = DIRECTION('',(-0.,0.,-1.));
#4246 = DIRECTION('',(-0.,-1.,0.));
#4247 = FACE_BOUND('',#4248,.T.);
#4248 = EDGE_LOOP('',(#4249));
#4249 = ORIENTED_EDGE('',*,*,#4250,.T.);
#4250 = EDGE_CURVE('',#4251,#4251,#4253,.T.);
#4251 = VERTEX_POINT('',#4252);
#4252 = CARTESIAN_POINT('',(105.64,-93.55,1.51));
#4253 = CIRCLE('',#4254,0.25);
#4254 = AXIS2_PLACEMENT_3D('',#4255,#4256,#4257);
#4255 = CARTESIAN_POINT('',(105.64,-93.3,1.51));
#4256 = DIRECTION('',(-0.,0.,-1.));
#4257 = DIRECTION('',(-0.,-1.,0.));
#4258 = FACE_BOUND('',#4259,.T.);
#4259 = EDGE_LOOP('',(#4260));
#4260 = ORIENTED_EDGE('',*,*,#4261,.T.);
#4261 = EDGE_CURVE('',#4262,#4262,#4264,.T.);
#4262 = VERTEX_POINT('',#4263);
#4263 = CARTESIAN_POINT('',(106.9,-93.55,1.51));
#4264 = CIRCLE('',#4265,0.25);
#4265 = AXIS2_PLACEMENT_3D('',#4266,#4267,#4268);
#4266 = CARTESIAN_POINT('',(106.9,-93.3,1.51));
#4267 = DIRECTION('',(-0.,0.,-1.));
#4268 = DIRECTION('',(-0.,-1.,0.));
#4269 = FACE_BOUND('',#4270,.T.);
#4270 = EDGE_LOOP('',(#4271));
#4271 = ORIENTED_EDGE('',*,*,#4272,.T.);
#4272 = EDGE_CURVE('',#4273,#4273,#4275,.T.);
#4273 = VERTEX_POINT('',#4274);
#4274 = CARTESIAN_POINT('',(67.6,-90.000011,1.51));
#4275 = CIRCLE('',#4276,0.750011);
#4276 = AXIS2_PLACEMENT_3D('',#4277,#4278,#4279);
#4277 = CARTESIAN_POINT('',(67.6,-89.25,1.51));
#4278 = DIRECTION('',(-0.,0.,-1.));
#4279 = DIRECTION('',(-0.,-1.,0.));
#4280 = FACE_BOUND('',#4281,.T.);
#4281 = EDGE_LOOP('',(#4282));
#4282 = ORIENTED_EDGE('',*,*,#4283,.T.);
#4283 = EDGE_CURVE('',#4284,#4284,#4286,.T.);
#4284 = VERTEX_POINT('',#4285);
#4285 = CARTESIAN_POINT('',(71.1,-90.000011,1.51));
#4286 = CIRCLE('',#4287,0.750011);
#4287 = AXIS2_PLACEMENT_3D('',#4288,#4289,#4290);
#4288 = CARTESIAN_POINT('',(71.1,-89.25,1.51));
#4289 = DIRECTION('',(-0.,0.,-1.));
#4290 = DIRECTION('',(-0.,-1.,0.));
#4291 = FACE_BOUND('',#4292,.T.);
#4292 = EDGE_LOOP('',(#4293));
#4293 = ORIENTED_EDGE('',*,*,#4294,.T.);
#4294 = EDGE_CURVE('',#4295,#4295,#4297,.T.);
#4295 = VERTEX_POINT('',#4296);
#4296 = CARTESIAN_POINT('',(74.,-89.25,1.51));
#4297 = CIRCLE('',#4298,1.25);
#4298 = AXIS2_PLACEMENT_3D('',#4299,#4300,#4301);
#4299 = CARTESIAN_POINT('',(74.,-88.,1.51));
#4300 = DIRECTION('',(-0.,0.,-1.));
#4301 = DIRECTION('',(-0.,-1.,0.));
#4302 = FACE_BOUND('',#4303,.T.);
#4303 = EDGE_LOOP('',(#4304));
#4304 = ORIENTED_EDGE('',*,*,#4305,.T.);
#4305 = EDGE_CURVE('',#4306,#4306,#4308,.T.);
#4306 = VERTEX_POINT('',#4307);
#4307 = CARTESIAN_POINT('',(76.9,-90.000011,1.51));
#4308 = CIRCLE('',#4309,0.750011);
#4309 = AXIS2_PLACEMENT_3D('',#4310,#4311,#4312);
#4310 = CARTESIAN_POINT('',(76.9,-89.25,1.51));
#4311 = DIRECTION('',(-0.,0.,-1.));
#4312 = DIRECTION('',(-0.,-1.,0.));
#4313 = FACE_BOUND('',#4314,.T.);
#4314 = EDGE_LOOP('',(#4315));
#4315 = ORIENTED_EDGE('',*,*,#4316,.T.);
#4316 = EDGE_CURVE('',#4317,#4317,#4319,.T.);
#4317 = VERTEX_POINT('',#4318);
#4318 = CARTESIAN_POINT('',(67.6,-87.500011,1.51));
#4319 = CIRCLE('',#4320,0.750011);
#4320 = AXIS2_PLACEMENT_3D('',#4321,#4322,#4323);
#4321 = CARTESIAN_POINT('',(67.6,-86.75,1.51));
#4322 = DIRECTION('',(-0.,0.,-1.));
#4323 = DIRECTION('',(-0.,-1.,0.));
#4324 = FACE_BOUND('',#4325,.T.);
#4325 = EDGE_LOOP('',(#4326));
#4326 = ORIENTED_EDGE('',*,*,#4327,.T.);
#4327 = EDGE_CURVE('',#4328,#4328,#4330,.T.);
#4328 = VERTEX_POINT('',#4329);
#4329 = CARTESIAN_POINT('',(71.1,-87.630011,1.51));
#4330 = CIRCLE('',#4331,0.750011);
#4331 = AXIS2_PLACEMENT_3D('',#4332,#4333,#4334);
#4332 = CARTESIAN_POINT('',(71.1,-86.88,1.51));
#4333 = DIRECTION('',(-0.,0.,-1.));
#4334 = DIRECTION('',(-0.,-1.,0.));
#4335 = FACE_BOUND('',#4336,.T.);
#4336 = EDGE_LOOP('',(#4337));
#4337 = ORIENTED_EDGE('',*,*,#4338,.T.);
#4338 = EDGE_CURVE('',#4339,#4339,#4341,.T.);
#4339 = VERTEX_POINT('',#4340);
#4340 = CARTESIAN_POINT('',(76.9,-87.500011,1.51));
#4341 = CIRCLE('',#4342,0.750011);
#4342 = AXIS2_PLACEMENT_3D('',#4343,#4344,#4345);
#4343 = CARTESIAN_POINT('',(76.9,-86.75,1.51));
#4344 = DIRECTION('',(-0.,0.,-1.));
#4345 = DIRECTION('',(-0.,-1.,0.));
#4346 = FACE_BOUND('',#4347,.T.);
#4347 = EDGE_LOOP('',(#4348));
#4348 = ORIENTED_EDGE('',*,*,#4349,.T.);
#4349 = EDGE_CURVE('',#4350,#4350,#4352,.T.);
#4350 = VERTEX_POINT('',#4351);
#4351 = CARTESIAN_POINT('',(80.4,-90.000011,1.51));
#4352 = CIRCLE('',#4353,0.750011);
#4353 = AXIS2_PLACEMENT_3D('',#4354,#4355,#4356);
#4354 = CARTESIAN_POINT('',(80.4,-89.25,1.51));
#4355 = DIRECTION('',(-0.,0.,-1.));
#4356 = DIRECTION('',(-0.,-1.,0.));
#4357 = FACE_BOUND('',#4358,.T.);
#4358 = EDGE_LOOP('',(#4359));
#4359 = ORIENTED_EDGE('',*,*,#4360,.T.);
#4360 = EDGE_CURVE('',#4361,#4361,#4363,.T.);
#4361 = VERTEX_POINT('',#4362);
#4362 = CARTESIAN_POINT('',(84.35,-88.2,1.51));
#4363 = CIRCLE('',#4364,0.2);
#4364 = AXIS2_PLACEMENT_3D('',#4365,#4366,#4367);
#4365 = CARTESIAN_POINT('',(84.35,-88.,1.51));
#4366 = DIRECTION('',(-0.,0.,-1.));
#4367 = DIRECTION('',(-0.,-1.,0.));
#4368 = FACE_BOUND('',#4369,.T.);
#4369 = EDGE_LOOP('',(#4370));
#4370 = ORIENTED_EDGE('',*,*,#4371,.T.);
#4371 = EDGE_CURVE('',#4372,#4372,#4374,.T.);
#4372 = VERTEX_POINT('',#4373);
#4373 = CARTESIAN_POINT('',(80.4,-87.500011,1.51));
#4374 = CIRCLE('',#4375,0.750011);
#4375 = AXIS2_PLACEMENT_3D('',#4376,#4377,#4378);
#4376 = CARTESIAN_POINT('',(80.4,-86.75,1.51));
#4377 = DIRECTION('',(-0.,0.,-1.));
#4378 = DIRECTION('',(-0.,-1.,0.));
#4379 = FACE_BOUND('',#4380,.T.);
#4380 = EDGE_LOOP('',(#4381));
#4381 = ORIENTED_EDGE('',*,*,#4382,.T.);
#4382 = EDGE_CURVE('',#4383,#4383,#4385,.T.);
#4383 = VERTEX_POINT('',#4384);
#4384 = CARTESIAN_POINT('',(72.675,-80.2,1.51));
#4385 = CIRCLE('',#4386,0.2);
#4386 = AXIS2_PLACEMENT_3D('',#4387,#4388,#4389);
#4387 = CARTESIAN_POINT('',(72.675,-80.,1.51));
#4388 = DIRECTION('',(-0.,0.,-1.));
#4389 = DIRECTION('',(-0.,-1.,0.));
#4390 = FACE_BOUND('',#4391,.T.);
#4391 = EDGE_LOOP('',(#4392));
#4392 = ORIENTED_EDGE('',*,*,#4393,.T.);
#4393 = EDGE_CURVE('',#4394,#4394,#4396,.T.);
#4394 = VERTEX_POINT('',#4395);
#4395 = CARTESIAN_POINT('',(87.5413,-84.5168,1.51));
#4396 = CIRCLE('',#4397,0.2);
#4397 = AXIS2_PLACEMENT_3D('',#4398,#4399,#4400);
#4398 = CARTESIAN_POINT('',(87.5413,-84.3168,1.51));
#4399 = DIRECTION('',(-0.,0.,-1.));
#4400 = DIRECTION('',(-0.,-1.,0.));
#4401 = FACE_BOUND('',#4402,.T.);
#4402 = EDGE_LOOP('',(#4403));
#4403 = ORIENTED_EDGE('',*,*,#4404,.T.);
#4404 = EDGE_CURVE('',#4405,#4405,#4407,.T.);
#4405 = VERTEX_POINT('',#4406);
#4406 = CARTESIAN_POINT('',(83.675,-80.2,1.51));
#4407 = CIRCLE('',#4408,0.2);
#4408 = AXIS2_PLACEMENT_3D('',#4409,#4410,#4411);
#4409 = CARTESIAN_POINT('',(83.675,-80.,1.51));
#4410 = DIRECTION('',(-0.,0.,-1.));
#4411 = DIRECTION('',(-0.,-1.,0.));
#4412 = FACE_BOUND('',#4413,.T.);
#4413 = EDGE_LOOP('',(#4414));
#4414 = ORIENTED_EDGE('',*,*,#4415,.T.);
#4415 = EDGE_CURVE('',#4416,#4416,#4418,.T.);
#4416 = VERTEX_POINT('',#4417);
#4417 = CARTESIAN_POINT('',(90.65,-85.25,1.51));
#4418 = CIRCLE('',#4419,0.25);
#4419 = AXIS2_PLACEMENT_3D('',#4420,#4421,#4422);
#4420 = CARTESIAN_POINT('',(90.65,-85.,1.51));
#4421 = DIRECTION('',(-0.,0.,-1.));
#4422 = DIRECTION('',(-0.,-1.,0.));
#4423 = FACE_BOUND('',#4424,.T.);
#4424 = EDGE_LOOP('',(#4425));
#4425 = ORIENTED_EDGE('',*,*,#4426,.T.);
#4426 = EDGE_CURVE('',#4427,#4427,#4429,.T.);
#4427 = VERTEX_POINT('',#4428);
#4428 = CARTESIAN_POINT('',(103.6,-90.000011,1.51));
#4429 = CIRCLE('',#4430,0.750011);
#4430 = AXIS2_PLACEMENT_3D('',#4431,#4432,#4433);
#4431 = CARTESIAN_POINT('',(103.6,-89.25,1.51));
#4432 = DIRECTION('',(-0.,0.,-1.));
#4433 = DIRECTION('',(-0.,-1.,0.));
#4434 = FACE_BOUND('',#4435,.T.);
#4435 = EDGE_LOOP('',(#4436));
#4436 = ORIENTED_EDGE('',*,*,#4437,.T.);
#4437 = EDGE_CURVE('',#4438,#4438,#4440,.T.);
#4438 = VERTEX_POINT('',#4439);
#4439 = CARTESIAN_POINT('',(107.1,-90.000011,1.51));
#4440 = CIRCLE('',#4441,0.750011);
#4441 = AXIS2_PLACEMENT_3D('',#4442,#4443,#4444);
#4442 = CARTESIAN_POINT('',(107.1,-89.25,1.51));
#4443 = DIRECTION('',(-0.,0.,-1.));
#4444 = DIRECTION('',(-0.,-1.,0.));
#4445 = FACE_BOUND('',#4446,.T.);
#4446 = EDGE_LOOP('',(#4447));
#4447 = ORIENTED_EDGE('',*,*,#4448,.T.);
#4448 = EDGE_CURVE('',#4449,#4449,#4451,.T.);
#4449 = VERTEX_POINT('',#4450);
#4450 = CARTESIAN_POINT('',(103.6,-87.500011,1.51));
#4451 = CIRCLE('',#4452,0.750011);
#4452 = AXIS2_PLACEMENT_3D('',#4453,#4454,#4455);
#4453 = CARTESIAN_POINT('',(103.6,-86.75,1.51));
#4454 = DIRECTION('',(-0.,0.,-1.));
#4455 = DIRECTION('',(-0.,-1.,0.));
#4456 = FACE_BOUND('',#4457,.T.);
#4457 = EDGE_LOOP('',(#4458));
#4458 = ORIENTED_EDGE('',*,*,#4459,.T.);
#4459 = EDGE_CURVE('',#4460,#4460,#4462,.T.);
#4460 = VERTEX_POINT('',#4461);
#4461 = CARTESIAN_POINT('',(107.1,-87.630011,1.51));
#4462 = CIRCLE('',#4463,0.750011);
#4463 = AXIS2_PLACEMENT_3D('',#4464,#4465,#4466);
#4464 = CARTESIAN_POINT('',(107.1,-86.88,1.51));
#4465 = DIRECTION('',(-0.,0.,-1.));
#4466 = DIRECTION('',(-0.,-1.,0.));
#4467 = FACE_BOUND('',#4468,.T.);
#4468 = EDGE_LOOP('',(#4469));
#4469 = ORIENTED_EDGE('',*,*,#4470,.T.);
#4470 = EDGE_CURVE('',#4471,#4471,#4473,.T.);
#4471 = VERTEX_POINT('',#4472);
#4472 = CARTESIAN_POINT('',(90.675,-80.2,1.51));
#4473 = CIRCLE('',#4474,0.2);
#4474 = AXIS2_PLACEMENT_3D('',#4475,#4476,#4477);
#4475 = CARTESIAN_POINT('',(90.675,-80.,1.51));
#4476 = DIRECTION('',(-0.,0.,-1.));
#4477 = DIRECTION('',(-0.,-1.,0.));
#4478 = FACE_BOUND('',#4479,.T.);
#4479 = EDGE_LOOP('',(#4480));
#4480 = ORIENTED_EDGE('',*,*,#4481,.T.);
#4481 = EDGE_CURVE('',#4482,#4482,#4484,.T.);
#4482 = VERTEX_POINT('',#4483);
#4483 = CARTESIAN_POINT('',(108.0415,-82.9181,1.51));
#4484 = CIRCLE('',#4485,0.2);
#4485 = AXIS2_PLACEMENT_3D('',#4486,#4487,#4488);
#4486 = CARTESIAN_POINT('',(108.0415,-82.7181,1.51));
#4487 = DIRECTION('',(-0.,0.,-1.));
#4488 = DIRECTION('',(-0.,-1.,0.));
#4489 = FACE_BOUND('',#4490,.T.);
#4490 = EDGE_LOOP('',(#4491));
#4491 = ORIENTED_EDGE('',*,*,#4492,.T.);
#4492 = EDGE_CURVE('',#4493,#4493,#4495,.T.);
#4493 = VERTEX_POINT('',#4494);
#4494 = CARTESIAN_POINT('',(113.81,-130.165,1.51));
#4495 = CIRCLE('',#4496,0.65);
#4496 = AXIS2_PLACEMENT_3D('',#4497,#4498,#4499);
#4497 = CARTESIAN_POINT('',(113.81,-129.515,1.51));
#4498 = DIRECTION('',(-0.,0.,-1.));
#4499 = DIRECTION('',(-0.,-1.,0.));
#4500 = FACE_BOUND('',#4501,.T.);
#4501 = EDGE_LOOP('',(#4502));
#4502 = ORIENTED_EDGE('',*,*,#4503,.T.);
#4503 = EDGE_CURVE('',#4504,#4504,#4506,.T.);
#4504 = VERTEX_POINT('',#4505);
#4505 = CARTESIAN_POINT('',(113.81,-128.335,1.51));
#4506 = CIRCLE('',#4507,0.65);
#4507 = AXIS2_PLACEMENT_3D('',#4508,#4509,#4510);
#4508 = CARTESIAN_POINT('',(113.81,-127.685,1.51));
#4509 = DIRECTION('',(-0.,0.,-1.));
#4510 = DIRECTION('',(-0.,-1.,0.));
#4511 = FACE_BOUND('',#4512,.T.);
#4512 = EDGE_LOOP('',(#4513));
#4513 = ORIENTED_EDGE('',*,*,#4514,.T.);
#4514 = EDGE_CURVE('',#4515,#4515,#4517,.T.);
#4515 = VERTEX_POINT('',#4516);
#4516 = CARTESIAN_POINT('',(113.81,-126.505,1.51));
#4517 = CIRCLE('',#4518,0.65);
#4518 = AXIS2_PLACEMENT_3D('',#4519,#4520,#4521);
#4519 = CARTESIAN_POINT('',(113.81,-125.855,1.51));
#4520 = DIRECTION('',(-0.,0.,-1.));
#4521 = DIRECTION('',(-0.,-1.,0.));
#4522 = FACE_BOUND('',#4523,.T.);
#4523 = EDGE_LOOP('',(#4524));
#4524 = ORIENTED_EDGE('',*,*,#4525,.T.);
#4525 = EDGE_CURVE('',#4526,#4526,#4528,.T.);
#4526 = VERTEX_POINT('',#4527);
#4527 = CARTESIAN_POINT('',(142.19,-130.165,1.51));
#4528 = CIRCLE('',#4529,0.65);
#4529 = AXIS2_PLACEMENT_3D('',#4530,#4531,#4532);
#4530 = CARTESIAN_POINT('',(142.19,-129.515,1.51));
#4531 = DIRECTION('',(-0.,0.,-1.));
#4532 = DIRECTION('',(-0.,-1.,0.));
#4533 = FACE_BOUND('',#4534,.T.);
#4534 = EDGE_LOOP('',(#4535));
#4535 = ORIENTED_EDGE('',*,*,#4536,.T.);
#4536 = EDGE_CURVE('',#4537,#4537,#4539,.T.);
#4537 = VERTEX_POINT('',#4538);
#4538 = CARTESIAN_POINT('',(142.19,-128.335,1.51));
#4539 = CIRCLE('',#4540,0.65);
#4540 = AXIS2_PLACEMENT_3D('',#4541,#4542,#4543);
#4541 = CARTESIAN_POINT('',(142.19,-127.685,1.51));
#4542 = DIRECTION('',(-0.,0.,-1.));
#4543 = DIRECTION('',(-0.,-1.,0.));
#4544 = FACE_BOUND('',#4545,.T.);
#4545 = EDGE_LOOP('',(#4546));
#4546 = ORIENTED_EDGE('',*,*,#4547,.T.);
#4547 = EDGE_CURVE('',#4548,#4548,#4550,.T.);
#4548 = VERTEX_POINT('',#4549);
#4549 = CARTESIAN_POINT('',(142.19,-126.505,1.51));
#4550 = CIRCLE('',#4551,0.65);
#4551 = AXIS2_PLACEMENT_3D('',#4552,#4553,#4554);
#4552 = CARTESIAN_POINT('',(142.19,-125.855,1.51));
#4553 = DIRECTION('',(-0.,0.,-1.));
#4554 = DIRECTION('',(-0.,-1.,0.));
#4555 = FACE_BOUND('',#4556,.T.);
#4556 = EDGE_LOOP('',(#4557));
#4557 = ORIENTED_EDGE('',*,*,#4558,.T.);
#4558 = EDGE_CURVE('',#4559,#4559,#4561,.T.);
#4559 = VERTEX_POINT('',#4560);
#4560 = CARTESIAN_POINT('',(149.81,-130.165,1.51));
#4561 = CIRCLE('',#4562,0.65);
#4562 = AXIS2_PLACEMENT_3D('',#4563,#4564,#4565);
#4563 = CARTESIAN_POINT('',(149.81,-129.515,1.51));
#4564 = DIRECTION('',(-0.,0.,-1.));
#4565 = DIRECTION('',(-0.,-1.,0.));
#4566 = FACE_BOUND('',#4567,.T.);
#4567 = EDGE_LOOP('',(#4568));
#4568 = ORIENTED_EDGE('',*,*,#4569,.T.);
#4569 = EDGE_CURVE('',#4570,#4570,#4572,.T.);
#4570 = VERTEX_POINT('',#4571);
#4571 = CARTESIAN_POINT('',(149.81,-128.335,1.51));
#4572 = CIRCLE('',#4573,0.65);
#4573 = AXIS2_PLACEMENT_3D('',#4574,#4575,#4576);
#4574 = CARTESIAN_POINT('',(149.81,-127.685,1.51));
#4575 = DIRECTION('',(-0.,0.,-1.));
#4576 = DIRECTION('',(-0.,-1.,0.));
#4577 = FACE_BOUND('',#4578,.T.);
#4578 = EDGE_LOOP('',(#4579));
#4579 = ORIENTED_EDGE('',*,*,#4580,.T.);
#4580 = EDGE_CURVE('',#4581,#4581,#4583,.T.);
#4581 = VERTEX_POINT('',#4582);
#4582 = CARTESIAN_POINT('',(149.81,-126.505,1.51));
#4583 = CIRCLE('',#4584,0.65);
#4584 = AXIS2_PLACEMENT_3D('',#4585,#4586,#4587);
#4585 = CARTESIAN_POINT('',(149.81,-125.855,1.51));
#4586 = DIRECTION('',(-0.,0.,-1.));
#4587 = DIRECTION('',(-0.,-1.,0.));
#4588 = FACE_BOUND('',#4589,.T.);
#4589 = EDGE_LOOP('',(#4590));
#4590 = ORIENTED_EDGE('',*,*,#4591,.T.);
#4591 = EDGE_CURVE('',#4592,#4592,#4594,.T.);
#4592 = VERTEX_POINT('',#4593);
#4593 = CARTESIAN_POINT('',(134.,-119.2,1.51));
#4594 = CIRCLE('',#4595,0.2);
#4595 = AXIS2_PLACEMENT_3D('',#4596,#4597,#4598);
#4596 = CARTESIAN_POINT('',(134.,-119.,1.51));
#4597 = DIRECTION('',(-0.,0.,-1.));
#4598 = DIRECTION('',(-0.,-1.,0.));
#4599 = FACE_BOUND('',#4600,.T.);
#4600 = EDGE_LOOP('',(#4601));
#4601 = ORIENTED_EDGE('',*,*,#4602,.T.);
#4602 = EDGE_CURVE('',#4603,#4603,#4605,.T.);
#4603 = VERTEX_POINT('',#4604);
#4604 = CARTESIAN_POINT('',(141.595,-113.122499,1.51));
#4605 = CIRCLE('',#4606,0.25);
#4606 = AXIS2_PLACEMENT_3D('',#4607,#4608,#4609);
#4607 = CARTESIAN_POINT('',(141.595,-112.872499,1.51));
#4608 = DIRECTION('',(-0.,0.,-1.));
#4609 = DIRECTION('',(-0.,-1.,0.));
#4610 = FACE_BOUND('',#4611,.T.);
#4611 = EDGE_LOOP('',(#4612));
#4612 = ORIENTED_EDGE('',*,*,#4613,.T.);
#4613 = EDGE_CURVE('',#4614,#4614,#4616,.T.);
#4614 = VERTEX_POINT('',#4615);
#4615 = CARTESIAN_POINT('',(164.,-119.2,1.51));
#4616 = CIRCLE('',#4617,0.2);
#4617 = AXIS2_PLACEMENT_3D('',#4618,#4619,#4620);
#4618 = CARTESIAN_POINT('',(164.,-119.,1.51));
#4619 = DIRECTION('',(-0.,0.,-1.));
#4620 = DIRECTION('',(-0.,-1.,0.));
#4621 = FACE_BOUND('',#4622,.T.);
#4622 = EDGE_LOOP('',(#4623));
#4623 = ORIENTED_EDGE('',*,*,#4624,.T.);
#4624 = EDGE_CURVE('',#4625,#4625,#4627,.T.);
#4625 = VERTEX_POINT('',#4626);
#4626 = CARTESIAN_POINT('',(178.19,-130.165,1.51));
#4627 = CIRCLE('',#4628,0.65);
#4628 = AXIS2_PLACEMENT_3D('',#4629,#4630,#4631);
#4629 = CARTESIAN_POINT('',(178.19,-129.515,1.51));
#4630 = DIRECTION('',(-0.,0.,-1.));
#4631 = DIRECTION('',(-0.,-1.,0.));
#4632 = FACE_BOUND('',#4633,.T.);
#4633 = EDGE_LOOP('',(#4634));
#4634 = ORIENTED_EDGE('',*,*,#4635,.T.);
#4635 = EDGE_CURVE('',#4636,#4636,#4638,.T.);
#4636 = VERTEX_POINT('',#4637);
#4637 = CARTESIAN_POINT('',(185.81,-130.165,1.51));
#4638 = CIRCLE('',#4639,0.65);
#4639 = AXIS2_PLACEMENT_3D('',#4640,#4641,#4642);
#4640 = CARTESIAN_POINT('',(185.81,-129.515,1.51));
#4641 = DIRECTION('',(-0.,0.,-1.));
#4642 = DIRECTION('',(-0.,-1.,0.));
#4643 = FACE_BOUND('',#4644,.T.);
#4644 = EDGE_LOOP('',(#4645));
#4645 = ORIENTED_EDGE('',*,*,#4646,.T.);
#4646 = EDGE_CURVE('',#4647,#4647,#4649,.T.);
#4647 = VERTEX_POINT('',#4648);
#4648 = CARTESIAN_POINT('',(178.19,-128.335,1.51));
#4649 = CIRCLE('',#4650,0.65);
#4650 = AXIS2_PLACEMENT_3D('',#4651,#4652,#4653);
#4651 = CARTESIAN_POINT('',(178.19,-127.685,1.51));
#4652 = DIRECTION('',(-0.,0.,-1.));
#4653 = DIRECTION('',(-0.,-1.,0.));
#4654 = FACE_BOUND('',#4655,.T.);
#4655 = EDGE_LOOP('',(#4656));
#4656 = ORIENTED_EDGE('',*,*,#4657,.T.);
#4657 = EDGE_CURVE('',#4658,#4658,#4660,.T.);
#4658 = VERTEX_POINT('',#4659);
#4659 = CARTESIAN_POINT('',(178.19,-126.505,1.51));
#4660 = CIRCLE('',#4661,0.65);
#4661 = AXIS2_PLACEMENT_3D('',#4662,#4663,#4664);
#4662 = CARTESIAN_POINT('',(178.19,-125.855,1.51));
#4663 = DIRECTION('',(-0.,0.,-1.));
#4664 = DIRECTION('',(-0.,-1.,0.));
#4665 = FACE_BOUND('',#4666,.T.);
#4666 = EDGE_LOOP('',(#4667));
#4667 = ORIENTED_EDGE('',*,*,#4668,.T.);
#4668 = EDGE_CURVE('',#4669,#4669,#4671,.T.);
#4669 = VERTEX_POINT('',#4670);
#4670 = CARTESIAN_POINT('',(185.81,-128.335,1.51));
#4671 = CIRCLE('',#4672,0.65);
#4672 = AXIS2_PLACEMENT_3D('',#4673,#4674,#4675);
#4673 = CARTESIAN_POINT('',(185.81,-127.685,1.51));
#4674 = DIRECTION('',(-0.,0.,-1.));
#4675 = DIRECTION('',(-0.,-1.,0.));
#4676 = FACE_BOUND('',#4677,.T.);
#4677 = EDGE_LOOP('',(#4678));
#4678 = ORIENTED_EDGE('',*,*,#4679,.T.);
#4679 = EDGE_CURVE('',#4680,#4680,#4682,.T.);
#4680 = VERTEX_POINT('',#4681);
#4681 = CARTESIAN_POINT('',(185.81,-126.505,1.51));
#4682 = CIRCLE('',#4683,0.65);
#4683 = AXIS2_PLACEMENT_3D('',#4684,#4685,#4686);
#4684 = CARTESIAN_POINT('',(185.81,-125.855,1.51));
#4685 = DIRECTION('',(-0.,0.,-1.));
#4686 = DIRECTION('',(-0.,-1.,0.));
#4687 = FACE_BOUND('',#4688,.T.);
#4688 = EDGE_LOOP('',(#4689));
#4689 = ORIENTED_EDGE('',*,*,#4690,.T.);
#4690 = EDGE_CURVE('',#4691,#4691,#4693,.T.);
#4691 = VERTEX_POINT('',#4692);
#4692 = CARTESIAN_POINT('',(196.,-132.6,1.51));
#4693 = CIRCLE('',#4694,1.6);
#4694 = AXIS2_PLACEMENT_3D('',#4695,#4696,#4697);
#4695 = CARTESIAN_POINT('',(196.,-131.,1.51));
#4696 = DIRECTION('',(-0.,0.,-1.));
#4697 = DIRECTION('',(-0.,-1.,0.));
#4698 = FACE_BOUND('',#4699,.T.);
#4699 = EDGE_LOOP('',(#4700));
#4700 = ORIENTED_EDGE('',*,*,#4701,.T.);
#4701 = EDGE_CURVE('',#4702,#4702,#4704,.T.);
#4702 = VERTEX_POINT('',#4703);
#4703 = CARTESIAN_POINT('',(177.595,-113.122499,1.51));
#4704 = CIRCLE('',#4705,0.25);
#4705 = AXIS2_PLACEMENT_3D('',#4706,#4707,#4708);
#4706 = CARTESIAN_POINT('',(177.595,-112.872499,1.51));
#4707 = DIRECTION('',(-0.,0.,-1.));
#4708 = DIRECTION('',(-0.,-1.,0.));
#4709 = FACE_BOUND('',#4710,.T.);
#4710 = EDGE_LOOP('',(#4711));
#4711 = ORIENTED_EDGE('',*,*,#4712,.T.);
#4712 = EDGE_CURVE('',#4713,#4713,#4715,.T.);
#4713 = VERTEX_POINT('',#4714);
#4714 = CARTESIAN_POINT('',(136.024999,-103.2,1.51));
#4715 = CIRCLE('',#4716,0.2);
#4716 = AXIS2_PLACEMENT_3D('',#4717,#4718,#4719);
#4717 = CARTESIAN_POINT('',(136.024999,-103.,1.51));
#4718 = DIRECTION('',(-0.,0.,-1.));
#4719 = DIRECTION('',(1.42108547152E-13,-1.,-0.));
#4720 = FACE_BOUND('',#4721,.T.);
#4721 = EDGE_LOOP('',(#4722));
#4722 = ORIENTED_EDGE('',*,*,#4723,.T.);
#4723 = EDGE_CURVE('',#4724,#4724,#4726,.T.);
#4724 = VERTEX_POINT('',#4725);
#4725 = CARTESIAN_POINT('',(136.024999,-96.2,1.51));
#4726 = CIRCLE('',#4727,0.2);
#4727 = AXIS2_PLACEMENT_3D('',#4728,#4729,#4730);
#4728 = CARTESIAN_POINT('',(136.024999,-96.,1.51));
#4729 = DIRECTION('',(-0.,0.,-1.));
#4730 = DIRECTION('',(1.42108547152E-13,-1.,-0.));
#4731 = FACE_BOUND('',#4732,.T.);
#4732 = EDGE_LOOP('',(#4733));
#4733 = ORIENTED_EDGE('',*,*,#4734,.T.);
#4734 = EDGE_CURVE('',#4735,#4735,#4737,.T.);
#4735 = VERTEX_POINT('',#4736);
#4736 = CARTESIAN_POINT('',(140.36,-93.55,1.51));
#4737 = CIRCLE('',#4738,0.25);
#4738 = AXIS2_PLACEMENT_3D('',#4739,#4740,#4741);
#4739 = CARTESIAN_POINT('',(140.36,-93.3,1.51));
#4740 = DIRECTION('',(-0.,0.,-1.));
#4741 = DIRECTION('',(-0.,-1.,0.));
#4742 = FACE_BOUND('',#4743,.T.);
#4743 = EDGE_LOOP('',(#4744));
#4744 = ORIENTED_EDGE('',*,*,#4745,.T.);
#4745 = EDGE_CURVE('',#4746,#4746,#4748,.T.);
#4746 = VERTEX_POINT('',#4747);
#4747 = CARTESIAN_POINT('',(141.64,-93.55,1.51));
#4748 = CIRCLE('',#4749,0.25);
#4749 = AXIS2_PLACEMENT_3D('',#4750,#4751,#4752);
#4750 = CARTESIAN_POINT('',(141.64,-93.3,1.51));
#4751 = DIRECTION('',(-0.,0.,-1.));
#4752 = DIRECTION('',(-0.,-1.,0.));
#4753 = FACE_BOUND('',#4754,.T.);
#4754 = EDGE_LOOP('',(#4755));
#4755 = ORIENTED_EDGE('',*,*,#4756,.T.);
#4756 = EDGE_CURVE('',#4757,#4757,#4759,.T.);
#4757 = VERTEX_POINT('',#4758);
#4758 = CARTESIAN_POINT('',(142.9,-93.55,1.51));
#4759 = CIRCLE('',#4760,0.25);
#4760 = AXIS2_PLACEMENT_3D('',#4761,#4762,#4763);
#4761 = CARTESIAN_POINT('',(142.9,-93.3,1.51));
#4762 = DIRECTION('',(-0.,0.,-1.));
#4763 = DIRECTION('',(-0.,-1.,0.));
#4764 = FACE_BOUND('',#4765,.T.);
#4765 = EDGE_LOOP('',(#4766));
#4766 = ORIENTED_EDGE('',*,*,#4767,.T.);
#4767 = EDGE_CURVE('',#4768,#4768,#4770,.T.);
#4768 = VERTEX_POINT('',#4769);
#4769 = CARTESIAN_POINT('',(110.,-89.25,1.51));
#4770 = CIRCLE('',#4771,1.25);
#4771 = AXIS2_PLACEMENT_3D('',#4772,#4773,#4774);
#4772 = CARTESIAN_POINT('',(110.,-88.,1.51));
#4773 = DIRECTION('',(-0.,0.,-1.));
#4774 = DIRECTION('',(-0.,-1.,0.));
#4775 = FACE_BOUND('',#4776,.T.);
#4776 = EDGE_LOOP('',(#4777));
#4777 = ORIENTED_EDGE('',*,*,#4778,.T.);
#4778 = EDGE_CURVE('',#4779,#4779,#4781,.T.);
#4779 = VERTEX_POINT('',#4780);
#4780 = CARTESIAN_POINT('',(112.9,-90.000011,1.51));
#4781 = CIRCLE('',#4782,0.750011);
#4782 = AXIS2_PLACEMENT_3D('',#4783,#4784,#4785);
#4783 = CARTESIAN_POINT('',(112.9,-89.25,1.51));
#4784 = DIRECTION('',(-0.,0.,-1.));
#4785 = DIRECTION('',(-0.,-1.,0.));
#4786 = FACE_BOUND('',#4787,.T.);
#4787 = EDGE_LOOP('',(#4788));
#4788 = ORIENTED_EDGE('',*,*,#4789,.T.);
#4789 = EDGE_CURVE('',#4790,#4790,#4792,.T.);
#4790 = VERTEX_POINT('',#4791);
#4791 = CARTESIAN_POINT('',(116.4,-90.000011,1.51));
#4792 = CIRCLE('',#4793,0.750011);
#4793 = AXIS2_PLACEMENT_3D('',#4794,#4795,#4796);
#4794 = CARTESIAN_POINT('',(116.4,-89.25,1.51));
#4795 = DIRECTION('',(-0.,0.,-1.));
#4796 = DIRECTION('',(-0.,-1.,0.));
#4797 = FACE_BOUND('',#4798,.T.);
#4798 = EDGE_LOOP('',(#4799));
#4799 = ORIENTED_EDGE('',*,*,#4800,.T.);
#4800 = EDGE_CURVE('',#4801,#4801,#4803,.T.);
#4801 = VERTEX_POINT('',#4802);
#4802 = CARTESIAN_POINT('',(120.35,-88.2,1.51));
#4803 = CIRCLE('',#4804,0.2);
#4804 = AXIS2_PLACEMENT_3D('',#4805,#4806,#4807);
#4805 = CARTESIAN_POINT('',(120.35,-88.,1.51));
#4806 = DIRECTION('',(-0.,0.,-1.));
#4807 = DIRECTION('',(-0.,-1.,0.));
#4808 = FACE_BOUND('',#4809,.T.);
#4809 = EDGE_LOOP('',(#4810));
#4810 = ORIENTED_EDGE('',*,*,#4811,.T.);
#4811 = EDGE_CURVE('',#4812,#4812,#4814,.T.);
#4812 = VERTEX_POINT('',#4813);
#4813 = CARTESIAN_POINT('',(112.9,-87.500011,1.51));
#4814 = CIRCLE('',#4815,0.750011);
#4815 = AXIS2_PLACEMENT_3D('',#4816,#4817,#4818);
#4816 = CARTESIAN_POINT('',(112.9,-86.75,1.51));
#4817 = DIRECTION('',(-0.,0.,-1.));
#4818 = DIRECTION('',(-0.,-1.,0.));
#4819 = FACE_BOUND('',#4820,.T.);
#4820 = EDGE_LOOP('',(#4821));
#4821 = ORIENTED_EDGE('',*,*,#4822,.T.);
#4822 = EDGE_CURVE('',#4823,#4823,#4825,.T.);
#4823 = VERTEX_POINT('',#4824);
#4824 = CARTESIAN_POINT('',(116.4,-87.500011,1.51));
#4825 = CIRCLE('',#4826,0.750011);
#4826 = AXIS2_PLACEMENT_3D('',#4827,#4828,#4829);
#4827 = CARTESIAN_POINT('',(116.4,-86.75,1.51));
#4828 = DIRECTION('',(-0.,0.,-1.));
#4829 = DIRECTION('',(-0.,-1.,0.));
#4830 = FACE_BOUND('',#4831,.T.);
#4831 = EDGE_LOOP('',(#4832));
#4832 = ORIENTED_EDGE('',*,*,#4833,.T.);
#4833 = EDGE_CURVE('',#4834,#4834,#4836,.T.);
#4834 = VERTEX_POINT('',#4835);
#4835 = CARTESIAN_POINT('',(123.51,-85.0094,1.51));
#4836 = CIRCLE('',#4837,0.2);
#4837 = AXIS2_PLACEMENT_3D('',#4838,#4839,#4840);
#4838 = CARTESIAN_POINT('',(123.51,-84.8094,1.51));
#4839 = DIRECTION('',(-0.,0.,-1.));
#4840 = DIRECTION('',(7.105427357601E-14,-1.,-0.));
#4841 = FACE_BOUND('',#4842,.T.);
#4842 = EDGE_LOOP('',(#4843));
#4843 = ORIENTED_EDGE('',*,*,#4844,.T.);
#4844 = EDGE_CURVE('',#4845,#4845,#4847,.T.);
#4845 = VERTEX_POINT('',#4846);
#4846 = CARTESIAN_POINT('',(126.65,-85.25,1.51));
#4847 = CIRCLE('',#4848,0.25);
#4848 = AXIS2_PLACEMENT_3D('',#4849,#4850,#4851);
#4849 = CARTESIAN_POINT('',(126.65,-85.,1.51));
#4850 = DIRECTION('',(-0.,0.,-1.));
#4851 = DIRECTION('',(-0.,-1.,0.));
#4852 = FACE_BOUND('',#4853,.T.);
#4853 = EDGE_LOOP('',(#4854));
#4854 = ORIENTED_EDGE('',*,*,#4855,.T.);
#4855 = EDGE_CURVE('',#4856,#4856,#4858,.T.);
#4856 = VERTEX_POINT('',#4857);
#4857 = CARTESIAN_POINT('',(118.9791,-83.8215,1.51));
#4858 = CIRCLE('',#4859,0.2);
#4859 = AXIS2_PLACEMENT_3D('',#4860,#4861,#4862);
#4860 = CARTESIAN_POINT('',(118.9791,-83.6215,1.51));
#4861 = DIRECTION('',(-0.,0.,-1.));
#4862 = DIRECTION('',(-0.,-1.,0.));
#4863 = FACE_BOUND('',#4864,.T.);
#4864 = EDGE_LOOP('',(#4865));
#4865 = ORIENTED_EDGE('',*,*,#4866,.T.);
#4866 = EDGE_CURVE('',#4867,#4867,#4869,.T.);
#4867 = VERTEX_POINT('',#4868);
#4868 = CARTESIAN_POINT('',(118.816313,-82.328707,1.51));
#4869 = CIRCLE('',#4870,0.2);
#4870 = AXIS2_PLACEMENT_3D('',#4871,#4872,#4873);
#4871 = CARTESIAN_POINT('',(118.816313,-82.128707,1.51));
#4872 = DIRECTION('',(-0.,0.,-1.));
#4873 = DIRECTION('',(-7.105427357601E-14,-1.,0.));
#4874 = FACE_BOUND('',#4875,.T.);
#4875 = EDGE_LOOP('',(#4876));
#4876 = ORIENTED_EDGE('',*,*,#4877,.T.);
#4877 = EDGE_CURVE('',#4878,#4878,#4880,.T.);
#4878 = VERTEX_POINT('',#4879);
#4879 = CARTESIAN_POINT('',(116.9213,-79.5846,1.51));
#4880 = CIRCLE('',#4881,0.2);
#4881 = AXIS2_PLACEMENT_3D('',#4882,#4883,#4884);
#4882 = CARTESIAN_POINT('',(116.9213,-79.3846,1.51));
#4883 = DIRECTION('',(-0.,0.,-1.));
#4884 = DIRECTION('',(-0.,-1.,0.));
#4885 = FACE_BOUND('',#4886,.T.);
#4886 = EDGE_LOOP('',(#4887));
#4887 = ORIENTED_EDGE('',*,*,#4888,.T.);
#4888 = EDGE_CURVE('',#4889,#4889,#4891,.T.);
#4889 = VERTEX_POINT('',#4890);
#4890 = CARTESIAN_POINT('',(115.9084,-78.3685,1.51));
#4891 = CIRCLE('',#4892,0.2);
#4892 = AXIS2_PLACEMENT_3D('',#4893,#4894,#4895);
#4893 = CARTESIAN_POINT('',(115.9084,-78.1685,1.51));
#4894 = DIRECTION('',(-0.,0.,-1.));
#4895 = DIRECTION('',(-0.,-1.,0.));
#4896 = FACE_BOUND('',#4897,.T.);
#4897 = EDGE_LOOP('',(#4898));
#4898 = ORIENTED_EDGE('',*,*,#4899,.T.);
#4899 = EDGE_CURVE('',#4900,#4900,#4902,.T.);
#4900 = VERTEX_POINT('',#4901);
#4901 = CARTESIAN_POINT('',(122.9171,-83.3889,1.51));
#4902 = CIRCLE('',#4903,0.2);
#4903 = AXIS2_PLACEMENT_3D('',#4904,#4905,#4906);
#4904 = CARTESIAN_POINT('',(122.9171,-83.1889,1.51));
#4905 = DIRECTION('',(-0.,0.,-1.));
#4906 = DIRECTION('',(-0.,-1.,0.));
#4907 = FACE_BOUND('',#4908,.T.);
#4908 = EDGE_LOOP('',(#4909));
#4909 = ORIENTED_EDGE('',*,*,#4910,.T.);
#4910 = EDGE_CURVE('',#4911,#4911,#4913,.T.);
#4911 = VERTEX_POINT('',#4912);
#4912 = CARTESIAN_POINT('',(121.2729,-81.3352,1.51));
#4913 = CIRCLE('',#4914,0.2);
#4914 = AXIS2_PLACEMENT_3D('',#4915,#4916,#4917);
#4915 = CARTESIAN_POINT('',(121.2729,-81.1352,1.51));
#4916 = DIRECTION('',(-0.,0.,-1.));
#4917 = DIRECTION('',(7.1054273576E-14,-1.,-0.));
#4918 = FACE_BOUND('',#4919,.T.);
#4919 = EDGE_LOOP('',(#4920));
#4920 = ORIENTED_EDGE('',*,*,#4921,.T.);
#4921 = EDGE_CURVE('',#4922,#4922,#4924,.T.);
#4922 = VERTEX_POINT('',#4923);
#4923 = CARTESIAN_POINT('',(127.0878,-83.3889,1.51));
#4924 = CIRCLE('',#4925,0.2);
#4925 = AXIS2_PLACEMENT_3D('',#4926,#4927,#4928);
#4926 = CARTESIAN_POINT('',(127.0878,-83.1889,1.51));
#4927 = DIRECTION('',(-0.,0.,-1.));
#4928 = DIRECTION('',(-0.,-1.,0.));
#4929 = FACE_BOUND('',#4930,.T.);
#4930 = EDGE_LOOP('',(#4931));
#4931 = ORIENTED_EDGE('',*,*,#4932,.T.);
#4932 = EDGE_CURVE('',#4933,#4933,#4935,.T.);
#4933 = VERTEX_POINT('',#4934);
#4934 = CARTESIAN_POINT('',(130.816313,-82.328707,1.51));
#4935 = CIRCLE('',#4936,0.2);
#4936 = AXIS2_PLACEMENT_3D('',#4937,#4938,#4939);
#4937 = CARTESIAN_POINT('',(130.816313,-82.128707,1.51));
#4938 = DIRECTION('',(-0.,0.,-1.));
#4939 = DIRECTION('',(1.42108547152E-13,-1.,-0.));
#4940 = FACE_BOUND('',#4941,.T.);
#4941 = EDGE_LOOP('',(#4942));
#4942 = ORIENTED_EDGE('',*,*,#4943,.T.);
#4943 = EDGE_CURVE('',#4944,#4944,#4946,.T.);
#4944 = VERTEX_POINT('',#4945);
#4945 = CARTESIAN_POINT('',(134.,-89.2,1.51));
#4946 = CIRCLE('',#4947,0.2);
#4947 = AXIS2_PLACEMENT_3D('',#4948,#4949,#4950);
#4948 = CARTESIAN_POINT('',(134.,-89.,1.51));
#4949 = DIRECTION('',(-0.,0.,-1.));
#4950 = DIRECTION('',(-0.,-1.,0.));
#4951 = FACE_BOUND('',#4952,.T.);
#4952 = EDGE_LOOP('',(#4953));
#4953 = ORIENTED_EDGE('',*,*,#4954,.T.);
#4954 = EDGE_CURVE('',#4955,#4955,#4957,.T.);
#4955 = VERTEX_POINT('',#4956);
#4956 = CARTESIAN_POINT('',(139.6,-90.000011,1.51));
#4957 = CIRCLE('',#4958,0.750011);
#4958 = AXIS2_PLACEMENT_3D('',#4959,#4960,#4961);
#4959 = CARTESIAN_POINT('',(139.6,-89.25,1.51));
#4960 = DIRECTION('',(-0.,0.,-1.));
#4961 = DIRECTION('',(-0.,-1.,0.));
#4962 = FACE_BOUND('',#4963,.T.);
#4963 = EDGE_LOOP('',(#4964));
#4964 = ORIENTED_EDGE('',*,*,#4965,.T.);
#4965 = EDGE_CURVE('',#4966,#4966,#4968,.T.);
#4966 = VERTEX_POINT('',#4967);
#4967 = CARTESIAN_POINT('',(139.6,-87.500011,1.51));
#4968 = CIRCLE('',#4969,0.750011);
#4969 = AXIS2_PLACEMENT_3D('',#4970,#4971,#4972);
#4970 = CARTESIAN_POINT('',(139.6,-86.75,1.51));
#4971 = DIRECTION('',(-0.,0.,-1.));
#4972 = DIRECTION('',(-0.,-1.,0.));
#4973 = FACE_BOUND('',#4974,.T.);
#4974 = EDGE_LOOP('',(#4975));
#4975 = ORIENTED_EDGE('',*,*,#4976,.T.);
#4976 = EDGE_CURVE('',#4977,#4977,#4979,.T.);
#4977 = VERTEX_POINT('',#4978);
#4978 = CARTESIAN_POINT('',(143.1,-90.000011,1.51));
#4979 = CIRCLE('',#4980,0.750011);
#4980 = AXIS2_PLACEMENT_3D('',#4981,#4982,#4983);
#4981 = CARTESIAN_POINT('',(143.1,-89.25,1.51));
#4982 = DIRECTION('',(-0.,0.,-1.));
#4983 = DIRECTION('',(-0.,-1.,0.));
#4984 = FACE_BOUND('',#4985,.T.);
#4985 = EDGE_LOOP('',(#4986));
#4986 = ORIENTED_EDGE('',*,*,#4987,.T.);
#4987 = EDGE_CURVE('',#4988,#4988,#4990,.T.);
#4988 = VERTEX_POINT('',#4989);
#4989 = CARTESIAN_POINT('',(146.,-89.25,1.51));
#4990 = CIRCLE('',#4991,1.25);
#4991 = AXIS2_PLACEMENT_3D('',#4992,#4993,#4994);
#4992 = CARTESIAN_POINT('',(146.,-88.,1.51));
#4993 = DIRECTION('',(-0.,0.,-1.));
#4994 = DIRECTION('',(-0.,-1.,0.));
#4995 = FACE_BOUND('',#4996,.T.);
#4996 = EDGE_LOOP('',(#4997));
#4997 = ORIENTED_EDGE('',*,*,#4998,.T.);
#4998 = EDGE_CURVE('',#4999,#4999,#5001,.T.);
#4999 = VERTEX_POINT('',#5000);
#5000 = CARTESIAN_POINT('',(148.9,-90.000011,1.51));
#5001 = CIRCLE('',#5002,0.750011);
#5002 = AXIS2_PLACEMENT_3D('',#5003,#5004,#5005);
#5003 = CARTESIAN_POINT('',(148.9,-89.25,1.51));
#5004 = DIRECTION('',(-0.,0.,-1.));
#5005 = DIRECTION('',(-0.,-1.,0.));
#5006 = FACE_BOUND('',#5007,.T.);
#5007 = EDGE_LOOP('',(#5008));
#5008 = ORIENTED_EDGE('',*,*,#5009,.T.);
#5009 = EDGE_CURVE('',#5010,#5010,#5012,.T.);
#5010 = VERTEX_POINT('',#5011);
#5011 = CARTESIAN_POINT('',(152.4,-90.000011,1.51));
#5012 = CIRCLE('',#5013,0.750011);
#5013 = AXIS2_PLACEMENT_3D('',#5014,#5015,#5016);
#5014 = CARTESIAN_POINT('',(152.4,-89.25,1.51));
#5015 = DIRECTION('',(-0.,0.,-1.));
#5016 = DIRECTION('',(-0.,-1.,0.));
#5017 = FACE_BOUND('',#5018,.T.);
#5018 = EDGE_LOOP('',(#5019));
#5019 = ORIENTED_EDGE('',*,*,#5020,.T.);
#5020 = EDGE_CURVE('',#5021,#5021,#5023,.T.);
#5021 = VERTEX_POINT('',#5022);
#5022 = CARTESIAN_POINT('',(143.1,-87.630011,1.51));
#5023 = CIRCLE('',#5024,0.750011);
#5024 = AXIS2_PLACEMENT_3D('',#5025,#5026,#5027);
#5025 = CARTESIAN_POINT('',(143.1,-86.88,1.51));
#5026 = DIRECTION('',(-0.,0.,-1.));
#5027 = DIRECTION('',(-0.,-1.,0.));
#5028 = FACE_BOUND('',#5029,.T.);
#5029 = EDGE_LOOP('',(#5030));
#5030 = ORIENTED_EDGE('',*,*,#5031,.T.);
#5031 = EDGE_CURVE('',#5032,#5032,#5034,.T.);
#5032 = VERTEX_POINT('',#5033);
#5033 = CARTESIAN_POINT('',(148.9,-87.500011,1.51));
#5034 = CIRCLE('',#5035,0.750011);
#5035 = AXIS2_PLACEMENT_3D('',#5036,#5037,#5038);
#5036 = CARTESIAN_POINT('',(148.9,-86.75,1.51));
#5037 = DIRECTION('',(-0.,0.,-1.));
#5038 = DIRECTION('',(-0.,-1.,0.));
#5039 = FACE_BOUND('',#5040,.T.);
#5040 = EDGE_LOOP('',(#5041));
#5041 = ORIENTED_EDGE('',*,*,#5042,.T.);
#5042 = EDGE_CURVE('',#5043,#5043,#5045,.T.);
#5043 = VERTEX_POINT('',#5044);
#5044 = CARTESIAN_POINT('',(152.4,-87.500011,1.51));
#5045 = CIRCLE('',#5046,0.750011);
#5046 = AXIS2_PLACEMENT_3D('',#5047,#5048,#5049);
#5047 = CARTESIAN_POINT('',(152.4,-86.75,1.51));
#5048 = DIRECTION('',(-0.,0.,-1.));
#5049 = DIRECTION('',(-0.,-1.,0.));
#5050 = FACE_BOUND('',#5051,.T.);
#5051 = EDGE_LOOP('',(#5052));
#5052 = ORIENTED_EDGE('',*,*,#5053,.T.);
#5053 = EDGE_CURVE('',#5054,#5054,#5056,.T.);
#5054 = VERTEX_POINT('',#5055);
#5055 = CARTESIAN_POINT('',(139.0761,-81.2229,1.51));
#5056 = CIRCLE('',#5057,0.2);
#5057 = AXIS2_PLACEMENT_3D('',#5058,#5059,#5060);
#5058 = CARTESIAN_POINT('',(139.0761,-81.0229,1.51));
#5059 = DIRECTION('',(-0.,0.,-1.));
#5060 = DIRECTION('',(-0.,-1.,0.));
#5061 = FACE_BOUND('',#5062,.T.);
#5062 = EDGE_LOOP('',(#5063));
#5063 = ORIENTED_EDGE('',*,*,#5064,.T.);
#5064 = EDGE_CURVE('',#5065,#5065,#5067,.T.);
#5065 = VERTEX_POINT('',#5066);
#5066 = CARTESIAN_POINT('',(135.362646,-80.133219,1.51));
#5067 = CIRCLE('',#5068,0.2);
#5068 = AXIS2_PLACEMENT_3D('',#5069,#5070,#5071);
#5069 = CARTESIAN_POINT('',(135.362646,-79.933219,1.51));
#5070 = DIRECTION('',(-0.,0.,-1.));
#5071 = DIRECTION('',(1.42108547152E-13,-1.,-0.));
#5072 = FACE_BOUND('',#5073,.T.);
#5073 = EDGE_LOOP('',(#5074));
#5074 = ORIENTED_EDGE('',*,*,#5075,.T.);
#5075 = EDGE_CURVE('',#5076,#5076,#5078,.T.);
#5076 = VERTEX_POINT('',#5077);
#5077 = CARTESIAN_POINT('',(143.1809,-79.9266,1.51));
#5078 = CIRCLE('',#5079,0.2);
#5079 = AXIS2_PLACEMENT_3D('',#5080,#5081,#5082);
#5080 = CARTESIAN_POINT('',(143.1809,-79.7266,1.51));
#5081 = DIRECTION('',(-0.,0.,-1.));
#5082 = DIRECTION('',(-0.,-1.,0.));
#5083 = FACE_BOUND('',#5084,.T.);
#5084 = EDGE_LOOP('',(#5085));
#5085 = ORIENTED_EDGE('',*,*,#5086,.T.);
#5086 = EDGE_CURVE('',#5087,#5087,#5089,.T.);
#5087 = VERTEX_POINT('',#5088);
#5088 = CARTESIAN_POINT('',(146.362646,-80.133219,1.51));
#5089 = CIRCLE('',#5090,0.2);
#5090 = AXIS2_PLACEMENT_3D('',#5091,#5092,#5093);
#5091 = CARTESIAN_POINT('',(146.362646,-79.933219,1.51));
#5092 = DIRECTION('',(-0.,0.,-1.));
#5093 = DIRECTION('',(1.42108547152E-13,-1.,-0.));
#5094 = FACE_BOUND('',#5095,.T.);
#5095 = EDGE_LOOP('',(#5096));
#5096 = ORIENTED_EDGE('',*,*,#5097,.T.);
#5097 = EDGE_CURVE('',#5098,#5098,#5100,.T.);
#5098 = VERTEX_POINT('',#5099);
#5099 = CARTESIAN_POINT('',(172.024999,-103.2,1.51));
#5100 = CIRCLE('',#5101,0.2);
#5101 = AXIS2_PLACEMENT_3D('',#5102,#5103,#5104);
#5102 = CARTESIAN_POINT('',(172.024999,-103.,1.51));
#5103 = DIRECTION('',(-0.,0.,-1.));
#5104 = DIRECTION('',(1.42108547152E-13,-1.,-0.));
#5105 = FACE_BOUND('',#5106,.T.);
#5106 = EDGE_LOOP('',(#5107));
#5107 = ORIENTED_EDGE('',*,*,#5108,.T.);
#5108 = EDGE_CURVE('',#5109,#5109,#5111,.T.);
#5109 = VERTEX_POINT('',#5110);
#5110 = CARTESIAN_POINT('',(172.024999,-96.2,1.51));
#5111 = CIRCLE('',#5112,0.2);
#5112 = AXIS2_PLACEMENT_3D('',#5113,#5114,#5115);
#5113 = CARTESIAN_POINT('',(172.024999,-96.,1.51));
#5114 = DIRECTION('',(-0.,0.,-1.));
#5115 = DIRECTION('',(1.42108547152E-13,-1.,-0.));
#5116 = FACE_BOUND('',#5117,.T.);
#5117 = EDGE_LOOP('',(#5118));
#5118 = ORIENTED_EDGE('',*,*,#5119,.T.);
#5119 = EDGE_CURVE('',#5120,#5120,#5122,.T.);
#5120 = VERTEX_POINT('',#5121);
#5121 = CARTESIAN_POINT('',(176.36,-93.55,1.51));
#5122 = CIRCLE('',#5123,0.25);
#5123 = AXIS2_PLACEMENT_3D('',#5124,#5125,#5126);
#5124 = CARTESIAN_POINT('',(176.36,-93.3,1.51));
#5125 = DIRECTION('',(-0.,0.,-1.));
#5126 = DIRECTION('',(-0.,-1.,0.));
#5127 = FACE_BOUND('',#5128,.T.);
#5128 = EDGE_LOOP('',(#5129));
#5129 = ORIENTED_EDGE('',*,*,#5130,.T.);
#5130 = EDGE_CURVE('',#5131,#5131,#5133,.T.);
#5131 = VERTEX_POINT('',#5132);
#5132 = CARTESIAN_POINT('',(177.64,-93.55,1.51));
#5133 = CIRCLE('',#5134,0.25);
#5134 = AXIS2_PLACEMENT_3D('',#5135,#5136,#5137);
#5135 = CARTESIAN_POINT('',(177.64,-93.3,1.51));
#5136 = DIRECTION('',(-0.,0.,-1.));
#5137 = DIRECTION('',(-0.,-1.,0.));
#5138 = FACE_BOUND('',#5139,.T.);
#5139 = EDGE_LOOP('',(#5140));
#5140 = ORIENTED_EDGE('',*,*,#5141,.T.);
#5141 = EDGE_CURVE('',#5142,#5142,#5144,.T.);
#5142 = VERTEX_POINT('',#5143);
#5143 = CARTESIAN_POINT('',(178.9,-93.55,1.51));
#5144 = CIRCLE('',#5145,0.25);
#5145 = AXIS2_PLACEMENT_3D('',#5146,#5147,#5148);
#5146 = CARTESIAN_POINT('',(178.9,-93.3,1.51));
#5147 = DIRECTION('',(-0.,0.,-1.));
#5148 = DIRECTION('',(-0.,-1.,0.));
#5149 = FACE_BOUND('',#5150,.T.);
#5150 = EDGE_LOOP('',(#5151));
#5151 = ORIENTED_EDGE('',*,*,#5152,.T.);
#5152 = EDGE_CURVE('',#5153,#5153,#5155,.T.);
#5153 = VERTEX_POINT('',#5154);
#5154 = CARTESIAN_POINT('',(156.35,-88.2,1.51));
#5155 = CIRCLE('',#5156,0.2);
#5156 = AXIS2_PLACEMENT_3D('',#5157,#5158,#5159);
#5157 = CARTESIAN_POINT('',(156.35,-88.,1.51));
#5158 = DIRECTION('',(-0.,0.,-1.));
#5159 = DIRECTION('',(-1.42108547152E-13,-1.,0.));
#5160 = FACE_BOUND('',#5161,.T.);
#5161 = EDGE_LOOP('',(#5162));
#5162 = ORIENTED_EDGE('',*,*,#5163,.T.);
#5163 = EDGE_CURVE('',#5164,#5164,#5166,.T.);
#5164 = VERTEX_POINT('',#5165);
#5165 = CARTESIAN_POINT('',(162.65,-85.25,1.51));
#5166 = CIRCLE('',#5167,0.25);
#5167 = AXIS2_PLACEMENT_3D('',#5168,#5169,#5170);
#5168 = CARTESIAN_POINT('',(162.65,-85.,1.51));
#5169 = DIRECTION('',(-0.,0.,-1.));
#5170 = DIRECTION('',(-0.,-1.,0.));
#5171 = FACE_BOUND('',#5172,.T.);
#5172 = EDGE_LOOP('',(#5173));
#5173 = ORIENTED_EDGE('',*,*,#5174,.T.);
#5174 = EDGE_CURVE('',#5175,#5175,#5177,.T.);
#5175 = VERTEX_POINT('',#5176);
#5176 = CARTESIAN_POINT('',(175.6,-90.000011,1.51));
#5177 = CIRCLE('',#5178,0.750011);
#5178 = AXIS2_PLACEMENT_3D('',#5179,#5180,#5181);
#5179 = CARTESIAN_POINT('',(175.6,-89.25,1.51));
#5180 = DIRECTION('',(-0.,0.,-1.));
#5181 = DIRECTION('',(-0.,-1.,0.));
#5182 = FACE_BOUND('',#5183,.T.);
#5183 = EDGE_LOOP('',(#5184));
#5184 = ORIENTED_EDGE('',*,*,#5185,.T.);
#5185 = EDGE_CURVE('',#5186,#5186,#5188,.T.);
#5186 = VERTEX_POINT('',#5187);
#5187 = CARTESIAN_POINT('',(175.6,-87.500011,1.51));
#5188 = CIRCLE('',#5189,0.750011);
#5189 = AXIS2_PLACEMENT_3D('',#5190,#5191,#5192);
#5190 = CARTESIAN_POINT('',(175.6,-86.75,1.51));
#5191 = DIRECTION('',(-0.,0.,-1.));
#5192 = DIRECTION('',(-0.,-1.,0.));
#5193 = FACE_BOUND('',#5194,.T.);
#5194 = EDGE_LOOP('',(#5195));
#5195 = ORIENTED_EDGE('',*,*,#5196,.T.);
#5196 = EDGE_CURVE('',#5197,#5197,#5199,.T.);
#5197 = VERTEX_POINT('',#5198);
#5198 = CARTESIAN_POINT('',(157.574065,-81.836931,1.51));
#5199 = CIRCLE('',#5200,0.2);
#5200 = AXIS2_PLACEMENT_3D('',#5201,#5202,#5203);
#5201 = CARTESIAN_POINT('',(157.574065,-81.636931,1.51));
#5202 = DIRECTION('',(-0.,0.,-1.));
#5203 = DIRECTION('',(-1.42108547152E-13,-1.,0.));
#5204 = FACE_BOUND('',#5205,.T.);
#5205 = EDGE_LOOP('',(#5206));
#5206 = ORIENTED_EDGE('',*,*,#5207,.T.);
#5207 = EDGE_CURVE('',#5208,#5208,#5210,.T.);
#5208 = VERTEX_POINT('',#5209);
#5209 = CARTESIAN_POINT('',(157.362646,-80.133219,1.51));
#5210 = CIRCLE('',#5211,0.2);
#5211 = AXIS2_PLACEMENT_3D('',#5212,#5213,#5214);
#5212 = CARTESIAN_POINT('',(157.362646,-79.933219,1.51));
#5213 = DIRECTION('',(-0.,0.,-1.));
#5214 = DIRECTION('',(1.42108547152E-13,-1.,-0.));
#5215 = FACE_BOUND('',#5216,.T.);
#5216 = EDGE_LOOP('',(#5217));
#5217 = ORIENTED_EDGE('',*,*,#5218,.T.);
#5218 = EDGE_CURVE('',#5219,#5219,#5221,.T.);
#5219 = VERTEX_POINT('',#5220);
#5220 = CARTESIAN_POINT('',(155.2298,-78.8685,1.51));
#5221 = CIRCLE('',#5222,0.2);
#5222 = AXIS2_PLACEMENT_3D('',#5223,#5224,#5225);
#5223 = CARTESIAN_POINT('',(155.2298,-78.6685,1.51));
#5224 = DIRECTION('',(-0.,0.,-1.));
#5225 = DIRECTION('',(-0.,-1.,0.));
#5226 = FACE_BOUND('',#5227,.T.);
#5227 = EDGE_LOOP('',(#5228));
#5228 = ORIENTED_EDGE('',*,*,#5229,.T.);
#5229 = EDGE_CURVE('',#5230,#5230,#5232,.T.);
#5230 = VERTEX_POINT('',#5231);
#5231 = CARTESIAN_POINT('',(165.412255,-80.332033,1.51));
#5232 = CIRCLE('',#5233,0.2);
#5233 = AXIS2_PLACEMENT_3D('',#5234,#5235,#5236);
#5234 = CARTESIAN_POINT('',(165.412255,-80.132033,1.51));
#5235 = DIRECTION('',(-0.,0.,-1.));
#5236 = DIRECTION('',(-1.42108547152E-13,-1.,0.));
#5237 = FACE_BOUND('',#5238,.T.);
#5238 = EDGE_LOOP('',(#5239));
#5239 = ORIENTED_EDGE('',*,*,#5240,.T.);
#5240 = EDGE_CURVE('',#5241,#5241,#5243,.T.);
#5241 = VERTEX_POINT('',#5242);
#5242 = CARTESIAN_POINT('',(179.1,-90.000011,1.51));
#5243 = CIRCLE('',#5244,0.750011);
#5244 = AXIS2_PLACEMENT_3D('',#5245,#5246,#5247);
#5245 = CARTESIAN_POINT('',(179.1,-89.25,1.51));
#5246 = DIRECTION('',(-0.,0.,-1.));
#5247 = DIRECTION('',(-0.,-1.,0.));
#5248 = FACE_BOUND('',#5249,.T.);
#5249 = EDGE_LOOP('',(#5250));
#5250 = ORIENTED_EDGE('',*,*,#5251,.T.);
#5251 = EDGE_CURVE('',#5252,#5252,#5254,.T.);
#5252 = VERTEX_POINT('',#5253);
#5253 = CARTESIAN_POINT('',(182.,-89.25,1.51));
#5254 = CIRCLE('',#5255,1.25);
#5255 = AXIS2_PLACEMENT_3D('',#5256,#5257,#5258);
#5256 = CARTESIAN_POINT('',(182.,-88.,1.51));
#5257 = DIRECTION('',(-0.,0.,-1.));
#5258 = DIRECTION('',(-0.,-1.,0.));
#5259 = FACE_BOUND('',#5260,.T.);
#5260 = EDGE_LOOP('',(#5261));
#5261 = ORIENTED_EDGE('',*,*,#5262,.T.);
#5262 = EDGE_CURVE('',#5263,#5263,#5265,.T.);
#5263 = VERTEX_POINT('',#5264);
#5264 = CARTESIAN_POINT('',(184.9,-90.000011,1.51));
#5265 = CIRCLE('',#5266,0.750011);
#5266 = AXIS2_PLACEMENT_3D('',#5267,#5268,#5269);
#5267 = CARTESIAN_POINT('',(184.9,-89.25,1.51));
#5268 = DIRECTION('',(-0.,0.,-1.));
#5269 = DIRECTION('',(-0.,-1.,0.));
#5270 = FACE_BOUND('',#5271,.T.);
#5271 = EDGE_LOOP('',(#5272));
#5272 = ORIENTED_EDGE('',*,*,#5273,.T.);
#5273 = EDGE_CURVE('',#5274,#5274,#5276,.T.);
#5274 = VERTEX_POINT('',#5275);
#5275 = CARTESIAN_POINT('',(179.1,-87.630011,1.51));
#5276 = CIRCLE('',#5277,0.750011);
#5277 = AXIS2_PLACEMENT_3D('',#5278,#5279,#5280);
#5278 = CARTESIAN_POINT('',(179.1,-86.88,1.51));
#5279 = DIRECTION('',(-0.,0.,-1.));
#5280 = DIRECTION('',(-0.,-1.,0.));
#5281 = FACE_BOUND('',#5282,.T.);
#5282 = EDGE_LOOP('',(#5283));
#5283 = ORIENTED_EDGE('',*,*,#5284,.T.);
#5284 = EDGE_CURVE('',#5285,#5285,#5287,.T.);
#5285 = VERTEX_POINT('',#5286);
#5286 = CARTESIAN_POINT('',(184.9,-87.500011,1.51));
#5287 = CIRCLE('',#5288,0.750011);
#5288 = AXIS2_PLACEMENT_3D('',#5289,#5290,#5291);
#5289 = CARTESIAN_POINT('',(184.9,-86.75,1.51));
#5290 = DIRECTION('',(-0.,0.,-1.));
#5291 = DIRECTION('',(-0.,-1.,0.));
#5292 = FACE_BOUND('',#5293,.T.);
#5293 = EDGE_LOOP('',(#5294));
#5294 = ORIENTED_EDGE('',*,*,#5295,.T.);
#5295 = EDGE_CURVE('',#5296,#5296,#5298,.T.);
#5296 = VERTEX_POINT('',#5297);
#5297 = CARTESIAN_POINT('',(188.4,-90.000011,1.51));
#5298 = CIRCLE('',#5299,0.750011);
#5299 = AXIS2_PLACEMENT_3D('',#5300,#5301,#5302);
#5300 = CARTESIAN_POINT('',(188.4,-89.25,1.51));
#5301 = DIRECTION('',(-0.,0.,-1.));
#5302 = DIRECTION('',(-0.,-1.,0.));
#5303 = FACE_BOUND('',#5304,.T.);
#5304 = EDGE_LOOP('',(#5305));
#5305 = ORIENTED_EDGE('',*,*,#5306,.T.);
#5306 = EDGE_CURVE('',#5307,#5307,#5309,.T.);
#5307 = VERTEX_POINT('',#5308);
#5308 = CARTESIAN_POINT('',(188.4,-87.500011,1.51));
#5309 = CIRCLE('',#5310,0.750011);
#5310 = AXIS2_PLACEMENT_3D('',#5311,#5312,#5313);
#5311 = CARTESIAN_POINT('',(188.4,-86.75,1.51));
#5312 = DIRECTION('',(-0.,0.,-1.));
#5313 = DIRECTION('',(-0.,-1.,0.));
#5314 = FACE_BOUND('',#5315,.T.);
#5315 = EDGE_LOOP('',(#5316));
#5316 = ORIENTED_EDGE('',*,*,#5317,.T.);
#5317 = EDGE_CURVE('',#5318,#5318,#5320,.T.);
#5318 = VERTEX_POINT('',#5319);
#5319 = CARTESIAN_POINT('',(177.85,-82.2,1.51));
#5320 = CIRCLE('',#5321,0.2);
#5321 = AXIS2_PLACEMENT_3D('',#5322,#5323,#5324);
#5322 = CARTESIAN_POINT('',(177.85,-82.,1.51));
#5323 = DIRECTION('',(-0.,0.,-1.));
#5324 = DIRECTION('',(-1.42108547152E-13,-1.,0.));
#5325 = FACE_BOUND('',#5326,.T.);
#5326 = EDGE_LOOP('',(#5327));
#5327 = ORIENTED_EDGE('',*,*,#5328,.T.);
#5328 = EDGE_CURVE('',#5329,#5329,#5331,.T.);
#5329 = VERTEX_POINT('',#5330);
#5330 = CARTESIAN_POINT('',(184.15,-79.25,1.51));
#5331 = CIRCLE('',#5332,0.25);
#5332 = AXIS2_PLACEMENT_3D('',#5333,#5334,#5335);
#5333 = CARTESIAN_POINT('',(184.15,-79.,1.51));
#5334 = DIRECTION('',(-0.,0.,-1.));
#5335 = DIRECTION('',(-0.,-1.,0.));
#5336 = FACE_BOUND('',#5337,.T.);
#5337 = EDGE_LOOP('',(#5338));
#5338 = ORIENTED_EDGE('',*,*,#5339,.T.);
#5339 = EDGE_CURVE('',#5340,#5340,#5342,.T.);
#5340 = VERTEX_POINT('',#5341);
#5341 = CARTESIAN_POINT('',(27.975,-75.2,1.51));
#5342 = CIRCLE('',#5343,0.2);
#5343 = AXIS2_PLACEMENT_3D('',#5344,#5345,#5346);
#5344 = CARTESIAN_POINT('',(27.975,-75.,1.51));
#5345 = DIRECTION('',(-0.,0.,-1.));
#5346 = DIRECTION('',(-0.,-1.,0.));
#5347 = FACE_BOUND('',#5348,.T.);
#5348 = EDGE_LOOP('',(#5349));
#5349 = ORIENTED_EDGE('',*,*,#5350,.T.);
#5350 = EDGE_CURVE('',#5351,#5351,#5353,.T.);
#5351 = VERTEX_POINT('',#5352);
#5352 = CARTESIAN_POINT('',(40.025,-75.2,1.51));
#5353 = CIRCLE('',#5354,0.2);
#5354 = AXIS2_PLACEMENT_3D('',#5355,#5356,#5357);
#5355 = CARTESIAN_POINT('',(40.025,-75.,1.51));
#5356 = DIRECTION('',(-0.,0.,-1.));
#5357 = DIRECTION('',(-3.5527136788E-14,-1.,0.));
#5358 = FACE_BOUND('',#5359,.T.);
#5359 = EDGE_LOOP('',(#5360));
#5360 = ORIENTED_EDGE('',*,*,#5361,.T.);
#5361 = EDGE_CURVE('',#5362,#5362,#5364,.T.);
#5362 = VERTEX_POINT('',#5363);
#5363 = CARTESIAN_POINT('',(29.05,-66.2,1.51));
#5364 = CIRCLE('',#5365,0.2);
#5365 = AXIS2_PLACEMENT_3D('',#5366,#5367,#5368);
#5366 = CARTESIAN_POINT('',(29.05,-66.,1.51));
#5367 = DIRECTION('',(-0.,0.,-1.));
#5368 = DIRECTION('',(-0.,-1.,0.));
#5369 = FACE_BOUND('',#5370,.T.);
#5370 = EDGE_LOOP('',(#5371));
#5371 = ORIENTED_EDGE('',*,*,#5372,.T.);
#5372 = EDGE_CURVE('',#5373,#5373,#5375,.T.);
#5373 = VERTEX_POINT('',#5374);
#5374 = CARTESIAN_POINT('',(41.815952,-70.146916,1.51));
#5375 = CIRCLE('',#5376,0.2);
#5376 = AXIS2_PLACEMENT_3D('',#5377,#5378,#5379);
#5377 = CARTESIAN_POINT('',(41.815952,-69.946916,1.51));
#5378 = DIRECTION('',(-0.,0.,-1.));
#5379 = DIRECTION('',(3.5527136788E-14,-1.,-0.));
#5380 = FACE_BOUND('',#5381,.T.);
#5381 = EDGE_LOOP('',(#5382));
#5382 = ORIENTED_EDGE('',*,*,#5383,.T.);
#5383 = EDGE_CURVE('',#5384,#5384,#5386,.T.);
#5384 = VERTEX_POINT('',#5385);
#5385 = CARTESIAN_POINT('',(51.219609,-75.395871,1.51));
#5386 = CIRCLE('',#5387,0.2);
#5387 = AXIS2_PLACEMENT_3D('',#5388,#5389,#5390);
#5388 = CARTESIAN_POINT('',(51.219609,-75.195871,1.51));
#5389 = DIRECTION('',(-0.,0.,-1.));
#5390 = DIRECTION('',(-3.552713678801E-14,-1.,0.));
#5391 = FACE_BOUND('',#5392,.T.);
#5392 = EDGE_LOOP('',(#5393));
#5393 = ORIENTED_EDGE('',*,*,#5394,.T.);
#5394 = EDGE_CURVE('',#5395,#5395,#5397,.T.);
#5395 = VERTEX_POINT('',#5396);
#5396 = CARTESIAN_POINT('',(61.5,-75.3,1.51));
#5397 = CIRCLE('',#5398,0.3);
#5398 = AXIS2_PLACEMENT_3D('',#5399,#5400,#5401);
#5399 = CARTESIAN_POINT('',(61.5,-75.,1.51));
#5400 = DIRECTION('',(-0.,0.,-1.));
#5401 = DIRECTION('',(-0.,-1.,0.));
#5402 = FACE_BOUND('',#5403,.T.);
#5403 = EDGE_LOOP('',(#5404));
#5404 = ORIENTED_EDGE('',*,*,#5405,.T.);
#5405 = EDGE_CURVE('',#5406,#5406,#5408,.T.);
#5406 = VERTEX_POINT('',#5407);
#5407 = CARTESIAN_POINT('',(59.,-74.2,1.51));
#5408 = CIRCLE('',#5409,0.2);
#5409 = AXIS2_PLACEMENT_3D('',#5410,#5411,#5412);
#5410 = CARTESIAN_POINT('',(59.,-74.,1.51));
#5411 = DIRECTION('',(-0.,0.,-1.));
#5412 = DIRECTION('',(-0.,-1.,0.));
#5413 = FACE_BOUND('',#5414,.T.);
#5414 = EDGE_LOOP('',(#5415));
#5415 = ORIENTED_EDGE('',*,*,#5416,.T.);
#5416 = EDGE_CURVE('',#5417,#5417,#5419,.T.);
#5417 = VERTEX_POINT('',#5418);
#5418 = CARTESIAN_POINT('',(45.225,-65.2,1.51));
#5419 = CIRCLE('',#5420,0.2);
#5420 = AXIS2_PLACEMENT_3D('',#5421,#5422,#5423);
#5421 = CARTESIAN_POINT('',(45.225,-65.,1.51));
#5422 = DIRECTION('',(-0.,0.,-1.));
#5423 = DIRECTION('',(3.5527136788E-14,-1.,-0.));
#5424 = FACE_BOUND('',#5425,.T.);
#5425 = EDGE_LOOP('',(#5426));
#5426 = ORIENTED_EDGE('',*,*,#5427,.T.);
#5427 = EDGE_CURVE('',#5428,#5428,#5430,.T.);
#5428 = VERTEX_POINT('',#5429);
#5429 = CARTESIAN_POINT('',(51.,-65.3,1.51));
#5430 = CIRCLE('',#5431,0.3);
#5431 = AXIS2_PLACEMENT_3D('',#5432,#5433,#5434);
#5432 = CARTESIAN_POINT('',(51.,-65.,1.51));
#5433 = DIRECTION('',(-0.,0.,-1.));
#5434 = DIRECTION('',(-0.,-1.,0.));
#5435 = FACE_BOUND('',#5436,.T.);
#5436 = EDGE_LOOP('',(#5437));
#5437 = ORIENTED_EDGE('',*,*,#5438,.T.);
#5438 = EDGE_CURVE('',#5439,#5439,#5441,.T.);
#5439 = VERTEX_POINT('',#5440);
#5440 = CARTESIAN_POINT('',(63.327441,-69.967972,1.51));
#5441 = CIRCLE('',#5442,0.2);
#5442 = AXIS2_PLACEMENT_3D('',#5443,#5444,#5445);
#5443 = CARTESIAN_POINT('',(63.327441,-69.767972,1.51));
#5444 = DIRECTION('',(-0.,0.,-1.));
#5445 = DIRECTION('',(-0.,-1.,0.));
#5446 = FACE_BOUND('',#5447,.T.);
#5447 = EDGE_LOOP('',(#5448));
#5448 = ORIENTED_EDGE('',*,*,#5449,.T.);
#5449 = EDGE_CURVE('',#5450,#5450,#5452,.T.);
#5450 = VERTEX_POINT('',#5451);
#5451 = CARTESIAN_POINT('',(29.,-59.2,1.51));
#5452 = CIRCLE('',#5453,0.2);
#5453 = AXIS2_PLACEMENT_3D('',#5454,#5455,#5456);
#5454 = CARTESIAN_POINT('',(29.,-59.,1.51));
#5455 = DIRECTION('',(-0.,0.,-1.));
#5456 = DIRECTION('',(-0.,-1.,0.));
#5457 = FACE_BOUND('',#5458,.T.);
#5458 = EDGE_LOOP('',(#5459));
#5459 = ORIENTED_EDGE('',*,*,#5460,.T.);
#5460 = EDGE_CURVE('',#5461,#5461,#5463,.T.);
#5461 = VERTEX_POINT('',#5462);
#5462 = CARTESIAN_POINT('',(38.518428,-62.97985,1.51));
#5463 = CIRCLE('',#5464,0.2);
#5464 = AXIS2_PLACEMENT_3D('',#5465,#5466,#5467);
#5465 = CARTESIAN_POINT('',(38.518428,-62.77985,1.51));
#5466 = DIRECTION('',(-0.,0.,-1.));
#5467 = DIRECTION('',(-0.,-1.,0.));
#5468 = FACE_BOUND('',#5469,.T.);
#5469 = EDGE_LOOP('',(#5470));
#5470 = ORIENTED_EDGE('',*,*,#5471,.T.);
#5471 = EDGE_CURVE('',#5472,#5472,#5474,.T.);
#5472 = VERTEX_POINT('',#5473);
#5473 = CARTESIAN_POINT('',(39.382865,-62.092195,1.51));
#5474 = CIRCLE('',#5475,0.2);
#5475 = AXIS2_PLACEMENT_3D('',#5476,#5477,#5478);
#5476 = CARTESIAN_POINT('',(39.382865,-61.892195,1.51));
#5477 = DIRECTION('',(-0.,0.,-1.));
#5478 = DIRECTION('',(3.5527136788E-14,-1.,-0.));
#5479 = FACE_BOUND('',#5480,.T.);
#5480 = EDGE_LOOP('',(#5481));
#5481 = ORIENTED_EDGE('',*,*,#5482,.T.);
#5482 = EDGE_CURVE('',#5483,#5483,#5485,.T.);
#5483 = VERTEX_POINT('',#5484);
#5484 = CARTESIAN_POINT('',(40.636205,-62.093579,1.51));
#5485 = CIRCLE('',#5486,0.2);
#5486 = AXIS2_PLACEMENT_3D('',#5487,#5488,#5489);
#5487 = CARTESIAN_POINT('',(40.636205,-61.893579,1.51));
#5488 = DIRECTION('',(-0.,0.,-1.));
#5489 = DIRECTION('',(-3.552713678801E-14,-1.,0.));
#5490 = FACE_BOUND('',#5491,.T.);
#5491 = EDGE_LOOP('',(#5492));
#5492 = ORIENTED_EDGE('',*,*,#5493,.T.);
#5493 = EDGE_CURVE('',#5494,#5494,#5496,.T.);
#5494 = VERTEX_POINT('',#5495);
#5495 = CARTESIAN_POINT('',(35.6,-57.000011,1.51));
#5496 = CIRCLE('',#5497,0.750011);
#5497 = AXIS2_PLACEMENT_3D('',#5498,#5499,#5500);
#5498 = CARTESIAN_POINT('',(35.6,-56.25,1.51));
#5499 = DIRECTION('',(-0.,0.,-1.));
#5500 = DIRECTION('',(-0.,-1.,0.));
#5501 = FACE_BOUND('',#5502,.T.);
#5502 = EDGE_LOOP('',(#5503));
#5503 = ORIENTED_EDGE('',*,*,#5504,.T.);
#5504 = EDGE_CURVE('',#5505,#5505,#5507,.T.);
#5505 = VERTEX_POINT('',#5506);
#5506 = CARTESIAN_POINT('',(35.6,-54.500011,1.51));
#5507 = CIRCLE('',#5508,0.750011);
#5508 = AXIS2_PLACEMENT_3D('',#5509,#5510,#5511);
#5509 = CARTESIAN_POINT('',(35.6,-53.75,1.51));
#5510 = DIRECTION('',(-0.,0.,-1.));
#5511 = DIRECTION('',(-0.,-1.,0.));
#5512 = FACE_BOUND('',#5513,.T.);
#5513 = EDGE_LOOP('',(#5514));
#5514 = ORIENTED_EDGE('',*,*,#5515,.T.);
#5515 = EDGE_CURVE('',#5516,#5516,#5518,.T.);
#5516 = VERTEX_POINT('',#5517);
#5517 = CARTESIAN_POINT('',(39.1,-57.000011,1.51));
#5518 = CIRCLE('',#5519,0.750011);
#5519 = AXIS2_PLACEMENT_3D('',#5520,#5521,#5522);
#5520 = CARTESIAN_POINT('',(39.1,-56.25,1.51));
#5521 = DIRECTION('',(-0.,0.,-1.));
#5522 = DIRECTION('',(-0.,-1.,0.));
#5523 = FACE_BOUND('',#5524,.T.);
#5524 = EDGE_LOOP('',(#5525));
#5525 = ORIENTED_EDGE('',*,*,#5526,.T.);
#5526 = EDGE_CURVE('',#5527,#5527,#5529,.T.);
#5527 = VERTEX_POINT('',#5528);
#5528 = CARTESIAN_POINT('',(39.1,-54.630011,1.51));
#5529 = CIRCLE('',#5530,0.750011);
#5530 = AXIS2_PLACEMENT_3D('',#5531,#5532,#5533);
#5531 = CARTESIAN_POINT('',(39.1,-53.88,1.51));
#5532 = DIRECTION('',(-0.,0.,-1.));
#5533 = DIRECTION('',(-0.,-1.,0.));
#5534 = FACE_BOUND('',#5535,.T.);
#5535 = EDGE_LOOP('',(#5536));
#5536 = ORIENTED_EDGE('',*,*,#5537,.T.);
#5537 = EDGE_CURVE('',#5538,#5538,#5540,.T.);
#5538 = VERTEX_POINT('',#5539);
#5539 = CARTESIAN_POINT('',(42.,-56.25,1.51));
#5540 = CIRCLE('',#5541,1.25);
#5541 = AXIS2_PLACEMENT_3D('',#5542,#5543,#5544);
#5542 = CARTESIAN_POINT('',(42.,-55.,1.51));
#5543 = DIRECTION('',(-0.,0.,-1.));
#5544 = DIRECTION('',(-0.,-1.,0.));
#5545 = FACE_BOUND('',#5546,.T.);
#5546 = EDGE_LOOP('',(#5547));
#5547 = ORIENTED_EDGE('',*,*,#5548,.T.);
#5548 = EDGE_CURVE('',#5549,#5549,#5551,.T.);
#5549 = VERTEX_POINT('',#5550);
#5550 = CARTESIAN_POINT('',(61.984114,-59.887091,1.51));
#5551 = CIRCLE('',#5552,0.2);
#5552 = AXIS2_PLACEMENT_3D('',#5553,#5554,#5555);
#5553 = CARTESIAN_POINT('',(61.984114,-59.687091,1.51));
#5554 = DIRECTION('',(-0.,0.,-1.));
#5555 = DIRECTION('',(-3.552713678801E-14,-1.,0.));
#5556 = FACE_BOUND('',#5557,.T.);
#5557 = EDGE_LOOP('',(#5558));
#5558 = ORIENTED_EDGE('',*,*,#5559,.T.);
#5559 = EDGE_CURVE('',#5560,#5560,#5562,.T.);
#5560 = VERTEX_POINT('',#5561);
#5561 = CARTESIAN_POINT('',(64.,-57.8,1.51));
#5562 = CIRCLE('',#5563,0.3);
#5563 = AXIS2_PLACEMENT_3D('',#5564,#5565,#5566);
#5564 = CARTESIAN_POINT('',(64.,-57.5,1.51));
#5565 = DIRECTION('',(-0.,0.,-1.));
#5566 = DIRECTION('',(-0.,-1.,0.));
#5567 = FACE_BOUND('',#5568,.T.);
#5568 = EDGE_LOOP('',(#5569));
#5569 = ORIENTED_EDGE('',*,*,#5570,.T.);
#5570 = EDGE_CURVE('',#5571,#5571,#5573,.T.);
#5571 = VERTEX_POINT('',#5572);
#5572 = CARTESIAN_POINT('',(66.,-57.8,1.51));
#5573 = CIRCLE('',#5574,0.3);
#5574 = AXIS2_PLACEMENT_3D('',#5575,#5576,#5577);
#5575 = CARTESIAN_POINT('',(66.,-57.5,1.51));
#5576 = DIRECTION('',(-0.,0.,-1.));
#5577 = DIRECTION('',(-0.,-1.,0.));
#5578 = FACE_BOUND('',#5579,.T.);
#5579 = EDGE_LOOP('',(#5580));
#5580 = ORIENTED_EDGE('',*,*,#5581,.T.);
#5581 = EDGE_CURVE('',#5582,#5582,#5584,.T.);
#5582 = VERTEX_POINT('',#5583);
#5583 = CARTESIAN_POINT('',(44.9,-57.000011,1.51));
#5584 = CIRCLE('',#5585,0.750011);
#5585 = AXIS2_PLACEMENT_3D('',#5586,#5587,#5588);
#5586 = CARTESIAN_POINT('',(44.9,-56.25,1.51));
#5587 = DIRECTION('',(-0.,0.,-1.));
#5588 = DIRECTION('',(-0.,-1.,0.));
#5589 = FACE_BOUND('',#5590,.T.);
#5590 = EDGE_LOOP('',(#5591));
#5591 = ORIENTED_EDGE('',*,*,#5592,.T.);
#5592 = EDGE_CURVE('',#5593,#5593,#5595,.T.);
#5593 = VERTEX_POINT('',#5594);
#5594 = CARTESIAN_POINT('',(48.4,-57.000011,1.51));
#5595 = CIRCLE('',#5596,0.750011);
#5596 = AXIS2_PLACEMENT_3D('',#5597,#5598,#5599);
#5597 = CARTESIAN_POINT('',(48.4,-56.25,1.51));
#5598 = DIRECTION('',(-0.,0.,-1.));
#5599 = DIRECTION('',(-0.,-1.,0.));
#5600 = FACE_BOUND('',#5601,.T.);
#5601 = EDGE_LOOP('',(#5602));
#5602 = ORIENTED_EDGE('',*,*,#5603,.T.);
#5603 = EDGE_CURVE('',#5604,#5604,#5606,.T.);
#5604 = VERTEX_POINT('',#5605);
#5605 = CARTESIAN_POINT('',(44.9,-54.500011,1.51));
#5606 = CIRCLE('',#5607,0.750011);
#5607 = AXIS2_PLACEMENT_3D('',#5608,#5609,#5610);
#5608 = CARTESIAN_POINT('',(44.9,-53.75,1.51));
#5609 = DIRECTION('',(-0.,0.,-1.));
#5610 = DIRECTION('',(-0.,-1.,0.));
#5611 = FACE_BOUND('',#5612,.T.);
#5612 = EDGE_LOOP('',(#5613));
#5613 = ORIENTED_EDGE('',*,*,#5614,.T.);
#5614 = EDGE_CURVE('',#5615,#5615,#5617,.T.);
#5615 = VERTEX_POINT('',#5616);
#5616 = CARTESIAN_POINT('',(48.4,-54.500011,1.51));
#5617 = CIRCLE('',#5618,0.750011);
#5618 = AXIS2_PLACEMENT_3D('',#5619,#5620,#5621);
#5619 = CARTESIAN_POINT('',(48.4,-53.75,1.51));
#5620 = DIRECTION('',(-0.,0.,-1.));
#5621 = DIRECTION('',(-0.,-1.,0.));
#5622 = FACE_BOUND('',#5623,.T.);
#5623 = EDGE_LOOP('',(#5624));
#5624 = ORIENTED_EDGE('',*,*,#5625,.T.);
#5625 = EDGE_CURVE('',#5626,#5626,#5628,.T.);
#5626 = VERTEX_POINT('',#5627);
#5627 = CARTESIAN_POINT('',(64.,-55.3,1.51));
#5628 = CIRCLE('',#5629,0.3);
#5629 = AXIS2_PLACEMENT_3D('',#5630,#5631,#5632);
#5630 = CARTESIAN_POINT('',(64.,-55.,1.51));
#5631 = DIRECTION('',(-0.,0.,-1.));
#5632 = DIRECTION('',(-0.,-1.,0.));
#5633 = FACE_BOUND('',#5634,.T.);
#5634 = EDGE_LOOP('',(#5635));
#5635 = ORIENTED_EDGE('',*,*,#5636,.T.);
#5636 = EDGE_CURVE('',#5637,#5637,#5639,.T.);
#5637 = VERTEX_POINT('',#5638);
#5638 = CARTESIAN_POINT('',(66.,-55.3,1.51));
#5639 = CIRCLE('',#5640,0.3);
#5640 = AXIS2_PLACEMENT_3D('',#5641,#5642,#5643);
#5641 = CARTESIAN_POINT('',(66.,-55.,1.51));
#5642 = DIRECTION('',(-0.,0.,-1.));
#5643 = DIRECTION('',(-0.,-1.,0.));
#5644 = FACE_BOUND('',#5645,.T.);
#5645 = EDGE_LOOP('',(#5646));
#5646 = ORIENTED_EDGE('',*,*,#5647,.T.);
#5647 = EDGE_CURVE('',#5648,#5648,#5650,.T.);
#5648 = VERTEX_POINT('',#5649);
#5649 = CARTESIAN_POINT('',(56.445531,-51.187745,1.51));
#5650 = CIRCLE('',#5651,0.2);
#5651 = AXIS2_PLACEMENT_3D('',#5652,#5653,#5654);
#5652 = CARTESIAN_POINT('',(56.445531,-50.987745,1.51));
#5653 = DIRECTION('',(-0.,0.,-1.));
#5654 = DIRECTION('',(-0.,-1.,0.));
#5655 = FACE_BOUND('',#5656,.T.);
#5656 = EDGE_LOOP('',(#5657));
#5657 = ORIENTED_EDGE('',*,*,#5658,.T.);
#5658 = EDGE_CURVE('',#5659,#5659,#5661,.T.);
#5659 = VERTEX_POINT('',#5660);
#5660 = CARTESIAN_POINT('',(58.109633,-51.026408,1.51));
#5661 = CIRCLE('',#5662,0.2);
#5662 = AXIS2_PLACEMENT_3D('',#5663,#5664,#5665);
#5663 = CARTESIAN_POINT('',(58.109633,-50.826408,1.51));
#5664 = DIRECTION('',(-0.,0.,-1.));
#5665 = DIRECTION('',(-0.,-1.,0.));
#5666 = FACE_BOUND('',#5667,.T.);
#5667 = EDGE_LOOP('',(#5668));
#5668 = ORIENTED_EDGE('',*,*,#5669,.T.);
#5669 = EDGE_CURVE('',#5670,#5670,#5672,.T.);
#5670 = VERTEX_POINT('',#5671);
#5671 = CARTESIAN_POINT('',(59.87662,-51.025615,1.51));
#5672 = CIRCLE('',#5673,0.2);
#5673 = AXIS2_PLACEMENT_3D('',#5674,#5675,#5676);
#5674 = CARTESIAN_POINT('',(59.87662,-50.825615,1.51));
#5675 = DIRECTION('',(-0.,0.,-1.));
#5676 = DIRECTION('',(-0.,-1.,0.));
#5677 = FACE_BOUND('',#5678,.T.);
#5678 = EDGE_LOOP('',(#5679));
#5679 = ORIENTED_EDGE('',*,*,#5680,.T.);
#5680 = EDGE_CURVE('',#5681,#5681,#5683,.T.);
#5681 = VERTEX_POINT('',#5682);
#5682 = CARTESIAN_POINT('',(64.,-52.8,1.51));
#5683 = CIRCLE('',#5684,0.3);
#5684 = AXIS2_PLACEMENT_3D('',#5685,#5686,#5687);
#5685 = CARTESIAN_POINT('',(64.,-52.5,1.51));
#5686 = DIRECTION('',(-0.,0.,-1.));
#5687 = DIRECTION('',(-0.,-1.,0.));
#5688 = FACE_BOUND('',#5689,.T.);
#5689 = EDGE_LOOP('',(#5690));
#5690 = ORIENTED_EDGE('',*,*,#5691,.T.);
#5691 = EDGE_CURVE('',#5692,#5692,#5694,.T.);
#5692 = VERTEX_POINT('',#5693);
#5693 = CARTESIAN_POINT('',(66.,-52.8,1.51));
#5694 = CIRCLE('',#5695,0.3);
#5695 = AXIS2_PLACEMENT_3D('',#5696,#5697,#5698);
#5696 = CARTESIAN_POINT('',(66.,-52.5,1.51));
#5697 = DIRECTION('',(-0.,0.,-1.));
#5698 = DIRECTION('',(-0.,-1.,0.));
#5699 = FACE_BOUND('',#5700,.T.);
#5700 = EDGE_LOOP('',(#5701));
#5701 = ORIENTED_EDGE('',*,*,#5702,.T.);
#5702 = EDGE_CURVE('',#5703,#5703,#5705,.T.);
#5703 = VERTEX_POINT('',#5704);
#5704 = CARTESIAN_POINT('',(61.542062,-51.186217,1.51));
#5705 = CIRCLE('',#5706,0.2);
#5706 = AXIS2_PLACEMENT_3D('',#5707,#5708,#5709);
#5707 = CARTESIAN_POINT('',(61.542062,-50.986217,1.51));
#5708 = DIRECTION('',(-0.,0.,-1.));
#5709 = DIRECTION('',(-0.,-1.,0.));
#5710 = FACE_BOUND('',#5711,.T.);
#5711 = EDGE_LOOP('',(#5712));
#5712 = ORIENTED_EDGE('',*,*,#5713,.T.);
#5713 = EDGE_CURVE('',#5714,#5714,#5716,.T.);
#5714 = VERTEX_POINT('',#5715);
#5715 = CARTESIAN_POINT('',(68.058535,-73.919216,1.51));
#5716 = CIRCLE('',#5717,0.2);
#5717 = AXIS2_PLACEMENT_3D('',#5718,#5719,#5720);
#5718 = CARTESIAN_POINT('',(68.058535,-73.719216,1.51));
#5719 = DIRECTION('',(-0.,0.,-1.));
#5720 = DIRECTION('',(-0.,-1.,0.));
#5721 = FACE_BOUND('',#5722,.T.);
#5722 = EDGE_LOOP('',(#5723));
#5723 = ORIENTED_EDGE('',*,*,#5724,.T.);
#5724 = EDGE_CURVE('',#5725,#5725,#5727,.T.);
#5725 = VERTEX_POINT('',#5726);
#5726 = CARTESIAN_POINT('',(82.25,-72.2,1.51));
#5727 = CIRCLE('',#5728,0.2);
#5728 = AXIS2_PLACEMENT_3D('',#5729,#5730,#5731);
#5729 = CARTESIAN_POINT('',(82.25,-72.,1.51));
#5730 = DIRECTION('',(-0.,0.,-1.));
#5731 = DIRECTION('',(-0.,-1.,0.));
#5732 = FACE_BOUND('',#5733,.T.);
#5733 = EDGE_LOOP('',(#5734));
#5734 = ORIENTED_EDGE('',*,*,#5735,.T.);
#5735 = EDGE_CURVE('',#5736,#5736,#5738,.T.);
#5736 = VERTEX_POINT('',#5737);
#5737 = CARTESIAN_POINT('',(87.1854,-65.7812,1.51));
#5738 = CIRCLE('',#5739,0.2);
#5739 = AXIS2_PLACEMENT_3D('',#5740,#5741,#5742);
#5740 = CARTESIAN_POINT('',(87.1854,-65.5812,1.51));
#5741 = DIRECTION('',(-0.,0.,-1.));
#5742 = DIRECTION('',(-0.,-1.,0.));
#5743 = FACE_BOUND('',#5744,.T.);
#5744 = EDGE_LOOP('',(#5745));
#5745 = ORIENTED_EDGE('',*,*,#5746,.T.);
#5746 = EDGE_CURVE('',#5747,#5747,#5749,.T.);
#5747 = VERTEX_POINT('',#5748);
#5748 = CARTESIAN_POINT('',(92.0897,-77.4165,1.51));
#5749 = CIRCLE('',#5750,0.2);
#5750 = AXIS2_PLACEMENT_3D('',#5751,#5752,#5753);
#5751 = CARTESIAN_POINT('',(92.0897,-77.2165,1.51));
#5752 = DIRECTION('',(-0.,0.,-1.));
#5753 = DIRECTION('',(-0.,-1.,0.));
#5754 = FACE_BOUND('',#5755,.T.);
#5755 = EDGE_LOOP('',(#5756));
#5756 = ORIENTED_EDGE('',*,*,#5757,.T.);
#5757 = EDGE_CURVE('',#5758,#5758,#5760,.T.);
#5758 = VERTEX_POINT('',#5759);
#5759 = CARTESIAN_POINT('',(89.4,-72.2,1.51));
#5760 = CIRCLE('',#5761,0.2);
#5761 = AXIS2_PLACEMENT_3D('',#5762,#5763,#5764);
#5762 = CARTESIAN_POINT('',(89.4,-72.,1.51));
#5763 = DIRECTION('',(-0.,0.,-1.));
#5764 = DIRECTION('',(-0.,-1.,0.));
#5765 = FACE_BOUND('',#5766,.T.);
#5766 = EDGE_LOOP('',(#5767));
#5767 = ORIENTED_EDGE('',*,*,#5768,.T.);
#5768 = EDGE_CURVE('',#5769,#5769,#5771,.T.);
#5769 = VERTEX_POINT('',#5770);
#5770 = CARTESIAN_POINT('',(93.432,-71.317,1.51));
#5771 = CIRCLE('',#5772,0.2);
#5772 = AXIS2_PLACEMENT_3D('',#5773,#5774,#5775);
#5773 = CARTESIAN_POINT('',(93.432,-71.117,1.51));
#5774 = DIRECTION('',(-0.,0.,-1.));
#5775 = DIRECTION('',(-0.,-1.,0.));
#5776 = FACE_BOUND('',#5777,.T.);
#5777 = EDGE_LOOP('',(#5778));
#5778 = ORIENTED_EDGE('',*,*,#5779,.T.);
#5779 = EDGE_CURVE('',#5780,#5780,#5782,.T.);
#5780 = VERTEX_POINT('',#5781);
#5781 = CARTESIAN_POINT('',(102.025,-76.7,1.51));
#5782 = CIRCLE('',#5783,0.2);
#5783 = AXIS2_PLACEMENT_3D('',#5784,#5785,#5786);
#5784 = CARTESIAN_POINT('',(102.025,-76.5,1.51));
#5785 = DIRECTION('',(-0.,0.,-1.));
#5786 = DIRECTION('',(-0.,-1.,0.));
#5787 = FACE_BOUND('',#5788,.T.);
#5788 = EDGE_LOOP('',(#5789));
#5789 = ORIENTED_EDGE('',*,*,#5790,.T.);
#5790 = EDGE_CURVE('',#5791,#5791,#5793,.T.);
#5791 = VERTEX_POINT('',#5792);
#5792 = CARTESIAN_POINT('',(106.5353,-77.1971,1.51));
#5793 = CIRCLE('',#5794,0.2);
#5794 = AXIS2_PLACEMENT_3D('',#5795,#5796,#5797);
#5795 = CARTESIAN_POINT('',(106.5353,-76.9971,1.51));
#5796 = DIRECTION('',(-0.,0.,-1.));
#5797 = DIRECTION('',(-0.,-1.,0.));
#5798 = FACE_BOUND('',#5799,.T.);
#5799 = EDGE_LOOP('',(#5800));
#5800 = ORIENTED_EDGE('',*,*,#5801,.T.);
#5801 = EDGE_CURVE('',#5802,#5802,#5804,.T.);
#5802 = VERTEX_POINT('',#5803);
#5803 = CARTESIAN_POINT('',(107.6895,-77.6971,1.51));
#5804 = CIRCLE('',#5805,0.2);
#5805 = AXIS2_PLACEMENT_3D('',#5806,#5807,#5808);
#5806 = CARTESIAN_POINT('',(107.6895,-77.4971,1.51));
#5807 = DIRECTION('',(-0.,0.,-1.));
#5808 = DIRECTION('',(-7.105427357601E-14,-1.,0.));
#5809 = FACE_BOUND('',#5810,.T.);
#5810 = EDGE_LOOP('',(#5811));
#5811 = ORIENTED_EDGE('',*,*,#5812,.T.);
#5812 = EDGE_CURVE('',#5813,#5813,#5815,.T.);
#5813 = VERTEX_POINT('',#5814);
#5814 = CARTESIAN_POINT('',(101.3872,-73.8128,1.51));
#5815 = CIRCLE('',#5816,0.2);
#5816 = AXIS2_PLACEMENT_3D('',#5817,#5818,#5819);
#5817 = CARTESIAN_POINT('',(101.3872,-73.6128,1.51));
#5818 = DIRECTION('',(-0.,0.,-1.));
#5819 = DIRECTION('',(-0.,-1.,0.));
#5820 = FACE_BOUND('',#5821,.T.);
#5821 = EDGE_LOOP('',(#5822));
#5822 = ORIENTED_EDGE('',*,*,#5823,.T.);
#5823 = EDGE_CURVE('',#5824,#5824,#5826,.T.);
#5824 = VERTEX_POINT('',#5825);
#5825 = CARTESIAN_POINT('',(104.4988,-69.1129,1.51));
#5826 = CIRCLE('',#5827,0.2);
#5827 = AXIS2_PLACEMENT_3D('',#5828,#5829,#5830);
#5828 = CARTESIAN_POINT('',(104.4988,-68.9129,1.51));
#5829 = DIRECTION('',(-0.,0.,-1.));
#5830 = DIRECTION('',(-0.,-1.,0.));
#5831 = FACE_BOUND('',#5832,.T.);
#5832 = EDGE_LOOP('',(#5833));
#5833 = ORIENTED_EDGE('',*,*,#5834,.T.);
#5834 = EDGE_CURVE('',#5835,#5835,#5837,.T.);
#5835 = VERTEX_POINT('',#5836);
#5836 = CARTESIAN_POINT('',(100.909527,-68.92086,1.51));
#5837 = CIRCLE('',#5838,0.2);
#5838 = AXIS2_PLACEMENT_3D('',#5839,#5840,#5841);
#5839 = CARTESIAN_POINT('',(100.909527,-68.72086,1.51));
#5840 = DIRECTION('',(-0.,0.,-1.));
#5841 = DIRECTION('',(-0.,-1.,0.));
#5842 = FACE_BOUND('',#5843,.T.);
#5843 = EDGE_LOOP('',(#5844));
#5844 = ORIENTED_EDGE('',*,*,#5845,.T.);
#5845 = EDGE_CURVE('',#5846,#5846,#5848,.T.);
#5846 = VERTEX_POINT('',#5847);
#5847 = CARTESIAN_POINT('',(68.,-57.8,1.51));
#5848 = CIRCLE('',#5849,0.3);
#5849 = AXIS2_PLACEMENT_3D('',#5850,#5851,#5852);
#5850 = CARTESIAN_POINT('',(68.,-57.5,1.51));
#5851 = DIRECTION('',(-0.,0.,-1.));
#5852 = DIRECTION('',(-0.,-1.,0.));
#5853 = FACE_BOUND('',#5854,.T.);
#5854 = EDGE_LOOP('',(#5855));
#5855 = ORIENTED_EDGE('',*,*,#5856,.T.);
#5856 = EDGE_CURVE('',#5857,#5857,#5859,.T.);
#5857 = VERTEX_POINT('',#5858);
#5858 = CARTESIAN_POINT('',(82.,-58.5,1.51));
#5859 = CIRCLE('',#5860,0.5);
#5860 = AXIS2_PLACEMENT_3D('',#5861,#5862,#5863);
#5861 = CARTESIAN_POINT('',(82.,-58.,1.51));
#5862 = DIRECTION('',(-0.,0.,-1.));
#5863 = DIRECTION('',(-0.,-1.,0.));
#5864 = FACE_BOUND('',#5865,.T.);
#5865 = EDGE_LOOP('',(#5866));
#5866 = ORIENTED_EDGE('',*,*,#5867,.T.);
#5867 = EDGE_CURVE('',#5868,#5868,#5870,.T.);
#5868 = VERTEX_POINT('',#5869);
#5869 = CARTESIAN_POINT('',(87.,-58.5,1.51));
#5870 = CIRCLE('',#5871,0.5);
#5871 = AXIS2_PLACEMENT_3D('',#5872,#5873,#5874);
#5872 = CARTESIAN_POINT('',(87.,-58.,1.51));
#5873 = DIRECTION('',(-0.,0.,-1.));
#5874 = DIRECTION('',(-0.,-1.,0.));
#5875 = FACE_BOUND('',#5876,.T.);
#5876 = EDGE_LOOP('',(#5877));
#5877 = ORIENTED_EDGE('',*,*,#5878,.T.);
#5878 = EDGE_CURVE('',#5879,#5879,#5881,.T.);
#5879 = VERTEX_POINT('',#5880);
#5880 = CARTESIAN_POINT('',(68.649999,-56.2,1.51));
#5881 = CIRCLE('',#5882,0.2);
#5882 = AXIS2_PLACEMENT_3D('',#5883,#5884,#5885);
#5883 = CARTESIAN_POINT('',(68.649999,-56.,1.51));
#5884 = DIRECTION('',(-0.,0.,-1.));
#5885 = DIRECTION('',(-7.105427357601E-14,-1.,0.));
#5886 = FACE_BOUND('',#5887,.T.);
#5887 = EDGE_LOOP('',(#5888));
#5888 = ORIENTED_EDGE('',*,*,#5889,.T.);
#5889 = EDGE_CURVE('',#5890,#5890,#5892,.T.);
#5890 = VERTEX_POINT('',#5891);
#5891 = CARTESIAN_POINT('',(68.,-55.3,1.51));
#5892 = CIRCLE('',#5893,0.3);
#5893 = AXIS2_PLACEMENT_3D('',#5894,#5895,#5896);
#5894 = CARTESIAN_POINT('',(68.,-55.,1.51));
#5895 = DIRECTION('',(-0.,0.,-1.));
#5896 = DIRECTION('',(-0.,-1.,0.));
#5897 = FACE_BOUND('',#5898,.T.);
#5898 = EDGE_LOOP('',(#5899));
#5899 = ORIENTED_EDGE('',*,*,#5900,.T.);
#5900 = EDGE_CURVE('',#5901,#5901,#5903,.T.);
#5901 = VERTEX_POINT('',#5902);
#5902 = CARTESIAN_POINT('',(75.35,-56.2,1.51));
#5903 = CIRCLE('',#5904,0.2);
#5904 = AXIS2_PLACEMENT_3D('',#5905,#5906,#5907);
#5905 = CARTESIAN_POINT('',(75.35,-56.,1.51));
#5906 = DIRECTION('',(-0.,0.,-1.));
#5907 = DIRECTION('',(-0.,-1.,0.));
#5908 = FACE_BOUND('',#5909,.T.);
#5909 = EDGE_LOOP('',(#5910));
#5910 = ORIENTED_EDGE('',*,*,#5911,.T.);
#5911 = EDGE_CURVE('',#5912,#5912,#5914,.T.);
#5912 = VERTEX_POINT('',#5913);
#5913 = CARTESIAN_POINT('',(68.,-52.8,1.51));
#5914 = CIRCLE('',#5915,0.3);
#5915 = AXIS2_PLACEMENT_3D('',#5916,#5917,#5918);
#5916 = CARTESIAN_POINT('',(68.,-52.5,1.51));
#5917 = DIRECTION('',(-0.,0.,-1.));
#5918 = DIRECTION('',(-0.,-1.,0.));
#5919 = FACE_BOUND('',#5920,.T.);
#5920 = EDGE_LOOP('',(#5921));
#5921 = ORIENTED_EDGE('',*,*,#5922,.T.);
#5922 = EDGE_CURVE('',#5923,#5923,#5925,.T.);
#5923 = VERTEX_POINT('',#5924);
#5924 = CARTESIAN_POINT('',(90.,-59.66,1.51));
#5925 = CIRCLE('',#5926,0.2);
#5926 = AXIS2_PLACEMENT_3D('',#5927,#5928,#5929);
#5927 = CARTESIAN_POINT('',(90.,-59.46,1.51));
#5928 = DIRECTION('',(-0.,0.,-1.));
#5929 = DIRECTION('',(-0.,-1.,0.));
#5930 = FACE_BOUND('',#5931,.T.);
#5931 = EDGE_LOOP('',(#5932));
#5932 = ORIENTED_EDGE('',*,*,#5933,.T.);
#5933 = EDGE_CURVE('',#5934,#5934,#5936,.T.);
#5934 = VERTEX_POINT('',#5935);
#5935 = CARTESIAN_POINT('',(102.4566,-56.0985,1.51));
#5936 = CIRCLE('',#5937,0.2);
#5937 = AXIS2_PLACEMENT_3D('',#5938,#5939,#5940);
#5938 = CARTESIAN_POINT('',(102.4566,-55.8985,1.51));
#5939 = DIRECTION('',(-0.,0.,-1.));
#5940 = DIRECTION('',(-7.105427357601E-14,-1.,0.));
#5941 = FACE_BOUND('',#5942,.T.);
#5942 = EDGE_LOOP('',(#5943));
#5943 = ORIENTED_EDGE('',*,*,#5944,.T.);
#5944 = EDGE_CURVE('',#5945,#5945,#5947,.T.);
#5945 = VERTEX_POINT('',#5946);
#5946 = CARTESIAN_POINT('',(109.116609,-56.482422,1.51));
#5947 = CIRCLE('',#5948,0.2);
#5948 = AXIS2_PLACEMENT_3D('',#5949,#5950,#5951);
#5949 = CARTESIAN_POINT('',(109.116609,-56.282422,1.51));
#5950 = DIRECTION('',(-0.,0.,-1.));
#5951 = DIRECTION('',(-0.,-1.,0.));
#5952 = FACE_BOUND('',#5953,.T.);
#5953 = EDGE_LOOP('',(#5954));
#5954 = ORIENTED_EDGE('',*,*,#5955,.T.);
#5955 = EDGE_CURVE('',#5956,#5956,#5958,.T.);
#5956 = VERTEX_POINT('',#5957);
#5957 = CARTESIAN_POINT('',(109.556716,-53.209607,1.51));
#5958 = CIRCLE('',#5959,0.2);
#5959 = AXIS2_PLACEMENT_3D('',#5960,#5961,#5962);
#5960 = CARTESIAN_POINT('',(109.556716,-53.009607,1.51));
#5961 = DIRECTION('',(-0.,0.,-1.));
#5962 = DIRECTION('',(-0.,-1.,0.));
#5963 = FACE_BOUND('',#5964,.T.);
#5964 = EDGE_LOOP('',(#5965));
#5965 = ORIENTED_EDGE('',*,*,#5966,.T.);
#5966 = EDGE_CURVE('',#5967,#5967,#5969,.T.);
#5967 = VERTEX_POINT('',#5968);
#5968 = CARTESIAN_POINT('',(29.,-44.2,1.51));
#5969 = CIRCLE('',#5970,0.2);
#5970 = AXIS2_PLACEMENT_3D('',#5971,#5972,#5973);
#5971 = CARTESIAN_POINT('',(29.,-44.,1.51));
#5972 = DIRECTION('',(-0.,0.,-1.));
#5973 = DIRECTION('',(-0.,-1.,0.));
#5974 = FACE_BOUND('',#5975,.T.);
#5975 = EDGE_LOOP('',(#5976));
#5976 = ORIENTED_EDGE('',*,*,#5977,.T.);
#5977 = EDGE_CURVE('',#5978,#5978,#5980,.T.);
#5978 = VERTEX_POINT('',#5979);
#5979 = CARTESIAN_POINT('',(59.,-44.2,1.51));
#5980 = CIRCLE('',#5981,0.2);
#5981 = AXIS2_PLACEMENT_3D('',#5982,#5983,#5984);
#5982 = CARTESIAN_POINT('',(59.,-44.,1.51));
#5983 = DIRECTION('',(-0.,0.,-1.));
#5984 = DIRECTION('',(-0.,-1.,0.));
#5985 = FACE_BOUND('',#5986,.T.);
#5986 = EDGE_LOOP('',(#5987));
#5987 = ORIENTED_EDGE('',*,*,#5988,.T.);
#5988 = EDGE_CURVE('',#5989,#5989,#5991,.T.);
#5989 = VERTEX_POINT('',#5990);
#5990 = CARTESIAN_POINT('',(29.,-29.2,1.51));
#5991 = CIRCLE('',#5992,0.2);
#5992 = AXIS2_PLACEMENT_3D('',#5993,#5994,#5995);
#5993 = CARTESIAN_POINT('',(29.,-29.,1.51));
#5994 = DIRECTION('',(-0.,0.,-1.));
#5995 = DIRECTION('',(-0.,-1.,0.));
#5996 = FACE_BOUND('',#5997,.T.);
#5997 = EDGE_LOOP('',(#5998));
#5998 = ORIENTED_EDGE('',*,*,#5999,.T.);
#5999 = EDGE_CURVE('',#6000,#6000,#6002,.T.);
#6000 = VERTEX_POINT('',#6001);
#6001 = CARTESIAN_POINT('',(24.,-25.6,1.51));
#6002 = CIRCLE('',#6003,1.6);
#6003 = AXIS2_PLACEMENT_3D('',#6004,#6005,#6006);
#6004 = CARTESIAN_POINT('',(24.,-24.,1.51));
#6005 = DIRECTION('',(-0.,0.,-1.));
#6006 = DIRECTION('',(-0.,-1.,0.));
#6007 = FACE_BOUND('',#6008,.T.);
#6008 = EDGE_LOOP('',(#6009));
#6009 = ORIENTED_EDGE('',*,*,#6010,.T.);
#6010 = EDGE_CURVE('',#6011,#6011,#6013,.T.);
#6011 = VERTEX_POINT('',#6012);
#6012 = CARTESIAN_POINT('',(36.89,-29.52,1.51));
#6013 = CIRCLE('',#6014,0.65);
#6014 = AXIS2_PLACEMENT_3D('',#6015,#6016,#6017);
#6015 = CARTESIAN_POINT('',(36.89,-28.87,1.51));
#6016 = DIRECTION('',(-0.,0.,-1.));
#6017 = DIRECTION('',(-0.,-1.,0.));
#6018 = FACE_BOUND('',#6019,.T.);
#6019 = EDGE_LOOP('',(#6020));
#6020 = ORIENTED_EDGE('',*,*,#6021,.T.);
#6021 = EDGE_CURVE('',#6022,#6022,#6024,.T.);
#6022 = VERTEX_POINT('',#6023);
#6023 = CARTESIAN_POINT('',(36.89,-27.69,1.51));
#6024 = CIRCLE('',#6025,0.65);
#6025 = AXIS2_PLACEMENT_3D('',#6026,#6027,#6028);
#6026 = CARTESIAN_POINT('',(36.89,-27.04,1.51));
#6027 = DIRECTION('',(-0.,0.,-1.));
#6028 = DIRECTION('',(-0.,-1.,0.));
#6029 = FACE_BOUND('',#6030,.T.);
#6030 = EDGE_LOOP('',(#6031));
#6031 = ORIENTED_EDGE('',*,*,#6032,.T.);
#6032 = EDGE_CURVE('',#6033,#6033,#6035,.T.);
#6033 = VERTEX_POINT('',#6034);
#6034 = CARTESIAN_POINT('',(36.89,-25.86,1.51));
#6035 = CIRCLE('',#6036,0.65);
#6036 = AXIS2_PLACEMENT_3D('',#6037,#6038,#6039);
#6037 = CARTESIAN_POINT('',(36.89,-25.21,1.51));
#6038 = DIRECTION('',(-0.,0.,-1.));
#6039 = DIRECTION('',(-0.,-1.,0.));
#6040 = FACE_BOUND('',#6041,.T.);
#6041 = EDGE_LOOP('',(#6042));
#6042 = ORIENTED_EDGE('',*,*,#6043,.T.);
#6043 = EDGE_CURVE('',#6044,#6044,#6046,.T.);
#6044 = VERTEX_POINT('',#6045);
#6045 = CARTESIAN_POINT('',(44.51,-29.52,1.51));
#6046 = CIRCLE('',#6047,0.65);
#6047 = AXIS2_PLACEMENT_3D('',#6048,#6049,#6050);
#6048 = CARTESIAN_POINT('',(44.51,-28.87,1.51));
#6049 = DIRECTION('',(-0.,0.,-1.));
#6050 = DIRECTION('',(-0.,-1.,0.));
#6051 = FACE_BOUND('',#6052,.T.);
#6052 = EDGE_LOOP('',(#6053));
#6053 = ORIENTED_EDGE('',*,*,#6054,.T.);
#6054 = EDGE_CURVE('',#6055,#6055,#6057,.T.);
#6055 = VERTEX_POINT('',#6056);
#6056 = CARTESIAN_POINT('',(44.51,-27.69,1.51));
#6057 = CIRCLE('',#6058,0.65);
#6058 = AXIS2_PLACEMENT_3D('',#6059,#6060,#6061);
#6059 = CARTESIAN_POINT('',(44.51,-27.04,1.51));
#6060 = DIRECTION('',(-0.,0.,-1.));
#6061 = DIRECTION('',(-0.,-1.,0.));
#6062 = FACE_BOUND('',#6063,.T.);
#6063 = EDGE_LOOP('',(#6064));
#6064 = ORIENTED_EDGE('',*,*,#6065,.T.);
#6065 = EDGE_CURVE('',#6066,#6066,#6068,.T.);
#6066 = VERTEX_POINT('',#6067);
#6067 = CARTESIAN_POINT('',(44.51,-25.86,1.51));
#6068 = CIRCLE('',#6069,0.65);
#6069 = AXIS2_PLACEMENT_3D('',#6070,#6071,#6072);
#6070 = CARTESIAN_POINT('',(44.51,-25.21,1.51));
#6071 = DIRECTION('',(-0.,0.,-1.));
#6072 = DIRECTION('',(-0.,-1.,0.));
#6073 = FACE_BOUND('',#6074,.T.);
#6074 = EDGE_LOOP('',(#6075));
#6075 = ORIENTED_EDGE('',*,*,#6076,.T.);
#6076 = EDGE_CURVE('',#6077,#6077,#6079,.T.);
#6077 = VERTEX_POINT('',#6078);
#6078 = CARTESIAN_POINT('',(54.3,-25.7,1.51));
#6079 = CIRCLE('',#6080,0.7);
#6080 = AXIS2_PLACEMENT_3D('',#6081,#6082,#6083);
#6081 = CARTESIAN_POINT('',(54.3,-25.,1.51));
#6082 = DIRECTION('',(-0.,0.,-1.));
#6083 = DIRECTION('',(-0.,-1.,0.));
#6084 = FACE_BOUND('',#6085,.T.);
#6085 = EDGE_LOOP('',(#6086));
#6086 = ORIENTED_EDGE('',*,*,#6087,.T.);
#6087 = EDGE_CURVE('',#6088,#6088,#6090,.T.);
#6088 = VERTEX_POINT('',#6089);
#6089 = CARTESIAN_POINT('',(59.38,-25.7,1.51));
#6090 = CIRCLE('',#6091,0.7);
#6091 = AXIS2_PLACEMENT_3D('',#6092,#6093,#6094);
#6092 = CARTESIAN_POINT('',(59.38,-25.,1.51));
#6093 = DIRECTION('',(-0.,0.,-1.));
#6094 = DIRECTION('',(1.015061051086E-14,-1.,-0.));
#6095 = FACE_BOUND('',#6096,.T.);
#6096 = EDGE_LOOP('',(#6097));
#6097 = ORIENTED_EDGE('',*,*,#6098,.T.);
#6098 = EDGE_CURVE('',#6099,#6099,#6101,.T.);
#6099 = VERTEX_POINT('',#6100);
#6100 = CARTESIAN_POINT('',(64.46,-25.7,1.51));
#6101 = CIRCLE('',#6102,0.7);
#6102 = AXIS2_PLACEMENT_3D('',#6103,#6104,#6105);
#6103 = CARTESIAN_POINT('',(64.46,-25.,1.51));
#6104 = DIRECTION('',(-0.,0.,-1.));
#6105 = DIRECTION('',(-0.,-1.,0.));
#6106 = FACE_BOUND('',#6107,.T.);
#6107 = EDGE_LOOP('',(#6108));
#6108 = ORIENTED_EDGE('',*,*,#6109,.T.);
#6109 = EDGE_CURVE('',#6110,#6110,#6112,.T.);
#6110 = VERTEX_POINT('',#6111);
#6111 = CARTESIAN_POINT('',(74.,-44.2,1.51));
#6112 = CIRCLE('',#6113,0.2);
#6113 = AXIS2_PLACEMENT_3D('',#6114,#6115,#6116);
#6114 = CARTESIAN_POINT('',(74.,-44.,1.51));
#6115 = DIRECTION('',(-0.,0.,-1.));
#6116 = DIRECTION('',(-0.,-1.,0.));
#6117 = FACE_BOUND('',#6118,.T.);
#6118 = EDGE_LOOP('',(#6119));
#6119 = ORIENTED_EDGE('',*,*,#6120,.T.);
#6120 = EDGE_CURVE('',#6121,#6121,#6123,.T.);
#6121 = VERTEX_POINT('',#6122);
#6122 = CARTESIAN_POINT('',(89.,-44.2,1.51));
#6123 = CIRCLE('',#6124,0.2);
#6124 = AXIS2_PLACEMENT_3D('',#6125,#6126,#6127);
#6125 = CARTESIAN_POINT('',(89.,-44.,1.51));
#6126 = DIRECTION('',(-0.,0.,-1.));
#6127 = DIRECTION('',(-0.,-1.,0.));
#6128 = FACE_BOUND('',#6129,.T.);
#6129 = EDGE_LOOP('',(#6130));
#6130 = ORIENTED_EDGE('',*,*,#6131,.T.);
#6131 = EDGE_CURVE('',#6132,#6132,#6134,.T.);
#6132 = VERTEX_POINT('',#6133);
#6133 = CARTESIAN_POINT('',(104.,-44.2,1.51));
#6134 = CIRCLE('',#6135,0.2);
#6135 = AXIS2_PLACEMENT_3D('',#6136,#6137,#6138);
#6136 = CARTESIAN_POINT('',(104.,-44.,1.51));
#6137 = DIRECTION('',(-0.,0.,-1.));
#6138 = DIRECTION('',(-0.,-1.,0.));
#6139 = FACE_BOUND('',#6140,.T.);
#6140 = EDGE_LOOP('',(#6141));
#6141 = ORIENTED_EDGE('',*,*,#6142,.T.);
#6142 = EDGE_CURVE('',#6143,#6143,#6145,.T.);
#6143 = VERTEX_POINT('',#6144);
#6144 = CARTESIAN_POINT('',(69.54,-25.7,1.51));
#6145 = CIRCLE('',#6146,0.7);
#6146 = AXIS2_PLACEMENT_3D('',#6147,#6148,#6149);
#6147 = CARTESIAN_POINT('',(69.54,-25.,1.51));
#6148 = DIRECTION('',(-0.,0.,-1.));
#6149 = DIRECTION('',(2.030122102172E-14,-1.,-0.));
#6150 = FACE_BOUND('',#6151,.T.);
#6151 = EDGE_LOOP('',(#6152));
#6152 = ORIENTED_EDGE('',*,*,#6153,.T.);
#6153 = EDGE_CURVE('',#6154,#6154,#6156,.T.);
#6154 = VERTEX_POINT('',#6155);
#6155 = CARTESIAN_POINT('',(77.7,-25.7,1.51));
#6156 = CIRCLE('',#6157,0.7);
#6157 = AXIS2_PLACEMENT_3D('',#6158,#6159,#6160);
#6158 = CARTESIAN_POINT('',(77.7,-25.,1.51));
#6159 = DIRECTION('',(-0.,0.,-1.));
#6160 = DIRECTION('',(-0.,-1.,0.));
#6161 = FACE_BOUND('',#6162,.T.);
#6162 = EDGE_LOOP('',(#6163));
#6163 = ORIENTED_EDGE('',*,*,#6164,.T.);
#6164 = EDGE_CURVE('',#6165,#6165,#6167,.T.);
#6165 = VERTEX_POINT('',#6166);
#6166 = CARTESIAN_POINT('',(82.78,-25.7,1.51));
#6167 = CIRCLE('',#6168,0.7);
#6168 = AXIS2_PLACEMENT_3D('',#6169,#6170,#6171);
#6169 = CARTESIAN_POINT('',(82.78,-25.,1.51));
#6170 = DIRECTION('',(-0.,0.,-1.));
#6171 = DIRECTION('',(-0.,-1.,0.));
#6172 = FACE_BOUND('',#6173,.T.);
#6173 = EDGE_LOOP('',(#6174));
#6174 = ORIENTED_EDGE('',*,*,#6175,.T.);
#6175 = EDGE_CURVE('',#6176,#6176,#6178,.T.);
#6176 = VERTEX_POINT('',#6177);
#6177 = CARTESIAN_POINT('',(87.86,-25.7,1.51));
#6178 = CIRCLE('',#6179,0.7);
#6179 = AXIS2_PLACEMENT_3D('',#6180,#6181,#6182);
#6180 = CARTESIAN_POINT('',(87.86,-25.,1.51));
#6181 = DIRECTION('',(-0.,0.,-1.));
#6182 = DIRECTION('',(-0.,-1.,0.));
#6183 = FACE_BOUND('',#6184,.T.);
#6184 = EDGE_LOOP('',(#6185));
#6185 = ORIENTED_EDGE('',*,*,#6186,.T.);
#6186 = EDGE_CURVE('',#6187,#6187,#6189,.T.);
#6187 = VERTEX_POINT('',#6188);
#6188 = CARTESIAN_POINT('',(92.94,-25.7,1.51));
#6189 = CIRCLE('',#6190,0.7);
#6190 = AXIS2_PLACEMENT_3D('',#6191,#6192,#6193);
#6191 = CARTESIAN_POINT('',(92.94,-25.,1.51));
#6192 = DIRECTION('',(-0.,0.,-1.));
#6193 = DIRECTION('',(-0.,-1.,0.));
#6194 = FACE_BOUND('',#6195,.T.);
#6195 = EDGE_LOOP('',(#6196));
#6196 = ORIENTED_EDGE('',*,*,#6197,.T.);
#6197 = EDGE_CURVE('',#6198,#6198,#6200,.T.);
#6198 = VERTEX_POINT('',#6199);
#6199 = CARTESIAN_POINT('',(101.1,-25.7,1.51));
#6200 = CIRCLE('',#6201,0.7);
#6201 = AXIS2_PLACEMENT_3D('',#6202,#6203,#6204);
#6202 = CARTESIAN_POINT('',(101.1,-25.,1.51));
#6203 = DIRECTION('',(-0.,0.,-1.));
#6204 = DIRECTION('',(-0.,-1.,0.));
#6205 = FACE_BOUND('',#6206,.T.);
#6206 = EDGE_LOOP('',(#6207));
#6207 = ORIENTED_EDGE('',*,*,#6208,.T.);
#6208 = EDGE_CURVE('',#6209,#6209,#6211,.T.);
#6209 = VERTEX_POINT('',#6210);
#6210 = CARTESIAN_POINT('',(106.18,-25.7,1.51));
#6211 = CIRCLE('',#6212,0.7);
#6212 = AXIS2_PLACEMENT_3D('',#6213,#6214,#6215);
#6213 = CARTESIAN_POINT('',(106.18,-25.,1.51));
#6214 = DIRECTION('',(-0.,0.,-1.));
#6215 = DIRECTION('',(-0.,-1.,0.));
#6216 = FACE_BOUND('',#6217,.T.);
#6217 = EDGE_LOOP('',(#6218));
#6218 = ORIENTED_EDGE('',*,*,#6219,.T.);
#6219 = EDGE_CURVE('',#6220,#6220,#6222,.T.);
#6220 = VERTEX_POINT('',#6221);
#6221 = CARTESIAN_POINT('',(115.975,-73.7,1.51));
#6222 = CIRCLE('',#6223,0.2);
#6223 = AXIS2_PLACEMENT_3D('',#6224,#6225,#6226);
#6224 = CARTESIAN_POINT('',(115.975,-73.5,1.51));
#6225 = DIRECTION('',(-0.,0.,-1.));
#6226 = DIRECTION('',(-0.,-1.,0.));
#6227 = FACE_BOUND('',#6228,.T.);
#6228 = EDGE_LOOP('',(#6229));
#6229 = ORIENTED_EDGE('',*,*,#6230,.T.);
#6230 = EDGE_CURVE('',#6231,#6231,#6233,.T.);
#6231 = VERTEX_POINT('',#6232);
#6232 = CARTESIAN_POINT('',(125.9081,-74.7123,1.51));
#6233 = CIRCLE('',#6234,0.2);
#6234 = AXIS2_PLACEMENT_3D('',#6235,#6236,#6237);
#6235 = CARTESIAN_POINT('',(125.9081,-74.5123,1.51));
#6236 = DIRECTION('',(-0.,0.,-1.));
#6237 = DIRECTION('',(7.105427357601E-14,-1.,-0.));
#6238 = FACE_BOUND('',#6239,.T.);
#6239 = EDGE_LOOP('',(#6240));
#6240 = ORIENTED_EDGE('',*,*,#6241,.T.);
#6241 = EDGE_CURVE('',#6242,#6242,#6244,.T.);
#6242 = VERTEX_POINT('',#6243);
#6243 = CARTESIAN_POINT('',(127.817842,-75.657353,1.51));
#6244 = CIRCLE('',#6245,0.2);
#6245 = AXIS2_PLACEMENT_3D('',#6246,#6247,#6248);
#6246 = CARTESIAN_POINT('',(127.817842,-75.457353,1.51));
#6247 = DIRECTION('',(-0.,0.,-1.));
#6248 = DIRECTION('',(-0.,-1.,0.));
#6249 = FACE_BOUND('',#6250,.T.);
#6250 = EDGE_LOOP('',(#6251));
#6251 = ORIENTED_EDGE('',*,*,#6252,.T.);
#6252 = EDGE_CURVE('',#6253,#6253,#6255,.T.);
#6253 = VERTEX_POINT('',#6254);
#6254 = CARTESIAN_POINT('',(128.539999,-75.525,1.51));
#6255 = CIRCLE('',#6256,0.2);
#6256 = AXIS2_PLACEMENT_3D('',#6257,#6258,#6259);
#6257 = CARTESIAN_POINT('',(128.539999,-75.325,1.51));
#6258 = DIRECTION('',(-0.,0.,-1.));
#6259 = DIRECTION('',(-1.42108547152E-13,-1.,0.));
#6260 = FACE_BOUND('',#6261,.T.);
#6261 = EDGE_LOOP('',(#6262));
#6262 = ORIENTED_EDGE('',*,*,#6263,.T.);
#6263 = EDGE_CURVE('',#6264,#6264,#6266,.T.);
#6264 = VERTEX_POINT('',#6265);
#6265 = CARTESIAN_POINT('',(127.975,-73.7,1.51));
#6266 = CIRCLE('',#6267,0.2);
#6267 = AXIS2_PLACEMENT_3D('',#6268,#6269,#6270);
#6268 = CARTESIAN_POINT('',(127.975,-73.5,1.51));
#6269 = DIRECTION('',(-0.,0.,-1.));
#6270 = DIRECTION('',(-7.105427357601E-14,-1.,0.));
#6271 = FACE_BOUND('',#6272,.T.);
#6272 = EDGE_LOOP('',(#6273));
#6273 = ORIENTED_EDGE('',*,*,#6274,.T.);
#6274 = EDGE_CURVE('',#6275,#6275,#6277,.T.);
#6275 = VERTEX_POINT('',#6276);
#6276 = CARTESIAN_POINT('',(127.5918,-70.4084,1.51));
#6277 = CIRCLE('',#6278,0.2);
#6278 = AXIS2_PLACEMENT_3D('',#6279,#6280,#6281);
#6279 = CARTESIAN_POINT('',(127.5918,-70.2084,1.51));
#6280 = DIRECTION('',(-0.,0.,-1.));
#6281 = DIRECTION('',(-0.,-1.,0.));
#6282 = FACE_BOUND('',#6283,.T.);
#6283 = EDGE_LOOP('',(#6284));
#6284 = ORIENTED_EDGE('',*,*,#6285,.T.);
#6285 = EDGE_CURVE('',#6286,#6286,#6288,.T.);
#6286 = VERTEX_POINT('',#6287);
#6287 = CARTESIAN_POINT('',(127.6285,-67.9495,1.51));
#6288 = CIRCLE('',#6289,0.2);
#6289 = AXIS2_PLACEMENT_3D('',#6290,#6291,#6292);
#6290 = CARTESIAN_POINT('',(127.6285,-67.7495,1.51));
#6291 = DIRECTION('',(-0.,0.,-1.));
#6292 = DIRECTION('',(-0.,-1.,0.));
#6293 = FACE_BOUND('',#6294,.T.);
#6294 = EDGE_LOOP('',(#6295));
#6295 = ORIENTED_EDGE('',*,*,#6296,.T.);
#6296 = EDGE_CURVE('',#6297,#6297,#6299,.T.);
#6297 = VERTEX_POINT('',#6298);
#6298 = CARTESIAN_POINT('',(128.4733,-64.9589,1.51));
#6299 = CIRCLE('',#6300,0.25);
#6300 = AXIS2_PLACEMENT_3D('',#6301,#6302,#6303);
#6301 = CARTESIAN_POINT('',(128.4733,-64.7089,1.51));
#6302 = DIRECTION('',(-0.,0.,-1.));
#6303 = DIRECTION('',(-0.,-1.,0.));
#6304 = FACE_BOUND('',#6305,.T.);
#6305 = EDGE_LOOP('',(#6306));
#6306 = ORIENTED_EDGE('',*,*,#6307,.T.);
#6307 = EDGE_CURVE('',#6308,#6308,#6310,.T.);
#6308 = VERTEX_POINT('',#6309);
#6309 = CARTESIAN_POINT('',(134.7498,-75.0708,1.51));
#6310 = CIRCLE('',#6311,0.2);
#6311 = AXIS2_PLACEMENT_3D('',#6312,#6313,#6314);
#6312 = CARTESIAN_POINT('',(134.7498,-74.8708,1.51));
#6313 = DIRECTION('',(-0.,0.,-1.));
#6314 = DIRECTION('',(-0.,-1.,0.));
#6315 = FACE_BOUND('',#6316,.T.);
#6316 = EDGE_LOOP('',(#6317));
#6317 = ORIENTED_EDGE('',*,*,#6318,.T.);
#6318 = EDGE_CURVE('',#6319,#6319,#6321,.T.);
#6319 = VERTEX_POINT('',#6320);
#6320 = CARTESIAN_POINT('',(138.475,-73.7,1.51));
#6321 = CIRCLE('',#6322,0.2);
#6322 = AXIS2_PLACEMENT_3D('',#6323,#6324,#6325);
#6323 = CARTESIAN_POINT('',(138.475,-73.5,1.51));
#6324 = DIRECTION('',(-0.,0.,-1.));
#6325 = DIRECTION('',(-1.42108547152E-13,-1.,0.));
#6326 = FACE_BOUND('',#6327,.T.);
#6327 = EDGE_LOOP('',(#6328));
#6328 = ORIENTED_EDGE('',*,*,#6329,.T.);
#6329 = EDGE_CURVE('',#6330,#6330,#6332,.T.);
#6330 = VERTEX_POINT('',#6331);
#6331 = CARTESIAN_POINT('',(148.275,-74.9,1.51));
#6332 = CIRCLE('',#6333,0.2);
#6333 = AXIS2_PLACEMENT_3D('',#6334,#6335,#6336);
#6334 = CARTESIAN_POINT('',(148.275,-74.7,1.51));
#6335 = DIRECTION('',(-0.,0.,-1.));
#6336 = DIRECTION('',(1.42108547152E-13,-1.,-0.));
#6337 = FACE_BOUND('',#6338,.T.);
#6338 = EDGE_LOOP('',(#6339));
#6339 = ORIENTED_EDGE('',*,*,#6340,.T.);
#6340 = EDGE_CURVE('',#6341,#6341,#6343,.T.);
#6341 = VERTEX_POINT('',#6342);
#6342 = CARTESIAN_POINT('',(153.45,-74.9,1.51));
#6343 = CIRCLE('',#6344,0.2);
#6344 = AXIS2_PLACEMENT_3D('',#6345,#6346,#6347);
#6345 = CARTESIAN_POINT('',(153.45,-74.7,1.51));
#6346 = DIRECTION('',(-0.,0.,-1.));
#6347 = DIRECTION('',(-0.,-1.,0.));
#6348 = FACE_BOUND('',#6349,.T.);
#6349 = EDGE_LOOP('',(#6350));
#6350 = ORIENTED_EDGE('',*,*,#6351,.T.);
#6351 = EDGE_CURVE('',#6352,#6352,#6354,.T.);
#6352 = VERTEX_POINT('',#6353);
#6353 = CARTESIAN_POINT('',(143.649999,-73.7,1.51));
#6354 = CIRCLE('',#6355,0.2);
#6355 = AXIS2_PLACEMENT_3D('',#6356,#6357,#6358);
#6356 = CARTESIAN_POINT('',(143.649999,-73.5,1.51));
#6357 = DIRECTION('',(-0.,0.,-1.));
#6358 = DIRECTION('',(1.42108547152E-13,-1.,-0.));
#6359 = FACE_BOUND('',#6360,.T.);
#6360 = EDGE_LOOP('',(#6361));
#6361 = ORIENTED_EDGE('',*,*,#6362,.T.);
#6362 = EDGE_CURVE('',#6363,#6363,#6365,.T.);
#6363 = VERTEX_POINT('',#6364);
#6364 = CARTESIAN_POINT('',(144.725,-73.7,1.51));
#6365 = CIRCLE('',#6366,0.2);
#6366 = AXIS2_PLACEMENT_3D('',#6367,#6368,#6369);
#6367 = CARTESIAN_POINT('',(144.725,-73.5,1.51));
#6368 = DIRECTION('',(-0.,0.,-1.));
#6369 = DIRECTION('',(-1.42108547152E-13,-1.,0.));
#6370 = FACE_BOUND('',#6371,.T.);
#6371 = EDGE_LOOP('',(#6372));
#6372 = ORIENTED_EDGE('',*,*,#6373,.T.);
#6373 = EDGE_CURVE('',#6374,#6374,#6376,.T.);
#6374 = VERTEX_POINT('',#6375);
#6375 = CARTESIAN_POINT('',(148.024999,-72.2,1.51));
#6376 = CIRCLE('',#6377,0.2);
#6377 = AXIS2_PLACEMENT_3D('',#6378,#6379,#6380);
#6378 = CARTESIAN_POINT('',(148.024999,-72.,1.51));
#6379 = DIRECTION('',(-0.,0.,-1.));
#6380 = DIRECTION('',(1.42108547152E-13,-1.,-0.));
#6381 = FACE_BOUND('',#6382,.T.);
#6382 = EDGE_LOOP('',(#6383));
#6383 = ORIENTED_EDGE('',*,*,#6384,.T.);
#6384 = EDGE_CURVE('',#6385,#6385,#6387,.T.);
#6385 = VERTEX_POINT('',#6386);
#6386 = CARTESIAN_POINT('',(146.0283,-71.09,1.51));
#6387 = CIRCLE('',#6388,0.2);
#6388 = AXIS2_PLACEMENT_3D('',#6389,#6390,#6391);
#6389 = CARTESIAN_POINT('',(146.0283,-70.89,1.51));
#6390 = DIRECTION('',(-0.,0.,-1.));
#6391 = DIRECTION('',(-0.,-1.,0.));
#6392 = FACE_BOUND('',#6393,.T.);
#6393 = EDGE_LOOP('',(#6394));
#6394 = ORIENTED_EDGE('',*,*,#6395,.T.);
#6395 = EDGE_CURVE('',#6396,#6396,#6398,.T.);
#6396 = VERTEX_POINT('',#6397);
#6397 = CARTESIAN_POINT('',(134.1086,-70.1973,1.51));
#6398 = CIRCLE('',#6399,0.2);
#6399 = AXIS2_PLACEMENT_3D('',#6400,#6401,#6402);
#6400 = CARTESIAN_POINT('',(134.1086,-69.9973,1.51));
#6401 = DIRECTION('',(-0.,0.,-1.));
#6402 = DIRECTION('',(-1.42108547152E-13,-1.,0.));
#6403 = FACE_BOUND('',#6404,.T.);
#6404 = EDGE_LOOP('',(#6405));
#6405 = ORIENTED_EDGE('',*,*,#6406,.T.);
#6406 = EDGE_CURVE('',#6407,#6407,#6409,.T.);
#6407 = VERTEX_POINT('',#6408);
#6408 = CARTESIAN_POINT('',(134.807,-69.2354,1.51));
#6409 = CIRCLE('',#6410,0.2);
#6410 = AXIS2_PLACEMENT_3D('',#6411,#6412,#6413);
#6411 = CARTESIAN_POINT('',(134.807,-69.0354,1.51));
#6412 = DIRECTION('',(-0.,0.,-1.));
#6413 = DIRECTION('',(-1.42108547152E-13,-1.,0.));
#6414 = FACE_BOUND('',#6415,.T.);
#6415 = EDGE_LOOP('',(#6416));
#6416 = ORIENTED_EDGE('',*,*,#6417,.T.);
#6417 = EDGE_CURVE('',#6418,#6418,#6420,.T.);
#6418 = VERTEX_POINT('',#6419);
#6419 = CARTESIAN_POINT('',(133.9316,-68.4389,1.51));
#6420 = CIRCLE('',#6421,0.2);
#6421 = AXIS2_PLACEMENT_3D('',#6422,#6423,#6424);
#6422 = CARTESIAN_POINT('',(133.9316,-68.2389,1.51));
#6423 = DIRECTION('',(-0.,0.,-1.));
#6424 = DIRECTION('',(-0.,-1.,0.));
#6425 = FACE_BOUND('',#6426,.T.);
#6426 = EDGE_LOOP('',(#6427));
#6427 = ORIENTED_EDGE('',*,*,#6428,.T.);
#6428 = EDGE_CURVE('',#6429,#6429,#6431,.T.);
#6429 = VERTEX_POINT('',#6430);
#6430 = CARTESIAN_POINT('',(146.,-69.54,1.51));
#6431 = CIRCLE('',#6432,0.5);
#6432 = AXIS2_PLACEMENT_3D('',#6433,#6434,#6435);
#6433 = CARTESIAN_POINT('',(146.,-69.04,1.51));
#6434 = DIRECTION('',(-0.,0.,-1.));
#6435 = DIRECTION('',(-0.,-1.,0.));
#6436 = FACE_BOUND('',#6437,.T.);
#6437 = EDGE_LOOP('',(#6438));
#6438 = ORIENTED_EDGE('',*,*,#6439,.T.);
#6439 = EDGE_CURVE('',#6440,#6440,#6442,.T.);
#6440 = VERTEX_POINT('',#6441);
#6441 = CARTESIAN_POINT('',(146.,-67.,1.51));
#6442 = CIRCLE('',#6443,0.5);
#6443 = AXIS2_PLACEMENT_3D('',#6444,#6445,#6446);
#6444 = CARTESIAN_POINT('',(146.,-66.5,1.51));
#6445 = DIRECTION('',(-0.,0.,-1.));
#6446 = DIRECTION('',(-0.,-1.,0.));
#6447 = FACE_BOUND('',#6448,.T.);
#6448 = EDGE_LOOP('',(#6449));
#6449 = ORIENTED_EDGE('',*,*,#6450,.T.);
#6450 = EDGE_CURVE('',#6451,#6451,#6453,.T.);
#6451 = VERTEX_POINT('',#6452);
#6452 = CARTESIAN_POINT('',(143.5144,-64.1255,1.51));
#6453 = CIRCLE('',#6454,0.2);
#6454 = AXIS2_PLACEMENT_3D('',#6455,#6456,#6457);
#6455 = CARTESIAN_POINT('',(143.5144,-63.9255,1.51));
#6456 = DIRECTION('',(-0.,0.,-1.));
#6457 = DIRECTION('',(-1.42108547152E-13,-1.,0.));
#6458 = FACE_BOUND('',#6459,.T.);
#6459 = EDGE_LOOP('',(#6460));
#6460 = ORIENTED_EDGE('',*,*,#6461,.T.);
#6461 = EDGE_CURVE('',#6462,#6462,#6464,.T.);
#6462 = VERTEX_POINT('',#6463);
#6463 = CARTESIAN_POINT('',(115.8911,-62.8552,1.51));
#6464 = CIRCLE('',#6465,0.2);
#6465 = AXIS2_PLACEMENT_3D('',#6466,#6467,#6468);
#6466 = CARTESIAN_POINT('',(115.8911,-62.6552,1.51));
#6467 = DIRECTION('',(-0.,0.,-1.));
#6468 = DIRECTION('',(-0.,-1.,0.));
#6469 = FACE_BOUND('',#6470,.T.);
#6470 = EDGE_LOOP('',(#6471));
#6471 = ORIENTED_EDGE('',*,*,#6472,.T.);
#6472 = EDGE_CURVE('',#6473,#6473,#6475,.T.);
#6473 = VERTEX_POINT('',#6474);
#6474 = CARTESIAN_POINT('',(118.025,-61.2,1.51));
#6475 = CIRCLE('',#6476,0.2);
#6476 = AXIS2_PLACEMENT_3D('',#6477,#6478,#6479);
#6477 = CARTESIAN_POINT('',(118.025,-61.,1.51));
#6478 = DIRECTION('',(-0.,0.,-1.));
#6479 = DIRECTION('',(-0.,-1.,0.));
#6480 = FACE_BOUND('',#6481,.T.);
#6481 = EDGE_LOOP('',(#6482));
#6482 = ORIENTED_EDGE('',*,*,#6483,.T.);
#6483 = EDGE_CURVE('',#6484,#6484,#6486,.T.);
#6484 = VERTEX_POINT('',#6485);
#6485 = CARTESIAN_POINT('',(111.2407,-59.4718,1.51));
#6486 = CIRCLE('',#6487,0.2);
#6487 = AXIS2_PLACEMENT_3D('',#6488,#6489,#6490);
#6488 = CARTESIAN_POINT('',(111.2407,-59.2718,1.51));
#6489 = DIRECTION('',(-0.,0.,-1.));
#6490 = DIRECTION('',(-0.,-1.,0.));
#6491 = FACE_BOUND('',#6492,.T.);
#6492 = EDGE_LOOP('',(#6493));
#6493 = ORIENTED_EDGE('',*,*,#6494,.T.);
#6494 = EDGE_CURVE('',#6495,#6495,#6497,.T.);
#6495 = VERTEX_POINT('',#6496);
#6496 = CARTESIAN_POINT('',(110.008372,-59.061572,1.51));
#6497 = CIRCLE('',#6498,0.2);
#6498 = AXIS2_PLACEMENT_3D('',#6499,#6500,#6501);
#6499 = CARTESIAN_POINT('',(110.008372,-58.861572,1.51));
#6500 = DIRECTION('',(-0.,0.,-1.));
#6501 = DIRECTION('',(-7.105427357601E-14,-1.,0.));
#6502 = FACE_BOUND('',#6503,.T.);
#6503 = EDGE_LOOP('',(#6504));
#6504 = ORIENTED_EDGE('',*,*,#6505,.T.);
#6505 = EDGE_CURVE('',#6506,#6506,#6508,.T.);
#6506 = VERTEX_POINT('',#6507);
#6507 = CARTESIAN_POINT('',(126.425934,-61.836931,1.51));
#6508 = CIRCLE('',#6509,0.2);
#6509 = AXIS2_PLACEMENT_3D('',#6510,#6511,#6512);
#6510 = CARTESIAN_POINT('',(126.425934,-61.636931,1.51));
#6511 = DIRECTION('',(-0.,0.,-1.));
#6512 = DIRECTION('',(-0.,-1.,0.));
#6513 = FACE_BOUND('',#6514,.T.);
#6514 = EDGE_LOOP('',(#6515));
#6515 = ORIENTED_EDGE('',*,*,#6516,.T.);
#6516 = EDGE_CURVE('',#6517,#6517,#6519,.T.);
#6517 = VERTEX_POINT('',#6518);
#6518 = CARTESIAN_POINT('',(131.5459,-58.2491,1.51));
#6519 = CIRCLE('',#6520,0.2);
#6520 = AXIS2_PLACEMENT_3D('',#6521,#6522,#6523);
#6521 = CARTESIAN_POINT('',(131.5459,-58.0491,1.51));
#6522 = DIRECTION('',(-0.,0.,-1.));
#6523 = DIRECTION('',(-1.42108547152E-13,-1.,0.));
#6524 = FACE_BOUND('',#6525,.T.);
#6525 = EDGE_LOOP('',(#6526));
#6526 = ORIENTED_EDGE('',*,*,#6527,.T.);
#6527 = EDGE_CURVE('',#6528,#6528,#6530,.T.);
#6528 = VERTEX_POINT('',#6529);
#6529 = CARTESIAN_POINT('',(113.225,-55.2,1.51));
#6530 = CIRCLE('',#6531,0.2);
#6531 = AXIS2_PLACEMENT_3D('',#6532,#6533,#6534);
#6532 = CARTESIAN_POINT('',(113.225,-55.,1.51));
#6533 = DIRECTION('',(-0.,0.,-1.));
#6534 = DIRECTION('',(-0.,-1.,0.));
#6535 = FACE_BOUND('',#6536,.T.);
#6536 = EDGE_LOOP('',(#6537));
#6537 = ORIENTED_EDGE('',*,*,#6538,.T.);
#6538 = EDGE_CURVE('',#6539,#6539,#6541,.T.);
#6539 = VERTEX_POINT('',#6540);
#6540 = CARTESIAN_POINT('',(117.975,-55.2,1.51));
#6541 = CIRCLE('',#6542,0.2);
#6542 = AXIS2_PLACEMENT_3D('',#6543,#6544,#6545);
#6543 = CARTESIAN_POINT('',(117.975,-55.,1.51));
#6544 = DIRECTION('',(-0.,0.,-1.));
#6545 = DIRECTION('',(-0.,-1.,0.));
#6546 = FACE_BOUND('',#6547,.T.);
#6547 = EDGE_LOOP('',(#6548));
#6548 = ORIENTED_EDGE('',*,*,#6549,.T.);
#6549 = EDGE_CURVE('',#6550,#6550,#6552,.T.);
#6550 = VERTEX_POINT('',#6551);
#6551 = CARTESIAN_POINT('',(128.0001,-56.4975,1.51));
#6552 = CIRCLE('',#6553,0.25);
#6553 = AXIS2_PLACEMENT_3D('',#6554,#6555,#6556);
#6554 = CARTESIAN_POINT('',(128.0001,-56.2475,1.51));
#6555 = DIRECTION('',(-0.,0.,-1.));
#6556 = DIRECTION('',(-0.,-1.,0.));
#6557 = FACE_BOUND('',#6558,.T.);
#6558 = EDGE_LOOP('',(#6559));
#6559 = ORIENTED_EDGE('',*,*,#6560,.T.);
#6560 = EDGE_CURVE('',#6561,#6561,#6563,.T.);
#6561 = VERTEX_POINT('',#6562);
#6562 = CARTESIAN_POINT('',(127.775,-52.4,1.51));
#6563 = CIRCLE('',#6564,0.2);
#6564 = AXIS2_PLACEMENT_3D('',#6565,#6566,#6567);
#6565 = CARTESIAN_POINT('',(127.775,-52.2,1.51));
#6566 = DIRECTION('',(-0.,0.,-1.));
#6567 = DIRECTION('',(-0.,-1.,0.));
#6568 = FACE_BOUND('',#6569,.T.);
#6569 = EDGE_LOOP('',(#6570));
#6570 = ORIENTED_EDGE('',*,*,#6571,.T.);
#6571 = EDGE_CURVE('',#6572,#6572,#6574,.T.);
#6572 = VERTEX_POINT('',#6573);
#6573 = CARTESIAN_POINT('',(131.6625,-53.2,1.51));
#6574 = CIRCLE('',#6575,0.2);
#6575 = AXIS2_PLACEMENT_3D('',#6576,#6577,#6578);
#6576 = CARTESIAN_POINT('',(131.6625,-53.,1.51));
#6577 = DIRECTION('',(-0.,0.,-1.));
#6578 = DIRECTION('',(-1.42108547152E-13,-1.,0.));
#6579 = FACE_BOUND('',#6580,.T.);
#6580 = EDGE_LOOP('',(#6581));
#6581 = ORIENTED_EDGE('',*,*,#6582,.T.);
#6582 = EDGE_CURVE('',#6583,#6583,#6585,.T.);
#6583 = VERTEX_POINT('',#6584);
#6584 = CARTESIAN_POINT('',(130.8,-52.25,1.51));
#6585 = CIRCLE('',#6586,0.2);
#6586 = AXIS2_PLACEMENT_3D('',#6587,#6588,#6589);
#6587 = CARTESIAN_POINT('',(130.8,-52.05,1.51));
#6588 = DIRECTION('',(-0.,0.,-1.));
#6589 = DIRECTION('',(-0.,-1.,0.));
#6590 = FACE_BOUND('',#6591,.T.);
#6591 = EDGE_LOOP('',(#6592));
#6592 = ORIENTED_EDGE('',*,*,#6593,.T.);
#6593 = EDGE_CURVE('',#6594,#6594,#6596,.T.);
#6594 = VERTEX_POINT('',#6595);
#6595 = CARTESIAN_POINT('',(134.,-59.2,1.51));
#6596 = CIRCLE('',#6597,0.2);
#6597 = AXIS2_PLACEMENT_3D('',#6598,#6599,#6600);
#6598 = CARTESIAN_POINT('',(134.,-59.,1.51));
#6599 = DIRECTION('',(-0.,0.,-1.));
#6600 = DIRECTION('',(-0.,-1.,0.));
#6601 = FACE_BOUND('',#6602,.T.);
#6602 = EDGE_LOOP('',(#6603));
#6603 = ORIENTED_EDGE('',*,*,#6604,.T.);
#6604 = EDGE_CURVE('',#6605,#6605,#6607,.T.);
#6605 = VERTEX_POINT('',#6606);
#6606 = CARTESIAN_POINT('',(142.1375,-59.2,1.51));
#6607 = CIRCLE('',#6608,0.2);
#6608 = AXIS2_PLACEMENT_3D('',#6609,#6610,#6611);
#6609 = CARTESIAN_POINT('',(142.1375,-59.,1.51));
#6610 = DIRECTION('',(-0.,0.,-1.));
#6611 = DIRECTION('',(-0.,-1.,0.));
#6612 = FACE_BOUND('',#6613,.T.);
#6613 = EDGE_LOOP('',(#6614));
#6614 = ORIENTED_EDGE('',*,*,#6615,.T.);
#6615 = EDGE_CURVE('',#6616,#6616,#6618,.T.);
#6616 = VERTEX_POINT('',#6617);
#6617 = CARTESIAN_POINT('',(149.,-59.2,1.51));
#6618 = CIRCLE('',#6619,0.2);
#6619 = AXIS2_PLACEMENT_3D('',#6620,#6621,#6622);
#6620 = CARTESIAN_POINT('',(149.,-59.,1.51));
#6621 = DIRECTION('',(-0.,0.,-1.));
#6622 = DIRECTION('',(-0.,-1.,0.));
#6623 = FACE_BOUND('',#6624,.T.);
#6624 = EDGE_LOOP('',(#6625));
#6625 = ORIENTED_EDGE('',*,*,#6626,.T.);
#6626 = EDGE_CURVE('',#6627,#6627,#6629,.T.);
#6627 = VERTEX_POINT('',#6628);
#6628 = CARTESIAN_POINT('',(136.672558,-50.967972,1.51));
#6629 = CIRCLE('',#6630,0.2);
#6630 = AXIS2_PLACEMENT_3D('',#6631,#6632,#6633);
#6631 = CARTESIAN_POINT('',(136.672558,-50.767972,1.51));
#6632 = DIRECTION('',(-0.,0.,-1.));
#6633 = DIRECTION('',(1.42108547152E-13,-1.,-0.));
#6634 = FACE_BOUND('',#6635,.T.);
#6635 = EDGE_LOOP('',(#6636));
#6636 = ORIENTED_EDGE('',*,*,#6637,.T.);
#6637 = EDGE_CURVE('',#6638,#6638,#6640,.T.);
#6638 = VERTEX_POINT('',#6639);
#6639 = CARTESIAN_POINT('',(149.5,-52.2,1.51));
#6640 = CIRCLE('',#6641,0.2);
#6641 = AXIS2_PLACEMENT_3D('',#6642,#6643,#6644);
#6642 = CARTESIAN_POINT('',(149.5,-52.,1.51));
#6643 = DIRECTION('',(-0.,0.,-1.));
#6644 = DIRECTION('',(-0.,-1.,0.));
#6645 = FACE_BOUND('',#6646,.T.);
#6646 = EDGE_LOOP('',(#6647));
#6647 = ORIENTED_EDGE('',*,*,#6648,.T.);
#6648 = EDGE_CURVE('',#6649,#6649,#6651,.T.);
#6649 = VERTEX_POINT('',#6650);
#6650 = CARTESIAN_POINT('',(155.725,-73.7,1.51));
#6651 = CIRCLE('',#6652,0.2);
#6652 = AXIS2_PLACEMENT_3D('',#6653,#6654,#6655);
#6653 = CARTESIAN_POINT('',(155.725,-73.5,1.51));
#6654 = DIRECTION('',(-0.,0.,-1.));
#6655 = DIRECTION('',(-1.42108547152E-13,-1.,0.));
#6656 = FACE_BOUND('',#6657,.T.);
#6657 = EDGE_LOOP('',(#6658));
#6658 = ORIENTED_EDGE('',*,*,#6659,.T.);
#6659 = EDGE_CURVE('',#6660,#6660,#6662,.T.);
#6660 = VERTEX_POINT('',#6661);
#6661 = CARTESIAN_POINT('',(160.475,-73.7,1.51));
#6662 = CIRCLE('',#6663,0.2);
#6663 = AXIS2_PLACEMENT_3D('',#6664,#6665,#6666);
#6664 = CARTESIAN_POINT('',(160.475,-73.5,1.51));
#6665 = DIRECTION('',(-0.,0.,-1.));
#6666 = DIRECTION('',(-1.42108547152E-13,-1.,0.));
#6667 = FACE_BOUND('',#6668,.T.);
#6668 = EDGE_LOOP('',(#6669));
#6669 = ORIENTED_EDGE('',*,*,#6670,.T.);
#6670 = EDGE_CURVE('',#6671,#6671,#6673,.T.);
#6671 = VERTEX_POINT('',#6672);
#6672 = CARTESIAN_POINT('',(165.649999,-73.7,1.51));
#6673 = CIRCLE('',#6674,0.2);
#6674 = AXIS2_PLACEMENT_3D('',#6675,#6676,#6677);
#6675 = CARTESIAN_POINT('',(165.649999,-73.5,1.51));
#6676 = DIRECTION('',(-0.,0.,-1.));
#6677 = DIRECTION('',(1.42108547152E-13,-1.,-0.));
#6678 = FACE_BOUND('',#6679,.T.);
#6679 = EDGE_LOOP('',(#6680));
#6680 = ORIENTED_EDGE('',*,*,#6681,.T.);
#6681 = EDGE_CURVE('',#6682,#6682,#6684,.T.);
#6682 = VERTEX_POINT('',#6683);
#6683 = CARTESIAN_POINT('',(167.871292,-73.016313,1.51));
#6684 = CIRCLE('',#6685,0.2);
#6685 = AXIS2_PLACEMENT_3D('',#6686,#6687,#6688);
#6686 = CARTESIAN_POINT('',(167.871292,-72.816313,1.51));
#6687 = DIRECTION('',(-0.,0.,-1.));
#6688 = DIRECTION('',(1.42108547152E-13,-1.,-0.));
#6689 = FACE_BOUND('',#6690,.T.);
#6690 = EDGE_LOOP('',(#6691));
#6691 = ORIENTED_EDGE('',*,*,#6692,.T.);
#6692 = EDGE_CURVE('',#6693,#6693,#6695,.T.);
#6693 = VERTEX_POINT('',#6694);
#6694 = CARTESIAN_POINT('',(174.674999,-68.2,1.51));
#6695 = CIRCLE('',#6696,0.2);
#6696 = AXIS2_PLACEMENT_3D('',#6697,#6698,#6699);
#6697 = CARTESIAN_POINT('',(174.674999,-68.,1.51));
#6698 = DIRECTION('',(-0.,0.,-1.));
#6699 = DIRECTION('',(-0.,-1.,0.));
#6700 = FACE_BOUND('',#6701,.T.);
#6701 = EDGE_LOOP('',(#6702));
#6702 = ORIENTED_EDGE('',*,*,#6703,.T.);
#6703 = EDGE_CURVE('',#6704,#6704,#6706,.T.);
#6704 = VERTEX_POINT('',#6705);
#6705 = CARTESIAN_POINT('',(174.674999,-65.659999,1.51));
#6706 = CIRCLE('',#6707,0.2);
#6707 = AXIS2_PLACEMENT_3D('',#6708,#6709,#6710);
#6708 = CARTESIAN_POINT('',(174.674999,-65.459999,1.51));
#6709 = DIRECTION('',(-0.,0.,-1.));
#6710 = DIRECTION('',(-0.,-1.,0.));
#6711 = FACE_BOUND('',#6712,.T.);
#6712 = EDGE_LOOP('',(#6713));
#6713 = ORIENTED_EDGE('',*,*,#6714,.T.);
#6714 = EDGE_CURVE('',#6715,#6715,#6717,.T.);
#6715 = VERTEX_POINT('',#6716);
#6716 = CARTESIAN_POINT('',(179.,-74.2,1.51));
#6717 = CIRCLE('',#6718,0.2);
#6718 = AXIS2_PLACEMENT_3D('',#6719,#6720,#6721);
#6719 = CARTESIAN_POINT('',(179.,-74.,1.51));
#6720 = DIRECTION('',(-0.,0.,-1.));
#6721 = DIRECTION('',(-0.,-1.,0.));
#6722 = FACE_BOUND('',#6723,.T.);
#6723 = EDGE_LOOP('',(#6724));
#6724 = ORIENTED_EDGE('',*,*,#6725,.T.);
#6725 = EDGE_CURVE('',#6726,#6726,#6728,.T.);
#6726 = VERTEX_POINT('',#6727);
#6727 = CARTESIAN_POINT('',(192.,-76.2,1.51));
#6728 = CIRCLE('',#6729,0.2);
#6729 = AXIS2_PLACEMENT_3D('',#6730,#6731,#6732);
#6730 = CARTESIAN_POINT('',(192.,-76.,1.51));
#6731 = DIRECTION('',(-0.,0.,-1.));
#6732 = DIRECTION('',(-0.,-1.,0.));
#6733 = FACE_BOUND('',#6734,.T.);
#6734 = EDGE_LOOP('',(#6735));
#6735 = ORIENTED_EDGE('',*,*,#6736,.T.);
#6736 = EDGE_CURVE('',#6737,#6737,#6739,.T.);
#6737 = VERTEX_POINT('',#6738);
#6738 = CARTESIAN_POINT('',(179.975,-68.2,1.51));
#6739 = CIRCLE('',#6740,0.2);
#6740 = AXIS2_PLACEMENT_3D('',#6741,#6742,#6743);
#6741 = CARTESIAN_POINT('',(179.975,-68.,1.51));
#6742 = DIRECTION('',(-0.,0.,-1.));
#6743 = DIRECTION('',(-1.42108547152E-13,-1.,0.));
#6744 = FACE_BOUND('',#6745,.T.);
#6745 = EDGE_LOOP('',(#6746));
#6746 = ORIENTED_EDGE('',*,*,#6747,.T.);
#6747 = EDGE_CURVE('',#6748,#6748,#6750,.T.);
#6748 = VERTEX_POINT('',#6749);
#6749 = CARTESIAN_POINT('',(164.,-59.2,1.51));
#6750 = CIRCLE('',#6751,0.2);
#6751 = AXIS2_PLACEMENT_3D('',#6752,#6753,#6754);
#6752 = CARTESIAN_POINT('',(164.,-59.,1.51));
#6753 = DIRECTION('',(-0.,0.,-1.));
#6754 = DIRECTION('',(-0.,-1.,0.));
#6755 = FACE_BOUND('',#6756,.T.);
#6756 = EDGE_LOOP('',(#6757));
#6757 = ORIENTED_EDGE('',*,*,#6758,.T.);
#6758 = EDGE_CURVE('',#6759,#6759,#6761,.T.);
#6759 = VERTEX_POINT('',#6760);
#6760 = CARTESIAN_POINT('',(162.7,-52.2,1.51));
#6761 = CIRCLE('',#6762,0.2);
#6762 = AXIS2_PLACEMENT_3D('',#6763,#6764,#6765);
#6763 = CARTESIAN_POINT('',(162.7,-52.,1.51));
#6764 = DIRECTION('',(-0.,0.,-1.));
#6765 = DIRECTION('',(-0.,-1.,0.));
#6766 = FACE_BOUND('',#6767,.T.);
#6767 = EDGE_LOOP('',(#6768));
#6768 = ORIENTED_EDGE('',*,*,#6769,.T.);
#6769 = EDGE_CURVE('',#6770,#6770,#6772,.T.);
#6770 = VERTEX_POINT('',#6771);
#6771 = CARTESIAN_POINT('',(171.7848,-51.1833,1.51));
#6772 = CIRCLE('',#6773,0.2);
#6773 = AXIS2_PLACEMENT_3D('',#6774,#6775,#6776);
#6774 = CARTESIAN_POINT('',(171.7848,-50.9833,1.51));
#6775 = DIRECTION('',(-0.,0.,-1.));
#6776 = DIRECTION('',(-1.42108547152E-13,-1.,0.));
#6777 = FACE_BOUND('',#6778,.T.);
#6778 = EDGE_LOOP('',(#6779));
#6779 = ORIENTED_EDGE('',*,*,#6780,.T.);
#6780 = EDGE_CURVE('',#6781,#6781,#6783,.T.);
#6781 = VERTEX_POINT('',#6782);
#6782 = CARTESIAN_POINT('',(179.,-59.2,1.51));
#6783 = CIRCLE('',#6784,0.2);
#6784 = AXIS2_PLACEMENT_3D('',#6785,#6786,#6787);
#6785 = CARTESIAN_POINT('',(179.,-59.,1.51));
#6786 = DIRECTION('',(-0.,0.,-1.));
#6787 = DIRECTION('',(-0.,-1.,0.));
#6788 = FACE_BOUND('',#6789,.T.);
#6789 = EDGE_LOOP('',(#6790));
#6790 = ORIENTED_EDGE('',*,*,#6791,.T.);
#6791 = EDGE_CURVE('',#6792,#6792,#6794,.T.);
#6792 = VERTEX_POINT('',#6793);
#6793 = CARTESIAN_POINT('',(175.899999,-52.2,1.51));
#6794 = CIRCLE('',#6795,0.2);
#6795 = AXIS2_PLACEMENT_3D('',#6796,#6797,#6798);
#6796 = CARTESIAN_POINT('',(175.899999,-52.,1.51));
#6797 = DIRECTION('',(-0.,0.,-1.));
#6798 = DIRECTION('',(1.42108547152E-13,-1.,-0.));
#6799 = FACE_BOUND('',#6800,.T.);
#6800 = EDGE_LOOP('',(#6801));
#6801 = ORIENTED_EDGE('',*,*,#6802,.T.);
#6802 = EDGE_CURVE('',#6803,#6803,#6805,.T.);
#6803 = VERTEX_POINT('',#6804);
#6804 = CARTESIAN_POINT('',(189.1,-52.2,1.51));
#6805 = CIRCLE('',#6806,0.2);
#6806 = AXIS2_PLACEMENT_3D('',#6807,#6808,#6809);
#6807 = CARTESIAN_POINT('',(189.1,-52.,1.51));
#6808 = DIRECTION('',(-0.,0.,-1.));
#6809 = DIRECTION('',(-1.42108547152E-13,-1.,0.));
#6810 = FACE_BOUND('',#6811,.T.);
#6811 = EDGE_LOOP('',(#6812));
#6812 = ORIENTED_EDGE('',*,*,#6813,.T.);
#6813 = EDGE_CURVE('',#6814,#6814,#6816,.T.);
#6814 = VERTEX_POINT('',#6815);
#6815 = CARTESIAN_POINT('',(115.,-47.4,1.51));
#6816 = CIRCLE('',#6817,0.4);
#6817 = AXIS2_PLACEMENT_3D('',#6818,#6819,#6820);
#6818 = CARTESIAN_POINT('',(115.,-47.,1.51));
#6819 = DIRECTION('',(-0.,0.,-1.));
#6820 = DIRECTION('',(-0.,-1.,0.));
#6821 = FACE_BOUND('',#6822,.T.);
#6822 = EDGE_LOOP('',(#6823));
#6823 = ORIENTED_EDGE('',*,*,#6824,.T.);
#6824 = EDGE_CURVE('',#6825,#6825,#6827,.T.);
#6825 = VERTEX_POINT('',#6826);
#6826 = CARTESIAN_POINT('',(117.,-47.4,1.51));
#6827 = CIRCLE('',#6828,0.4);
#6828 = AXIS2_PLACEMENT_3D('',#6829,#6830,#6831);
#6829 = CARTESIAN_POINT('',(117.,-47.,1.51));
#6830 = DIRECTION('',(-0.,0.,-1.));
#6831 = DIRECTION('',(-0.,-1.,0.));
#6832 = FACE_BOUND('',#6833,.T.);
#6833 = EDGE_LOOP('',(#6834));
#6834 = ORIENTED_EDGE('',*,*,#6835,.T.);
#6835 = EDGE_CURVE('',#6836,#6836,#6838,.T.);
#6836 = VERTEX_POINT('',#6837);
#6837 = CARTESIAN_POINT('',(112.6625,-40.2,1.51));
#6838 = CIRCLE('',#6839,0.2);
#6839 = AXIS2_PLACEMENT_3D('',#6840,#6841,#6842);
#6840 = CARTESIAN_POINT('',(112.6625,-40.,1.51));
#6841 = DIRECTION('',(-0.,0.,-1.));
#6842 = DIRECTION('',(-0.,-1.,0.));
#6843 = FACE_BOUND('',#6844,.T.);
#6844 = EDGE_LOOP('',(#6845));
#6845 = ORIENTED_EDGE('',*,*,#6846,.T.);
#6846 = EDGE_CURVE('',#6847,#6847,#6849,.T.);
#6847 = VERTEX_POINT('',#6848);
#6848 = CARTESIAN_POINT('',(126.2,-38.2,1.51));
#6849 = CIRCLE('',#6850,0.2);
#6850 = AXIS2_PLACEMENT_3D('',#6851,#6852,#6853);
#6851 = CARTESIAN_POINT('',(126.2,-38.,1.51));
#6852 = DIRECTION('',(-0.,0.,-1.));
#6853 = DIRECTION('',(-0.,-1.,0.));
#6854 = FACE_BOUND('',#6855,.T.);
#6855 = EDGE_LOOP('',(#6856));
#6856 = ORIENTED_EDGE('',*,*,#6857,.T.);
#6857 = EDGE_CURVE('',#6858,#6858,#6860,.T.);
#6858 = VERTEX_POINT('',#6859);
#6859 = CARTESIAN_POINT('',(135.0932,-49.8265,1.51));
#6860 = CIRCLE('',#6861,0.2);
#6861 = AXIS2_PLACEMENT_3D('',#6862,#6863,#6864);
#6862 = CARTESIAN_POINT('',(135.0932,-49.6265,1.51));
#6863 = DIRECTION('',(-0.,0.,-1.));
#6864 = DIRECTION('',(-1.42108547152E-13,-1.,0.));
#6865 = FACE_BOUND('',#6866,.T.);
#6866 = EDGE_LOOP('',(#6867));
#6867 = ORIENTED_EDGE('',*,*,#6868,.T.);
#6868 = EDGE_CURVE('',#6869,#6869,#6871,.T.);
#6869 = VERTEX_POINT('',#6870);
#6870 = CARTESIAN_POINT('',(139.524999,-47.2,1.51));
#6871 = CIRCLE('',#6872,0.2);
#6872 = AXIS2_PLACEMENT_3D('',#6873,#6874,#6875);
#6873 = CARTESIAN_POINT('',(139.524999,-47.,1.51));
#6874 = DIRECTION('',(-0.,0.,-1.));
#6875 = DIRECTION('',(1.42108547152E-13,-1.,-0.));
#6876 = FACE_BOUND('',#6877,.T.);
#6877 = EDGE_LOOP('',(#6878));
#6878 = ORIENTED_EDGE('',*,*,#6879,.T.);
#6879 = EDGE_CURVE('',#6880,#6880,#6882,.T.);
#6880 = VERTEX_POINT('',#6881);
#6881 = CARTESIAN_POINT('',(134.,-44.2,1.51));
#6882 = CIRCLE('',#6883,0.2);
#6883 = AXIS2_PLACEMENT_3D('',#6884,#6885,#6886);
#6884 = CARTESIAN_POINT('',(134.,-44.,1.51));
#6885 = DIRECTION('',(-0.,0.,-1.));
#6886 = DIRECTION('',(-0.,-1.,0.));
#6887 = FACE_BOUND('',#6888,.T.);
#6888 = EDGE_LOOP('',(#6889));
#6889 = ORIENTED_EDGE('',*,*,#6890,.T.);
#6890 = EDGE_CURVE('',#6891,#6891,#6893,.T.);
#6891 = VERTEX_POINT('',#6892);
#6892 = CARTESIAN_POINT('',(144.774999,-48.2,1.51));
#6893 = CIRCLE('',#6894,0.2);
#6894 = AXIS2_PLACEMENT_3D('',#6895,#6896,#6897);
#6895 = CARTESIAN_POINT('',(144.774999,-48.,1.51));
#6896 = DIRECTION('',(-0.,0.,-1.));
#6897 = DIRECTION('',(1.42108547152E-13,-1.,-0.));
#6898 = FACE_BOUND('',#6899,.T.);
#6899 = EDGE_LOOP('',(#6900));
#6900 = ORIENTED_EDGE('',*,*,#6901,.T.);
#6901 = EDGE_CURVE('',#6902,#6902,#6904,.T.);
#6902 = VERTEX_POINT('',#6903);
#6903 = CARTESIAN_POINT('',(149.1356,-48.7523,1.51));
#6904 = CIRCLE('',#6905,0.2);
#6905 = AXIS2_PLACEMENT_3D('',#6906,#6907,#6908);
#6906 = CARTESIAN_POINT('',(149.1356,-48.5523,1.51));
#6907 = DIRECTION('',(-0.,0.,-1.));
#6908 = DIRECTION('',(-0.,-1.,0.));
#6909 = FACE_BOUND('',#6910,.T.);
#6910 = EDGE_LOOP('',(#6911));
#6911 = ORIENTED_EDGE('',*,*,#6912,.T.);
#6912 = EDGE_CURVE('',#6913,#6913,#6915,.T.);
#6913 = VERTEX_POINT('',#6914);
#6914 = CARTESIAN_POINT('',(151.1492,-49.7262,1.51));
#6915 = CIRCLE('',#6916,0.2);
#6916 = AXIS2_PLACEMENT_3D('',#6917,#6918,#6919);
#6917 = CARTESIAN_POINT('',(151.1492,-49.5262,1.51));
#6918 = DIRECTION('',(-0.,0.,-1.));
#6919 = DIRECTION('',(-0.,-1.,0.));
#6920 = FACE_BOUND('',#6921,.T.);
#6921 = EDGE_LOOP('',(#6922));
#6922 = ORIENTED_EDGE('',*,*,#6923,.T.);
#6923 = EDGE_CURVE('',#6924,#6924,#6926,.T.);
#6924 = VERTEX_POINT('',#6925);
#6925 = CARTESIAN_POINT('',(134.675,-42.2,1.51));
#6926 = CIRCLE('',#6927,0.2);
#6927 = AXIS2_PLACEMENT_3D('',#6928,#6929,#6930);
#6928 = CARTESIAN_POINT('',(134.675,-42.,1.51));
#6929 = DIRECTION('',(-0.,0.,-1.));
#6930 = DIRECTION('',(-0.,-1.,0.));
#6931 = FACE_BOUND('',#6932,.T.);
#6932 = EDGE_LOOP('',(#6933));
#6933 = ORIENTED_EDGE('',*,*,#6934,.T.);
#6934 = EDGE_CURVE('',#6935,#6935,#6937,.T.);
#6935 = VERTEX_POINT('',#6936);
#6936 = CARTESIAN_POINT('',(147.3243,-41.3703,1.51));
#6937 = CIRCLE('',#6938,0.2);
#6938 = AXIS2_PLACEMENT_3D('',#6939,#6940,#6941);
#6939 = CARTESIAN_POINT('',(147.3243,-41.1703,1.51));
#6940 = DIRECTION('',(-0.,0.,-1.));
#6941 = DIRECTION('',(-0.,-1.,0.));
#6942 = FACE_BOUND('',#6943,.T.);
#6943 = EDGE_LOOP('',(#6944));
#6944 = ORIENTED_EDGE('',*,*,#6945,.T.);
#6945 = EDGE_CURVE('',#6946,#6946,#6948,.T.);
#6946 = VERTEX_POINT('',#6947);
#6947 = CARTESIAN_POINT('',(111.26,-25.7,1.51));
#6948 = CIRCLE('',#6949,0.7);
#6949 = AXIS2_PLACEMENT_3D('',#6950,#6951,#6952);
#6950 = CARTESIAN_POINT('',(111.26,-25.,1.51));
#6951 = DIRECTION('',(-0.,0.,-1.));
#6952 = DIRECTION('',(2.030122102172E-14,-1.,-0.));
#6953 = FACE_BOUND('',#6954,.T.);
#6954 = EDGE_LOOP('',(#6955));
#6955 = ORIENTED_EDGE('',*,*,#6956,.T.);
#6956 = EDGE_CURVE('',#6957,#6957,#6959,.T.);
#6957 = VERTEX_POINT('',#6958);
#6958 = CARTESIAN_POINT('',(116.34,-25.7,1.51));
#6959 = CIRCLE('',#6960,0.7);
#6960 = AXIS2_PLACEMENT_3D('',#6961,#6962,#6963);
#6961 = CARTESIAN_POINT('',(116.34,-25.,1.51));
#6962 = DIRECTION('',(-0.,0.,-1.));
#6963 = DIRECTION('',(-0.,-1.,0.));
#6964 = FACE_BOUND('',#6965,.T.);
#6965 = EDGE_LOOP('',(#6966));
#6966 = ORIENTED_EDGE('',*,*,#6967,.T.);
#6967 = EDGE_CURVE('',#6968,#6968,#6970,.T.);
#6968 = VERTEX_POINT('',#6969);
#6969 = CARTESIAN_POINT('',(124.5,-25.7,1.51));
#6970 = CIRCLE('',#6971,0.7);
#6971 = AXIS2_PLACEMENT_3D('',#6972,#6973,#6974);
#6972 = CARTESIAN_POINT('',(124.5,-25.,1.51));
#6973 = DIRECTION('',(-0.,0.,-1.));
#6974 = DIRECTION('',(-0.,-1.,0.));
#6975 = FACE_BOUND('',#6976,.T.);
#6976 = EDGE_LOOP('',(#6977));
#6977 = ORIENTED_EDGE('',*,*,#6978,.T.);
#6978 = EDGE_CURVE('',#6979,#6979,#6981,.T.);
#6979 = VERTEX_POINT('',#6980);
#6980 = CARTESIAN_POINT('',(129.58,-25.7,1.51));
#6981 = CIRCLE('',#6982,0.7);
#6982 = AXIS2_PLACEMENT_3D('',#6983,#6984,#6985);
#6983 = CARTESIAN_POINT('',(129.58,-25.,1.51));
#6984 = DIRECTION('',(-0.,0.,-1.));
#6985 = DIRECTION('',(4.060244204343E-14,-1.,-0.));
#6986 = FACE_BOUND('',#6987,.T.);
#6987 = EDGE_LOOP('',(#6988));
#6988 = ORIENTED_EDGE('',*,*,#6989,.T.);
#6989 = EDGE_CURVE('',#6990,#6990,#6992,.T.);
#6990 = VERTEX_POINT('',#6991);
#6991 = CARTESIAN_POINT('',(134.66,-25.7,1.51));
#6992 = CIRCLE('',#6993,0.7);
#6993 = AXIS2_PLACEMENT_3D('',#6994,#6995,#6996);
#6994 = CARTESIAN_POINT('',(134.66,-25.,1.51));
#6995 = DIRECTION('',(-0.,0.,-1.));
#6996 = DIRECTION('',(-4.060244204344E-14,-1.,0.));
#6997 = FACE_BOUND('',#6998,.T.);
#6998 = EDGE_LOOP('',(#6999));
#6999 = ORIENTED_EDGE('',*,*,#7000,.T.);
#7000 = EDGE_CURVE('',#7001,#7001,#7003,.T.);
#7001 = VERTEX_POINT('',#7002);
#7002 = CARTESIAN_POINT('',(142.8,-25.7,1.51));
#7003 = CIRCLE('',#7004,0.7);
#7004 = AXIS2_PLACEMENT_3D('',#7005,#7006,#7007);
#7005 = CARTESIAN_POINT('',(142.8,-25.,1.51));
#7006 = DIRECTION('',(-0.,0.,-1.));
#7007 = DIRECTION('',(-0.,-1.,0.));
#7008 = FACE_BOUND('',#7009,.T.);
#7009 = EDGE_LOOP('',(#7010));
#7010 = ORIENTED_EDGE('',*,*,#7011,.T.);
#7011 = EDGE_CURVE('',#7012,#7012,#7014,.T.);
#7012 = VERTEX_POINT('',#7013);
#7013 = CARTESIAN_POINT('',(147.88,-25.7,1.51));
#7014 = CIRCLE('',#7015,0.7);
#7015 = AXIS2_PLACEMENT_3D('',#7016,#7017,#7018);
#7016 = CARTESIAN_POINT('',(147.88,-25.,1.51));
#7017 = DIRECTION('',(-0.,0.,-1.));
#7018 = DIRECTION('',(-0.,-1.,0.));
#7019 = FACE_BOUND('',#7020,.T.);
#7020 = EDGE_LOOP('',(#7021));
#7021 = ORIENTED_EDGE('',*,*,#7022,.T.);
#7022 = EDGE_CURVE('',#7023,#7023,#7025,.T.);
#7023 = VERTEX_POINT('',#7024);
#7024 = CARTESIAN_POINT('',(157.975,-48.2,1.51));
#7025 = CIRCLE('',#7026,0.2);
#7026 = AXIS2_PLACEMENT_3D('',#7027,#7028,#7029);
#7027 = CARTESIAN_POINT('',(157.975,-48.,1.51));
#7028 = DIRECTION('',(-0.,0.,-1.));
#7029 = DIRECTION('',(-1.42108547152E-13,-1.,0.));
#7030 = FACE_BOUND('',#7031,.T.);
#7031 = EDGE_LOOP('',(#7032));
#7032 = ORIENTED_EDGE('',*,*,#7033,.T.);
#7033 = EDGE_CURVE('',#7034,#7034,#7036,.T.);
#7034 = VERTEX_POINT('',#7035);
#7035 = CARTESIAN_POINT('',(159.6617,-50.0521,1.51));
#7036 = CIRCLE('',#7037,0.2);
#7037 = AXIS2_PLACEMENT_3D('',#7038,#7039,#7040);
#7038 = CARTESIAN_POINT('',(159.6617,-49.8521,1.51));
#7039 = DIRECTION('',(-0.,0.,-1.));
#7040 = DIRECTION('',(-0.,-1.,0.));
#7041 = FACE_BOUND('',#7042,.T.);
#7042 = EDGE_LOOP('',(#7043));
#7043 = ORIENTED_EDGE('',*,*,#7044,.T.);
#7044 = EDGE_CURVE('',#7045,#7045,#7047,.T.);
#7045 = VERTEX_POINT('',#7046);
#7046 = CARTESIAN_POINT('',(163.1246,-46.6676,1.51));
#7047 = CIRCLE('',#7048,0.2);
#7048 = AXIS2_PLACEMENT_3D('',#7049,#7050,#7051);
#7049 = CARTESIAN_POINT('',(163.1246,-46.4676,1.51));
#7050 = DIRECTION('',(-0.,0.,-1.));
#7051 = DIRECTION('',(-0.,-1.,0.));
#7052 = FACE_BOUND('',#7053,.T.);
#7053 = EDGE_LOOP('',(#7054));
#7054 = ORIENTED_EDGE('',*,*,#7055,.T.);
#7055 = EDGE_CURVE('',#7056,#7056,#7058,.T.);
#7056 = VERTEX_POINT('',#7057);
#7057 = CARTESIAN_POINT('',(162.9129,-44.4314,1.51));
#7058 = CIRCLE('',#7059,0.2);
#7059 = AXIS2_PLACEMENT_3D('',#7060,#7061,#7062);
#7060 = CARTESIAN_POINT('',(162.9129,-44.2314,1.51));
#7061 = DIRECTION('',(-0.,0.,-1.));
#7062 = DIRECTION('',(1.42108547152E-13,-1.,-0.));
#7063 = FACE_BOUND('',#7064,.T.);
#7064 = EDGE_LOOP('',(#7065));
#7065 = ORIENTED_EDGE('',*,*,#7066,.T.);
#7066 = EDGE_CURVE('',#7067,#7067,#7069,.T.);
#7067 = VERTEX_POINT('',#7068);
#7068 = CARTESIAN_POINT('',(164.,-44.2,1.51));
#7069 = CIRCLE('',#7070,0.2);
#7070 = AXIS2_PLACEMENT_3D('',#7071,#7072,#7073);
#7071 = CARTESIAN_POINT('',(164.,-44.,1.51));
#7072 = DIRECTION('',(-0.,0.,-1.));
#7073 = DIRECTION('',(-0.,-1.,0.));
#7074 = FACE_BOUND('',#7075,.T.);
#7075 = EDGE_LOOP('',(#7076));
#7076 = ORIENTED_EDGE('',*,*,#7077,.T.);
#7077 = EDGE_CURVE('',#7078,#7078,#7080,.T.);
#7078 = VERTEX_POINT('',#7079);
#7079 = CARTESIAN_POINT('',(171.174999,-48.2,1.51));
#7080 = CIRCLE('',#7081,0.2);
#7081 = AXIS2_PLACEMENT_3D('',#7082,#7083,#7084);
#7082 = CARTESIAN_POINT('',(171.174999,-48.,1.51));
#7083 = DIRECTION('',(-0.,0.,-1.));
#7084 = DIRECTION('',(-0.,-1.,0.));
#7085 = FACE_BOUND('',#7086,.T.);
#7086 = EDGE_LOOP('',(#7087));
#7087 = ORIENTED_EDGE('',*,*,#7088,.T.);
#7088 = EDGE_CURVE('',#7089,#7089,#7091,.T.);
#7089 = VERTEX_POINT('',#7090);
#7090 = CARTESIAN_POINT('',(172.0228,-46.6545,1.51));
#7091 = CIRCLE('',#7092,0.2);
#7092 = AXIS2_PLACEMENT_3D('',#7093,#7094,#7095);
#7093 = CARTESIAN_POINT('',(172.0228,-46.4545,1.51));
#7094 = DIRECTION('',(-0.,0.,-1.));
#7095 = DIRECTION('',(-1.42108547152E-13,-1.,0.));
#7096 = FACE_BOUND('',#7097,.T.);
#7097 = EDGE_LOOP('',(#7098));
#7098 = ORIENTED_EDGE('',*,*,#7099,.T.);
#7099 = EDGE_CURVE('',#7100,#7100,#7102,.T.);
#7100 = VERTEX_POINT('',#7101);
#7101 = CARTESIAN_POINT('',(171.5522,-40.2591,1.51));
#7102 = CIRCLE('',#7103,0.2);
#7103 = AXIS2_PLACEMENT_3D('',#7104,#7105,#7106);
#7104 = CARTESIAN_POINT('',(171.5522,-40.0591,1.51));
#7105 = DIRECTION('',(-0.,0.,-1.));
#7106 = DIRECTION('',(-0.,-1.,0.));
#7107 = FACE_BOUND('',#7108,.T.);
#7108 = EDGE_LOOP('',(#7109));
#7109 = ORIENTED_EDGE('',*,*,#7110,.T.);
#7110 = EDGE_CURVE('',#7111,#7111,#7113,.T.);
#7111 = VERTEX_POINT('',#7112);
#7112 = CARTESIAN_POINT('',(182.3614,-49.145,1.51));
#7113 = CIRCLE('',#7114,0.2);
#7114 = AXIS2_PLACEMENT_3D('',#7115,#7116,#7117);
#7115 = CARTESIAN_POINT('',(182.3614,-48.945,1.51));
#7116 = DIRECTION('',(-0.,0.,-1.));
#7117 = DIRECTION('',(-0.,-1.,0.));
#7118 = FACE_BOUND('',#7119,.T.);
#7119 = EDGE_LOOP('',(#7120));
#7120 = ORIENTED_EDGE('',*,*,#7121,.T.);
#7121 = EDGE_CURVE('',#7122,#7122,#7124,.T.);
#7122 = VERTEX_POINT('',#7123);
#7123 = CARTESIAN_POINT('',(184.375,-48.2,1.51));
#7124 = CIRCLE('',#7125,0.2);
#7125 = AXIS2_PLACEMENT_3D('',#7126,#7127,#7128);
#7126 = CARTESIAN_POINT('',(184.375,-48.,1.51));
#7127 = DIRECTION('',(-0.,0.,-1.));
#7128 = DIRECTION('',(-0.,-1.,0.));
#7129 = FACE_BOUND('',#7130,.T.);
#7130 = EDGE_LOOP('',(#7131));
#7131 = ORIENTED_EDGE('',*,*,#7132,.T.);
#7132 = EDGE_CURVE('',#7133,#7133,#7135,.T.);
#7133 = VERTEX_POINT('',#7134);
#7134 = CARTESIAN_POINT('',(179.,-44.2,1.51));
#7135 = CIRCLE('',#7136,0.2);
#7136 = AXIS2_PLACEMENT_3D('',#7137,#7138,#7139);
#7137 = CARTESIAN_POINT('',(179.,-44.,1.51));
#7138 = DIRECTION('',(-0.,0.,-1.));
#7139 = DIRECTION('',(-0.,-1.,0.));
#7140 = FACE_BOUND('',#7141,.T.);
#7141 = EDGE_LOOP('',(#7142));
#7142 = ORIENTED_EDGE('',*,*,#7143,.T.);
#7143 = EDGE_CURVE('',#7144,#7144,#7146,.T.);
#7144 = VERTEX_POINT('',#7145);
#7145 = CARTESIAN_POINT('',(182.4721,-42.3041,1.51));
#7146 = CIRCLE('',#7147,0.2);
#7147 = AXIS2_PLACEMENT_3D('',#7148,#7149,#7150);
#7148 = CARTESIAN_POINT('',(182.4721,-42.1041,1.51));
#7149 = DIRECTION('',(-0.,0.,-1.));
#7150 = DIRECTION('',(-0.,-1.,0.));
#7151 = FACE_BOUND('',#7152,.T.);
#7152 = EDGE_LOOP('',(#7153));
#7153 = ORIENTED_EDGE('',*,*,#7154,.T.);
#7154 = EDGE_CURVE('',#7155,#7155,#7157,.T.);
#7155 = VERTEX_POINT('',#7156);
#7156 = CARTESIAN_POINT('',(156.,-25.7,1.51));
#7157 = CIRCLE('',#7158,0.7);
#7158 = AXIS2_PLACEMENT_3D('',#7159,#7160,#7161);
#7159 = CARTESIAN_POINT('',(156.,-25.,1.51));
#7160 = DIRECTION('',(-0.,0.,-1.));
#7161 = DIRECTION('',(-0.,-1.,0.));
#7162 = FACE_BOUND('',#7163,.T.);
#7163 = EDGE_LOOP('',(#7164));
#7164 = ORIENTED_EDGE('',*,*,#7165,.T.);
#7165 = EDGE_CURVE('',#7166,#7166,#7168,.T.);
#7166 = VERTEX_POINT('',#7167);
#7167 = CARTESIAN_POINT('',(161.08,-25.7,1.51));
#7168 = CIRCLE('',#7169,0.7);
#7169 = AXIS2_PLACEMENT_3D('',#7170,#7171,#7172);
#7170 = CARTESIAN_POINT('',(161.08,-25.,1.51));
#7171 = DIRECTION('',(-0.,0.,-1.));
#7172 = DIRECTION('',(4.060244204343E-14,-1.,-0.));
#7173 = FACE_BOUND('',#7174,.T.);
#7174 = EDGE_LOOP('',(#7175));
#7175 = ORIENTED_EDGE('',*,*,#7176,.T.);
#7176 = EDGE_CURVE('',#7177,#7177,#7179,.T.);
#7177 = VERTEX_POINT('',#7178);
#7178 = CARTESIAN_POINT('',(169.2,-25.7,1.51));
#7179 = CIRCLE('',#7180,0.7);
#7180 = AXIS2_PLACEMENT_3D('',#7181,#7182,#7183);
#7181 = CARTESIAN_POINT('',(169.2,-25.,1.51));
#7182 = DIRECTION('',(-0.,0.,-1.));
#7183 = DIRECTION('',(-0.,-1.,0.));
#7184 = FACE_BOUND('',#7185,.T.);
#7185 = EDGE_LOOP('',(#7186));
#7186 = ORIENTED_EDGE('',*,*,#7187,.T.);
#7187 = EDGE_CURVE('',#7188,#7188,#7190,.T.);
#7188 = VERTEX_POINT('',#7189);
#7189 = CARTESIAN_POINT('',(174.28,-25.7,1.51));
#7190 = CIRCLE('',#7191,0.7);
#7191 = AXIS2_PLACEMENT_3D('',#7192,#7193,#7194);
#7192 = CARTESIAN_POINT('',(174.28,-25.,1.51));
#7193 = DIRECTION('',(-0.,0.,-1.));
#7194 = DIRECTION('',(-0.,-1.,0.));
#7195 = FACE_BOUND('',#7196,.T.);
#7196 = EDGE_LOOP('',(#7197));
#7197 = ORIENTED_EDGE('',*,*,#7198,.T.);
#7198 = EDGE_CURVE('',#7199,#7199,#7201,.T.);
#7199 = VERTEX_POINT('',#7200);
#7200 = CARTESIAN_POINT('',(182.4,-25.7,1.51));
#7201 = CIRCLE('',#7202,0.7);
#7202 = AXIS2_PLACEMENT_3D('',#7203,#7204,#7205);
#7203 = CARTESIAN_POINT('',(182.4,-25.,1.51));
#7204 = DIRECTION('',(-0.,0.,-1.));
#7205 = DIRECTION('',(4.060244204343E-14,-1.,-0.));
#7206 = FACE_BOUND('',#7207,.T.);
#7207 = EDGE_LOOP('',(#7208));
#7208 = ORIENTED_EDGE('',*,*,#7209,.T.);
#7209 = EDGE_CURVE('',#7210,#7210,#7212,.T.);
#7210 = VERTEX_POINT('',#7211);
#7211 = CARTESIAN_POINT('',(187.48,-25.7,1.51));
#7212 = CIRCLE('',#7213,0.7);
#7213 = AXIS2_PLACEMENT_3D('',#7214,#7215,#7216);
#7214 = CARTESIAN_POINT('',(187.48,-25.,1.51));
#7215 = DIRECTION('',(-0.,0.,-1.));
#7216 = DIRECTION('',(-4.060244204344E-14,-1.,0.));
#7217 = FACE_BOUND('',#7218,.T.);
#7218 = EDGE_LOOP('',(#7219));
#7219 = ORIENTED_EDGE('',*,*,#7220,.T.);
#7220 = EDGE_CURVE('',#7221,#7221,#7223,.T.);
#7221 = VERTEX_POINT('',#7222);
#7222 = CARTESIAN_POINT('',(196.,-25.6,1.51));
#7223 = CIRCLE('',#7224,1.6);
#7224 = AXIS2_PLACEMENT_3D('',#7225,#7226,#7227);
#7225 = CARTESIAN_POINT('',(196.,-24.,1.51));
#7226 = DIRECTION('',(-0.,0.,-1.));
#7227 = DIRECTION('',(-0.,-1.,0.));
#7228 = PLANE('',#7229);
#7229 = AXIS2_PLACEMENT_3D('',#7230,#7231,#7232);
#7230 = CARTESIAN_POINT('',(0.,0.,1.51));
#7231 = DIRECTION('',(0.,0.,1.));
#7232 = DIRECTION('',(1.,0.,-0.));
#7233 = ADVANCED_FACE('',(#7234),#7240,.T.);
#7234 = FACE_BOUND('',#7235,.T.);
#7235 = EDGE_LOOP('',(#7236,#7237,#7238,#7239));
#7236 = ORIENTED_EDGE('',*,*,#119,.T.);
#7237 = ORIENTED_EDGE('',*,*,#3691,.T.);
#7238 = ORIENTED_EDGE('',*,*,#79,.F.);
#7239 = ORIENTED_EDGE('',*,*,#143,.F.);
#7240 = PLANE('',#7241);
#7241 = AXIS2_PLACEMENT_3D('',#7242,#7243,#7244);
#7242 = CARTESIAN_POINT('',(20.,-20.,0.));
#7243 = DIRECTION('',(0.,1.,0.));
#7244 = DIRECTION('',(1.,0.,0.));
#7245 = ADVANCED_FACE('',(#7246),#7257,.F.);
#7246 = FACE_BOUND('',#7247,.T.);
#7247 = EDGE_LOOP('',(#7248,#7249,#7255,#7256));
#7248 = ORIENTED_EDGE('',*,*,#152,.T.);
#7249 = ORIENTED_EDGE('',*,*,#7250,.T.);
#7250 = EDGE_CURVE('',#153,#3701,#7251,.T.);
#7251 = LINE('',#7252,#7253);
#7252 = CARTESIAN_POINT('',(24.,-132.6,-4.6E-02));
#7253 = VECTOR('',#7254,1.);
#7254 = DIRECTION('',(0.,0.,1.));
#7255 = ORIENTED_EDGE('',*,*,#3700,.F.);
#7256 = ORIENTED_EDGE('',*,*,#7250,.F.);
#7257 = CYLINDRICAL_SURFACE('',#7258,1.6);
#7258 = AXIS2_PLACEMENT_3D('',#7259,#7260,#7261);
#7259 = CARTESIAN_POINT('',(24.,-131.,-4.6E-02));
#7260 = DIRECTION('',(-0.,-0.,-1.));
#7261 = DIRECTION('',(-0.,-1.,0.));
#7262 = ADVANCED_FACE('',(#7263),#7274,.F.);
#7263 = FACE_BOUND('',#7264,.T.);
#7264 = EDGE_LOOP('',(#7265,#7266,#7272,#7273));
#7265 = ORIENTED_EDGE('',*,*,#163,.T.);
#7266 = ORIENTED_EDGE('',*,*,#7267,.T.);
#7267 = EDGE_CURVE('',#164,#3712,#7268,.T.);
#7268 = LINE('',#7269,#7270);
#7269 = CARTESIAN_POINT('',(34.19,-130.165,-4.6E-02));
#7270 = VECTOR('',#7271,1.);
#7271 = DIRECTION('',(0.,0.,1.));
#7272 = ORIENTED_EDGE('',*,*,#3711,.F.);
#7273 = ORIENTED_EDGE('',*,*,#7267,.F.);
#7274 = CYLINDRICAL_SURFACE('',#7275,0.65);
#7275 = AXIS2_PLACEMENT_3D('',#7276,#7277,#7278);
#7276 = CARTESIAN_POINT('',(34.19,-129.515,-4.6E-02));
#7277 = DIRECTION('',(-0.,-0.,-1.));
#7278 = DIRECTION('',(-0.,-1.,0.));
#7279 = ADVANCED_FACE('',(#7280),#7291,.F.);
#7280 = FACE_BOUND('',#7281,.T.);
#7281 = EDGE_LOOP('',(#7282,#7283,#7289,#7290));
#7282 = ORIENTED_EDGE('',*,*,#174,.T.);
#7283 = ORIENTED_EDGE('',*,*,#7284,.T.);
#7284 = EDGE_CURVE('',#175,#3723,#7285,.T.);
#7285 = LINE('',#7286,#7287);
#7286 = CARTESIAN_POINT('',(41.81,-130.165,-4.6E-02));
#7287 = VECTOR('',#7288,1.);
#7288 = DIRECTION('',(0.,0.,1.));
#7289 = ORIENTED_EDGE('',*,*,#3722,.F.);
#7290 = ORIENTED_EDGE('',*,*,#7284,.F.);
#7291 = CYLINDRICAL_SURFACE('',#7292,0.65);
#7292 = AXIS2_PLACEMENT_3D('',#7293,#7294,#7295);
#7293 = CARTESIAN_POINT('',(41.81,-129.515,-4.6E-02));
#7294 = DIRECTION('',(-0.,-0.,-1.));
#7295 = DIRECTION('',(-0.,-1.,0.));
#7296 = ADVANCED_FACE('',(#7297),#7308,.F.);
#7297 = FACE_BOUND('',#7298,.T.);
#7298 = EDGE_LOOP('',(#7299,#7300,#7306,#7307));
#7299 = ORIENTED_EDGE('',*,*,#185,.T.);
#7300 = ORIENTED_EDGE('',*,*,#7301,.T.);
#7301 = EDGE_CURVE('',#186,#3734,#7302,.T.);
#7302 = LINE('',#7303,#7304);
#7303 = CARTESIAN_POINT('',(34.19,-128.335,-4.6E-02));
#7304 = VECTOR('',#7305,1.);
#7305 = DIRECTION('',(0.,0.,1.));
#7306 = ORIENTED_EDGE('',*,*,#3733,.F.);
#7307 = ORIENTED_EDGE('',*,*,#7301,.F.);
#7308 = CYLINDRICAL_SURFACE('',#7309,0.65);
#7309 = AXIS2_PLACEMENT_3D('',#7310,#7311,#7312);
#7310 = CARTESIAN_POINT('',(34.19,-127.685,-4.6E-02));
#7311 = DIRECTION('',(-0.,-0.,-1.));
#7312 = DIRECTION('',(-0.,-1.,0.));
#7313 = ADVANCED_FACE('',(#7314),#7325,.F.);
#7314 = FACE_BOUND('',#7315,.T.);
#7315 = EDGE_LOOP('',(#7316,#7317,#7323,#7324));
#7316 = ORIENTED_EDGE('',*,*,#196,.T.);
#7317 = ORIENTED_EDGE('',*,*,#7318,.T.);
#7318 = EDGE_CURVE('',#197,#3745,#7319,.T.);
#7319 = LINE('',#7320,#7321);
#7320 = CARTESIAN_POINT('',(34.19,-126.505,-4.6E-02));
#7321 = VECTOR('',#7322,1.);
#7322 = DIRECTION('',(0.,0.,1.));
#7323 = ORIENTED_EDGE('',*,*,#3744,.F.);
#7324 = ORIENTED_EDGE('',*,*,#7318,.F.);
#7325 = CYLINDRICAL_SURFACE('',#7326,0.65);
#7326 = AXIS2_PLACEMENT_3D('',#7327,#7328,#7329);
#7327 = CARTESIAN_POINT('',(34.19,-125.855,-4.6E-02));
#7328 = DIRECTION('',(-0.,-0.,-1.));
#7329 = DIRECTION('',(-0.,-1.,0.));
#7330 = ADVANCED_FACE('',(#7331),#7342,.F.);
#7331 = FACE_BOUND('',#7332,.T.);
#7332 = EDGE_LOOP('',(#7333,#7334,#7340,#7341));
#7333 = ORIENTED_EDGE('',*,*,#207,.T.);
#7334 = ORIENTED_EDGE('',*,*,#7335,.T.);
#7335 = EDGE_CURVE('',#208,#3756,#7336,.T.);
#7336 = LINE('',#7337,#7338);
#7337 = CARTESIAN_POINT('',(41.81,-128.335,-4.6E-02));
#7338 = VECTOR('',#7339,1.);
#7339 = DIRECTION('',(0.,0.,1.));
#7340 = ORIENTED_EDGE('',*,*,#3755,.F.);
#7341 = ORIENTED_EDGE('',*,*,#7335,.F.);
#7342 = CYLINDRICAL_SURFACE('',#7343,0.65);
#7343 = AXIS2_PLACEMENT_3D('',#7344,#7345,#7346);
#7344 = CARTESIAN_POINT('',(41.81,-127.685,-4.6E-02));
#7345 = DIRECTION('',(-0.,-0.,-1.));
#7346 = DIRECTION('',(-0.,-1.,0.));
#7347 = ADVANCED_FACE('',(#7348),#7359,.F.);
#7348 = FACE_BOUND('',#7349,.T.);
#7349 = EDGE_LOOP('',(#7350,#7351,#7357,#7358));
#7350 = ORIENTED_EDGE('',*,*,#218,.T.);
#7351 = ORIENTED_EDGE('',*,*,#7352,.T.);
#7352 = EDGE_CURVE('',#219,#3767,#7353,.T.);
#7353 = LINE('',#7354,#7355);
#7354 = CARTESIAN_POINT('',(41.81,-126.505,-4.6E-02));
#7355 = VECTOR('',#7356,1.);
#7356 = DIRECTION('',(0.,0.,1.));
#7357 = ORIENTED_EDGE('',*,*,#3766,.F.);
#7358 = ORIENTED_EDGE('',*,*,#7352,.F.);
#7359 = CYLINDRICAL_SURFACE('',#7360,0.65);
#7360 = AXIS2_PLACEMENT_3D('',#7361,#7362,#7363);
#7361 = CARTESIAN_POINT('',(41.81,-125.855,-4.6E-02));
#7362 = DIRECTION('',(-0.,-0.,-1.));
#7363 = DIRECTION('',(-0.,-1.,0.));
#7364 = ADVANCED_FACE('',(#7365),#7376,.F.);
#7365 = FACE_BOUND('',#7366,.T.);
#7366 = EDGE_LOOP('',(#7367,#7368,#7374,#7375));
#7367 = ORIENTED_EDGE('',*,*,#229,.T.);
#7368 = ORIENTED_EDGE('',*,*,#7369,.T.);
#7369 = EDGE_CURVE('',#230,#3778,#7370,.T.);
#7370 = LINE('',#7371,#7372);
#7371 = CARTESIAN_POINT('',(59.,-119.2,-3.6E-02));
#7372 = VECTOR('',#7373,1.);
#7373 = DIRECTION('',(0.,0.,1.));
#7374 = ORIENTED_EDGE('',*,*,#3777,.F.);
#7375 = ORIENTED_EDGE('',*,*,#7369,.F.);
#7376 = CYLINDRICAL_SURFACE('',#7377,0.2);
#7377 = AXIS2_PLACEMENT_3D('',#7378,#7379,#7380);
#7378 = CARTESIAN_POINT('',(59.,-119.,-3.6E-02));
#7379 = DIRECTION('',(-0.,-0.,-1.));
#7380 = DIRECTION('',(-0.,-1.,0.));
#7381 = ADVANCED_FACE('',(#7382),#7393,.F.);
#7382 = FACE_BOUND('',#7383,.T.);
#7383 = EDGE_LOOP('',(#7384,#7385,#7391,#7392));
#7384 = ORIENTED_EDGE('',*,*,#240,.T.);
#7385 = ORIENTED_EDGE('',*,*,#7386,.T.);
#7386 = EDGE_CURVE('',#241,#3789,#7387,.T.);
#7387 = LINE('',#7388,#7389);
#7388 = CARTESIAN_POINT('',(33.595,-113.122499,-3.6E-02));
#7389 = VECTOR('',#7390,1.);
#7390 = DIRECTION('',(0.,0.,1.));
#7391 = ORIENTED_EDGE('',*,*,#3788,.F.);
#7392 = ORIENTED_EDGE('',*,*,#7386,.F.);
#7393 = CYLINDRICAL_SURFACE('',#7394,0.25);
#7394 = AXIS2_PLACEMENT_3D('',#7395,#7396,#7397);
#7395 = CARTESIAN_POINT('',(33.595,-112.872499,-3.6E-02));
#7396 = DIRECTION('',(-0.,-0.,-1.));
#7397 = DIRECTION('',(-0.,-1.,0.));
#7398 = ADVANCED_FACE('',(#7399),#7410,.F.);
#7399 = FACE_BOUND('',#7400,.T.);
#7400 = EDGE_LOOP('',(#7401,#7402,#7408,#7409));
#7401 = ORIENTED_EDGE('',*,*,#251,.T.);
#7402 = ORIENTED_EDGE('',*,*,#7403,.T.);
#7403 = EDGE_CURVE('',#252,#3800,#7404,.T.);
#7404 = LINE('',#7405,#7406);
#7405 = CARTESIAN_POINT('',(70.19,-130.165,-4.6E-02));
#7406 = VECTOR('',#7407,1.);
#7407 = DIRECTION('',(0.,0.,1.));
#7408 = ORIENTED_EDGE('',*,*,#3799,.F.);
#7409 = ORIENTED_EDGE('',*,*,#7403,.F.);
#7410 = CYLINDRICAL_SURFACE('',#7411,0.65);
#7411 = AXIS2_PLACEMENT_3D('',#7412,#7413,#7414);
#7412 = CARTESIAN_POINT('',(70.19,-129.515,-4.6E-02));
#7413 = DIRECTION('',(-0.,-0.,-1.));
#7414 = DIRECTION('',(-0.,-1.,0.));
#7415 = ADVANCED_FACE('',(#7416),#7427,.F.);
#7416 = FACE_BOUND('',#7417,.T.);
#7417 = EDGE_LOOP('',(#7418,#7419,#7425,#7426));
#7418 = ORIENTED_EDGE('',*,*,#262,.T.);
#7419 = ORIENTED_EDGE('',*,*,#7420,.T.);
#7420 = EDGE_CURVE('',#263,#3811,#7421,.T.);
#7421 = LINE('',#7422,#7423);
#7422 = CARTESIAN_POINT('',(70.19,-128.335,-4.6E-02));
#7423 = VECTOR('',#7424,1.);
#7424 = DIRECTION('',(0.,0.,1.));
#7425 = ORIENTED_EDGE('',*,*,#3810,.F.);
#7426 = ORIENTED_EDGE('',*,*,#7420,.F.);
#7427 = CYLINDRICAL_SURFACE('',#7428,0.65);
#7428 = AXIS2_PLACEMENT_3D('',#7429,#7430,#7431);
#7429 = CARTESIAN_POINT('',(70.19,-127.685,-4.6E-02));
#7430 = DIRECTION('',(-0.,-0.,-1.));
#7431 = DIRECTION('',(-0.,-1.,0.));
#7432 = ADVANCED_FACE('',(#7433),#7444,.F.);
#7433 = FACE_BOUND('',#7434,.T.);
#7434 = EDGE_LOOP('',(#7435,#7436,#7442,#7443));
#7435 = ORIENTED_EDGE('',*,*,#273,.T.);
#7436 = ORIENTED_EDGE('',*,*,#7437,.T.);
#7437 = EDGE_CURVE('',#274,#3822,#7438,.T.);
#7438 = LINE('',#7439,#7440);
#7439 = CARTESIAN_POINT('',(70.19,-126.505,-4.6E-02));
#7440 = VECTOR('',#7441,1.);
#7441 = DIRECTION('',(0.,0.,1.));
#7442 = ORIENTED_EDGE('',*,*,#3821,.F.);
#7443 = ORIENTED_EDGE('',*,*,#7437,.F.);
#7444 = CYLINDRICAL_SURFACE('',#7445,0.65);
#7445 = AXIS2_PLACEMENT_3D('',#7446,#7447,#7448);
#7446 = CARTESIAN_POINT('',(70.19,-125.855,-4.6E-02));
#7447 = DIRECTION('',(-0.,-0.,-1.));
#7448 = DIRECTION('',(-0.,-1.,0.));
#7449 = ADVANCED_FACE('',(#7450),#7461,.F.);
#7450 = FACE_BOUND('',#7451,.T.);
#7451 = EDGE_LOOP('',(#7452,#7453,#7459,#7460));
#7452 = ORIENTED_EDGE('',*,*,#284,.T.);
#7453 = ORIENTED_EDGE('',*,*,#7454,.T.);
#7454 = EDGE_CURVE('',#285,#3833,#7455,.T.);
#7455 = LINE('',#7456,#7457);
#7456 = CARTESIAN_POINT('',(77.81,-130.165,-4.6E-02));
#7457 = VECTOR('',#7458,1.);
#7458 = DIRECTION('',(0.,0.,1.));
#7459 = ORIENTED_EDGE('',*,*,#3832,.F.);
#7460 = ORIENTED_EDGE('',*,*,#7454,.F.);
#7461 = CYLINDRICAL_SURFACE('',#7462,0.65);
#7462 = AXIS2_PLACEMENT_3D('',#7463,#7464,#7465);
#7463 = CARTESIAN_POINT('',(77.81,-129.515,-4.6E-02));
#7464 = DIRECTION('',(-0.,-0.,-1.));
#7465 = DIRECTION('',(-0.,-1.,0.));
#7466 = ADVANCED_FACE('',(#7467),#7478,.F.);
#7467 = FACE_BOUND('',#7468,.T.);
#7468 = EDGE_LOOP('',(#7469,#7470,#7476,#7477));
#7469 = ORIENTED_EDGE('',*,*,#295,.T.);
#7470 = ORIENTED_EDGE('',*,*,#7471,.T.);
#7471 = EDGE_CURVE('',#296,#3844,#7472,.T.);
#7472 = LINE('',#7473,#7474);
#7473 = CARTESIAN_POINT('',(77.81,-128.335,-4.6E-02));
#7474 = VECTOR('',#7475,1.);
#7475 = DIRECTION('',(0.,0.,1.));
#7476 = ORIENTED_EDGE('',*,*,#3843,.F.);
#7477 = ORIENTED_EDGE('',*,*,#7471,.F.);
#7478 = CYLINDRICAL_SURFACE('',#7479,0.65);
#7479 = AXIS2_PLACEMENT_3D('',#7480,#7481,#7482);
#7480 = CARTESIAN_POINT('',(77.81,-127.685,-4.6E-02));
#7481 = DIRECTION('',(-0.,-0.,-1.));
#7482 = DIRECTION('',(-0.,-1.,0.));
#7483 = ADVANCED_FACE('',(#7484),#7495,.F.);
#7484 = FACE_BOUND('',#7485,.T.);
#7485 = EDGE_LOOP('',(#7486,#7487,#7493,#7494));
#7486 = ORIENTED_EDGE('',*,*,#306,.T.);
#7487 = ORIENTED_EDGE('',*,*,#7488,.T.);
#7488 = EDGE_CURVE('',#307,#3855,#7489,.T.);
#7489 = LINE('',#7490,#7491);
#7490 = CARTESIAN_POINT('',(77.81,-126.505,-4.6E-02));
#7491 = VECTOR('',#7492,1.);
#7492 = DIRECTION('',(0.,0.,1.));
#7493 = ORIENTED_EDGE('',*,*,#3854,.F.);
#7494 = ORIENTED_EDGE('',*,*,#7488,.F.);
#7495 = CYLINDRICAL_SURFACE('',#7496,0.65);
#7496 = AXIS2_PLACEMENT_3D('',#7497,#7498,#7499);
#7497 = CARTESIAN_POINT('',(77.81,-125.855,-4.6E-02));
#7498 = DIRECTION('',(-0.,-0.,-1.));
#7499 = DIRECTION('',(-0.,-1.,0.));
#7500 = ADVANCED_FACE('',(#7501),#7512,.F.);
#7501 = FACE_BOUND('',#7502,.T.);
#7502 = EDGE_LOOP('',(#7503,#7504,#7510,#7511));
#7503 = ORIENTED_EDGE('',*,*,#317,.T.);
#7504 = ORIENTED_EDGE('',*,*,#7505,.T.);
#7505 = EDGE_CURVE('',#318,#3866,#7506,.T.);
#7506 = LINE('',#7507,#7508);
#7507 = CARTESIAN_POINT('',(106.19,-130.165,-4.6E-02));
#7508 = VECTOR('',#7509,1.);
#7509 = DIRECTION('',(0.,0.,1.));
#7510 = ORIENTED_EDGE('',*,*,#3865,.F.);
#7511 = ORIENTED_EDGE('',*,*,#7505,.F.);
#7512 = CYLINDRICAL_SURFACE('',#7513,0.65);
#7513 = AXIS2_PLACEMENT_3D('',#7514,#7515,#7516);
#7514 = CARTESIAN_POINT('',(106.19,-129.515,-4.6E-02));
#7515 = DIRECTION('',(-0.,-0.,-1.));
#7516 = DIRECTION('',(-0.,-1.,0.));
#7517 = ADVANCED_FACE('',(#7518),#7529,.F.);
#7518 = FACE_BOUND('',#7519,.T.);
#7519 = EDGE_LOOP('',(#7520,#7521,#7527,#7528));
#7520 = ORIENTED_EDGE('',*,*,#328,.T.);
#7521 = ORIENTED_EDGE('',*,*,#7522,.T.);
#7522 = EDGE_CURVE('',#329,#3877,#7523,.T.);
#7523 = LINE('',#7524,#7525);
#7524 = CARTESIAN_POINT('',(106.19,-128.335,-4.6E-02));
#7525 = VECTOR('',#7526,1.);
#7526 = DIRECTION('',(0.,0.,1.));
#7527 = ORIENTED_EDGE('',*,*,#3876,.F.);
#7528 = ORIENTED_EDGE('',*,*,#7522,.F.);
#7529 = CYLINDRICAL_SURFACE('',#7530,0.65);
#7530 = AXIS2_PLACEMENT_3D('',#7531,#7532,#7533);
#7531 = CARTESIAN_POINT('',(106.19,-127.685,-4.6E-02));
#7532 = DIRECTION('',(-0.,-0.,-1.));
#7533 = DIRECTION('',(-0.,-1.,0.));
#7534 = ADVANCED_FACE('',(#7535),#7546,.F.);
#7535 = FACE_BOUND('',#7536,.T.);
#7536 = EDGE_LOOP('',(#7537,#7538,#7544,#7545));
#7537 = ORIENTED_EDGE('',*,*,#339,.T.);
#7538 = ORIENTED_EDGE('',*,*,#7539,.T.);
#7539 = EDGE_CURVE('',#340,#3888,#7540,.T.);
#7540 = LINE('',#7541,#7542);
#7541 = CARTESIAN_POINT('',(106.19,-126.505,-4.6E-02));
#7542 = VECTOR('',#7543,1.);
#7543 = DIRECTION('',(0.,0.,1.));
#7544 = ORIENTED_EDGE('',*,*,#3887,.F.);
#7545 = ORIENTED_EDGE('',*,*,#7539,.F.);
#7546 = CYLINDRICAL_SURFACE('',#7547,0.65);
#7547 = AXIS2_PLACEMENT_3D('',#7548,#7549,#7550);
#7548 = CARTESIAN_POINT('',(106.19,-125.855,-4.6E-02));
#7549 = DIRECTION('',(-0.,-0.,-1.));
#7550 = DIRECTION('',(-0.,-1.,0.));
#7551 = ADVANCED_FACE('',(#7552),#7563,.F.);
#7552 = FACE_BOUND('',#7553,.T.);
#7553 = EDGE_LOOP('',(#7554,#7555,#7561,#7562));
#7554 = ORIENTED_EDGE('',*,*,#350,.T.);
#7555 = ORIENTED_EDGE('',*,*,#7556,.T.);
#7556 = EDGE_CURVE('',#351,#3899,#7557,.T.);
#7557 = LINE('',#7558,#7559);
#7558 = CARTESIAN_POINT('',(89.,-119.2,-3.6E-02));
#7559 = VECTOR('',#7560,1.);
#7560 = DIRECTION('',(0.,0.,1.));
#7561 = ORIENTED_EDGE('',*,*,#3898,.F.);
#7562 = ORIENTED_EDGE('',*,*,#7556,.F.);
#7563 = CYLINDRICAL_SURFACE('',#7564,0.2);
#7564 = AXIS2_PLACEMENT_3D('',#7565,#7566,#7567);
#7565 = CARTESIAN_POINT('',(89.,-119.,-3.6E-02));
#7566 = DIRECTION('',(-0.,-0.,-1.));
#7567 = DIRECTION('',(-0.,-1.,0.));
#7568 = ADVANCED_FACE('',(#7569),#7580,.F.);
#7569 = FACE_BOUND('',#7570,.T.);
#7570 = EDGE_LOOP('',(#7571,#7572,#7578,#7579));
#7571 = ORIENTED_EDGE('',*,*,#361,.T.);
#7572 = ORIENTED_EDGE('',*,*,#7573,.T.);
#7573 = EDGE_CURVE('',#362,#3910,#7574,.T.);
#7574 = LINE('',#7575,#7576);
#7575 = CARTESIAN_POINT('',(69.595,-113.122499,-3.6E-02));
#7576 = VECTOR('',#7577,1.);
#7577 = DIRECTION('',(0.,0.,1.));
#7578 = ORIENTED_EDGE('',*,*,#3909,.F.);
#7579 = ORIENTED_EDGE('',*,*,#7573,.F.);
#7580 = CYLINDRICAL_SURFACE('',#7581,0.25);
#7581 = AXIS2_PLACEMENT_3D('',#7582,#7583,#7584);
#7582 = CARTESIAN_POINT('',(69.595,-112.872499,-3.6E-02));
#7583 = DIRECTION('',(-0.,-0.,-1.));
#7584 = DIRECTION('',(-0.,-1.,0.));
#7585 = ADVANCED_FACE('',(#7586),#7597,.F.);
#7586 = FACE_BOUND('',#7587,.T.);
#7587 = EDGE_LOOP('',(#7588,#7589,#7595,#7596));
#7588 = ORIENTED_EDGE('',*,*,#372,.T.);
#7589 = ORIENTED_EDGE('',*,*,#7590,.T.);
#7590 = EDGE_CURVE('',#373,#3921,#7591,.T.);
#7591 = LINE('',#7592,#7593);
#7592 = CARTESIAN_POINT('',(105.595,-113.122499,-3.6E-02));
#7593 = VECTOR('',#7594,1.);
#7594 = DIRECTION('',(0.,0.,1.));
#7595 = ORIENTED_EDGE('',*,*,#3920,.F.);
#7596 = ORIENTED_EDGE('',*,*,#7590,.F.);
#7597 = CYLINDRICAL_SURFACE('',#7598,0.25);
#7598 = AXIS2_PLACEMENT_3D('',#7599,#7600,#7601);
#7599 = CARTESIAN_POINT('',(105.595,-112.872499,-3.6E-02));
#7600 = DIRECTION('',(-0.,-0.,-1.));
#7601 = DIRECTION('',(-0.,-1.,0.));
#7602 = ADVANCED_FACE('',(#7603),#7614,.F.);
#7603 = FACE_BOUND('',#7604,.T.);
#7604 = EDGE_LOOP('',(#7605,#7606,#7612,#7613));
#7605 = ORIENTED_EDGE('',*,*,#383,.T.);
#7606 = ORIENTED_EDGE('',*,*,#7607,.T.);
#7607 = EDGE_CURVE('',#384,#3932,#7608,.T.);
#7608 = LINE('',#7609,#7610);
#7609 = CARTESIAN_POINT('',(28.025,-103.2,-3.6E-02));
#7610 = VECTOR('',#7611,1.);
#7611 = DIRECTION('',(0.,0.,1.));
#7612 = ORIENTED_EDGE('',*,*,#3931,.F.);
#7613 = ORIENTED_EDGE('',*,*,#7607,.F.);
#7614 = CYLINDRICAL_SURFACE('',#7615,0.2);
#7615 = AXIS2_PLACEMENT_3D('',#7616,#7617,#7618);
#7616 = CARTESIAN_POINT('',(28.025,-103.,-3.6E-02));
#7617 = DIRECTION('',(-0.,-0.,-1.));
#7618 = DIRECTION('',(-0.,-1.,0.));
#7619 = ADVANCED_FACE('',(#7620),#7631,.F.);
#7620 = FACE_BOUND('',#7621,.T.);
#7621 = EDGE_LOOP('',(#7622,#7623,#7629,#7630));
#7622 = ORIENTED_EDGE('',*,*,#394,.T.);
#7623 = ORIENTED_EDGE('',*,*,#7624,.T.);
#7624 = EDGE_CURVE('',#395,#3943,#7625,.T.);
#7625 = LINE('',#7626,#7627);
#7626 = CARTESIAN_POINT('',(28.025,-96.2,-3.6E-02));
#7627 = VECTOR('',#7628,1.);
#7628 = DIRECTION('',(0.,0.,1.));
#7629 = ORIENTED_EDGE('',*,*,#3942,.F.);
#7630 = ORIENTED_EDGE('',*,*,#7624,.F.);
#7631 = CYLINDRICAL_SURFACE('',#7632,0.2);
#7632 = AXIS2_PLACEMENT_3D('',#7633,#7634,#7635);
#7633 = CARTESIAN_POINT('',(28.025,-96.,-3.6E-02));
#7634 = DIRECTION('',(-0.,-0.,-1.));
#7635 = DIRECTION('',(-0.,-1.,0.));
#7636 = ADVANCED_FACE('',(#7637),#7648,.F.);
#7637 = FACE_BOUND('',#7638,.T.);
#7638 = EDGE_LOOP('',(#7639,#7640,#7646,#7647));
#7639 = ORIENTED_EDGE('',*,*,#405,.T.);
#7640 = ORIENTED_EDGE('',*,*,#7641,.T.);
#7641 = EDGE_CURVE('',#406,#3954,#7642,.T.);
#7642 = LINE('',#7643,#7644);
#7643 = CARTESIAN_POINT('',(32.36,-93.55,-3.6E-02));
#7644 = VECTOR('',#7645,1.);
#7645 = DIRECTION('',(0.,0.,1.));
#7646 = ORIENTED_EDGE('',*,*,#3953,.F.);
#7647 = ORIENTED_EDGE('',*,*,#7641,.F.);
#7648 = CYLINDRICAL_SURFACE('',#7649,0.25);
#7649 = AXIS2_PLACEMENT_3D('',#7650,#7651,#7652);
#7650 = CARTESIAN_POINT('',(32.36,-93.3,-3.6E-02));
#7651 = DIRECTION('',(-0.,-0.,-1.));
#7652 = DIRECTION('',(-0.,-1.,0.));
#7653 = ADVANCED_FACE('',(#7654),#7665,.F.);
#7654 = FACE_BOUND('',#7655,.T.);
#7655 = EDGE_LOOP('',(#7656,#7657,#7663,#7664));
#7656 = ORIENTED_EDGE('',*,*,#416,.T.);
#7657 = ORIENTED_EDGE('',*,*,#7658,.T.);
#7658 = EDGE_CURVE('',#417,#3965,#7659,.T.);
#7659 = LINE('',#7660,#7661);
#7660 = CARTESIAN_POINT('',(33.64,-93.55,-3.6E-02));
#7661 = VECTOR('',#7662,1.);
#7662 = DIRECTION('',(0.,0.,1.));
#7663 = ORIENTED_EDGE('',*,*,#3964,.F.);
#7664 = ORIENTED_EDGE('',*,*,#7658,.F.);
#7665 = CYLINDRICAL_SURFACE('',#7666,0.25);
#7666 = AXIS2_PLACEMENT_3D('',#7667,#7668,#7669);
#7667 = CARTESIAN_POINT('',(33.64,-93.3,-3.6E-02));
#7668 = DIRECTION('',(-0.,-0.,-1.));
#7669 = DIRECTION('',(-0.,-1.,0.));
#7670 = ADVANCED_FACE('',(#7671),#7682,.F.);
#7671 = FACE_BOUND('',#7672,.T.);
#7672 = EDGE_LOOP('',(#7673,#7674,#7680,#7681));
#7673 = ORIENTED_EDGE('',*,*,#427,.T.);
#7674 = ORIENTED_EDGE('',*,*,#7675,.T.);
#7675 = EDGE_CURVE('',#428,#3976,#7676,.T.);
#7676 = LINE('',#7677,#7678);
#7677 = CARTESIAN_POINT('',(34.9,-93.55,-3.6E-02));
#7678 = VECTOR('',#7679,1.);
#7679 = DIRECTION('',(0.,0.,1.));
#7680 = ORIENTED_EDGE('',*,*,#3975,.F.);
#7681 = ORIENTED_EDGE('',*,*,#7675,.F.);
#7682 = CYLINDRICAL_SURFACE('',#7683,0.25);
#7683 = AXIS2_PLACEMENT_3D('',#7684,#7685,#7686);
#7684 = CARTESIAN_POINT('',(34.9,-93.3,-3.6E-02));
#7685 = DIRECTION('',(-0.,-0.,-1.));
#7686 = DIRECTION('',(-0.,-1.,0.));
#7687 = ADVANCED_FACE('',(#7688),#7699,.F.);
#7688 = FACE_BOUND('',#7689,.T.);
#7689 = EDGE_LOOP('',(#7690,#7691,#7697,#7698));
#7690 = ORIENTED_EDGE('',*,*,#438,.T.);
#7691 = ORIENTED_EDGE('',*,*,#7692,.T.);
#7692 = EDGE_CURVE('',#439,#3987,#7693,.T.);
#7693 = LINE('',#7694,#7695);
#7694 = CARTESIAN_POINT('',(59.,-104.2,-3.6E-02));
#7695 = VECTOR('',#7696,1.);
#7696 = DIRECTION('',(0.,0.,1.));
#7697 = ORIENTED_EDGE('',*,*,#3986,.F.);
#7698 = ORIENTED_EDGE('',*,*,#7692,.F.);
#7699 = CYLINDRICAL_SURFACE('',#7700,0.2);
#7700 = AXIS2_PLACEMENT_3D('',#7701,#7702,#7703);
#7701 = CARTESIAN_POINT('',(59.,-104.,-3.6E-02));
#7702 = DIRECTION('',(-0.,-0.,-1.));
#7703 = DIRECTION('',(-0.,-1.,0.));
#7704 = ADVANCED_FACE('',(#7705),#7716,.F.);
#7705 = FACE_BOUND('',#7706,.T.);
#7706 = EDGE_LOOP('',(#7707,#7708,#7714,#7715));
#7707 = ORIENTED_EDGE('',*,*,#449,.T.);
#7708 = ORIENTED_EDGE('',*,*,#7709,.T.);
#7709 = EDGE_CURVE('',#450,#3998,#7710,.T.);
#7710 = LINE('',#7711,#7712);
#7711 = CARTESIAN_POINT('',(64.025,-103.2,-3.6E-02));
#7712 = VECTOR('',#7713,1.);
#7713 = DIRECTION('',(0.,0.,1.));
#7714 = ORIENTED_EDGE('',*,*,#3997,.F.);
#7715 = ORIENTED_EDGE('',*,*,#7709,.F.);
#7716 = CYLINDRICAL_SURFACE('',#7717,0.2);
#7717 = AXIS2_PLACEMENT_3D('',#7718,#7719,#7720);
#7718 = CARTESIAN_POINT('',(64.025,-103.,-3.6E-02));
#7719 = DIRECTION('',(-0.,-0.,-1.));
#7720 = DIRECTION('',(-0.,-1.,0.));
#7721 = ADVANCED_FACE('',(#7722),#7733,.F.);
#7722 = FACE_BOUND('',#7723,.T.);
#7723 = EDGE_LOOP('',(#7724,#7725,#7731,#7732));
#7724 = ORIENTED_EDGE('',*,*,#460,.T.);
#7725 = ORIENTED_EDGE('',*,*,#7726,.T.);
#7726 = EDGE_CURVE('',#461,#4009,#7727,.T.);
#7727 = LINE('',#7728,#7729);
#7728 = CARTESIAN_POINT('',(64.025,-96.2,-3.6E-02));
#7729 = VECTOR('',#7730,1.);
#7730 = DIRECTION('',(0.,0.,1.));
#7731 = ORIENTED_EDGE('',*,*,#4008,.F.);
#7732 = ORIENTED_EDGE('',*,*,#7726,.F.);
#7733 = CYLINDRICAL_SURFACE('',#7734,0.2);
#7734 = AXIS2_PLACEMENT_3D('',#7735,#7736,#7737);
#7735 = CARTESIAN_POINT('',(64.025,-96.,-3.6E-02));
#7736 = DIRECTION('',(-0.,-0.,-1.));
#7737 = DIRECTION('',(-0.,-1.,0.));
#7738 = ADVANCED_FACE('',(#7739),#7750,.F.);
#7739 = FACE_BOUND('',#7740,.T.);
#7740 = EDGE_LOOP('',(#7741,#7742,#7748,#7749));
#7741 = ORIENTED_EDGE('',*,*,#471,.T.);
#7742 = ORIENTED_EDGE('',*,*,#7743,.T.);
#7743 = EDGE_CURVE('',#472,#4020,#7744,.T.);
#7744 = LINE('',#7745,#7746);
#7745 = CARTESIAN_POINT('',(31.6,-90.000011,-4.6E-02));
#7746 = VECTOR('',#7747,1.);
#7747 = DIRECTION('',(0.,0.,1.));
#7748 = ORIENTED_EDGE('',*,*,#4019,.F.);
#7749 = ORIENTED_EDGE('',*,*,#7743,.F.);
#7750 = CYLINDRICAL_SURFACE('',#7751,0.750011);
#7751 = AXIS2_PLACEMENT_3D('',#7752,#7753,#7754);
#7752 = CARTESIAN_POINT('',(31.6,-89.25,-4.6E-02));
#7753 = DIRECTION('',(-0.,-0.,-1.));
#7754 = DIRECTION('',(-0.,-1.,0.));
#7755 = ADVANCED_FACE('',(#7756),#7767,.F.);
#7756 = FACE_BOUND('',#7757,.T.);
#7757 = EDGE_LOOP('',(#7758,#7759,#7765,#7766));
#7758 = ORIENTED_EDGE('',*,*,#482,.T.);
#7759 = ORIENTED_EDGE('',*,*,#7760,.T.);
#7760 = EDGE_CURVE('',#483,#4031,#7761,.T.);
#7761 = LINE('',#7762,#7763);
#7762 = CARTESIAN_POINT('',(31.6,-87.500011,-4.6E-02));
#7763 = VECTOR('',#7764,1.);
#7764 = DIRECTION('',(0.,0.,1.));
#7765 = ORIENTED_EDGE('',*,*,#4030,.F.);
#7766 = ORIENTED_EDGE('',*,*,#7760,.F.);
#7767 = CYLINDRICAL_SURFACE('',#7768,0.750011);
#7768 = AXIS2_PLACEMENT_3D('',#7769,#7770,#7771);
#7769 = CARTESIAN_POINT('',(31.6,-86.75,-4.6E-02));
#7770 = DIRECTION('',(-0.,-0.,-1.));
#7771 = DIRECTION('',(-0.,-1.,0.));
#7772 = ADVANCED_FACE('',(#7773),#7784,.F.);
#7773 = FACE_BOUND('',#7774,.T.);
#7774 = EDGE_LOOP('',(#7775,#7776,#7782,#7783));
#7775 = ORIENTED_EDGE('',*,*,#493,.T.);
#7776 = ORIENTED_EDGE('',*,*,#7777,.T.);
#7777 = EDGE_CURVE('',#494,#4042,#7778,.T.);
#7778 = LINE('',#7779,#7780);
#7779 = CARTESIAN_POINT('',(35.1,-90.000011,-4.6E-02));
#7780 = VECTOR('',#7781,1.);
#7781 = DIRECTION('',(0.,0.,1.));
#7782 = ORIENTED_EDGE('',*,*,#4041,.F.);
#7783 = ORIENTED_EDGE('',*,*,#7777,.F.);
#7784 = CYLINDRICAL_SURFACE('',#7785,0.750011);
#7785 = AXIS2_PLACEMENT_3D('',#7786,#7787,#7788);
#7786 = CARTESIAN_POINT('',(35.1,-89.25,-4.6E-02));
#7787 = DIRECTION('',(-0.,-0.,-1.));
#7788 = DIRECTION('',(-0.,-1.,0.));
#7789 = ADVANCED_FACE('',(#7790),#7801,.F.);
#7790 = FACE_BOUND('',#7791,.T.);
#7791 = EDGE_LOOP('',(#7792,#7793,#7799,#7800));
#7792 = ORIENTED_EDGE('',*,*,#504,.T.);
#7793 = ORIENTED_EDGE('',*,*,#7794,.T.);
#7794 = EDGE_CURVE('',#505,#4053,#7795,.T.);
#7795 = LINE('',#7796,#7797);
#7796 = CARTESIAN_POINT('',(38.,-89.25,-4.6E-02));
#7797 = VECTOR('',#7798,1.);
#7798 = DIRECTION('',(0.,0.,1.));
#7799 = ORIENTED_EDGE('',*,*,#4052,.F.);
#7800 = ORIENTED_EDGE('',*,*,#7794,.F.);
#7801 = CYLINDRICAL_SURFACE('',#7802,1.25);
#7802 = AXIS2_PLACEMENT_3D('',#7803,#7804,#7805);
#7803 = CARTESIAN_POINT('',(38.,-88.,-4.6E-02));
#7804 = DIRECTION('',(-0.,-0.,-1.));
#7805 = DIRECTION('',(-0.,-1.,0.));
#7806 = ADVANCED_FACE('',(#7807),#7818,.F.);
#7807 = FACE_BOUND('',#7808,.T.);
#7808 = EDGE_LOOP('',(#7809,#7810,#7816,#7817));
#7809 = ORIENTED_EDGE('',*,*,#515,.T.);
#7810 = ORIENTED_EDGE('',*,*,#7811,.T.);
#7811 = EDGE_CURVE('',#516,#4064,#7812,.T.);
#7812 = LINE('',#7813,#7814);
#7813 = CARTESIAN_POINT('',(40.9,-90.000011,-4.6E-02));
#7814 = VECTOR('',#7815,1.);
#7815 = DIRECTION('',(0.,0.,1.));
#7816 = ORIENTED_EDGE('',*,*,#4063,.F.);
#7817 = ORIENTED_EDGE('',*,*,#7811,.F.);
#7818 = CYLINDRICAL_SURFACE('',#7819,0.750011);
#7819 = AXIS2_PLACEMENT_3D('',#7820,#7821,#7822);
#7820 = CARTESIAN_POINT('',(40.9,-89.25,-4.6E-02));
#7821 = DIRECTION('',(-0.,-0.,-1.));
#7822 = DIRECTION('',(-0.,-1.,0.));
#7823 = ADVANCED_FACE('',(#7824),#7835,.F.);
#7824 = FACE_BOUND('',#7825,.T.);
#7825 = EDGE_LOOP('',(#7826,#7827,#7833,#7834));
#7826 = ORIENTED_EDGE('',*,*,#526,.T.);
#7827 = ORIENTED_EDGE('',*,*,#7828,.T.);
#7828 = EDGE_CURVE('',#527,#4075,#7829,.T.);
#7829 = LINE('',#7830,#7831);
#7830 = CARTESIAN_POINT('',(35.1,-87.630011,-4.6E-02));
#7831 = VECTOR('',#7832,1.);
#7832 = DIRECTION('',(0.,0.,1.));
#7833 = ORIENTED_EDGE('',*,*,#4074,.F.);
#7834 = ORIENTED_EDGE('',*,*,#7828,.F.);
#7835 = CYLINDRICAL_SURFACE('',#7836,0.750011);
#7836 = AXIS2_PLACEMENT_3D('',#7837,#7838,#7839);
#7837 = CARTESIAN_POINT('',(35.1,-86.88,-4.6E-02));
#7838 = DIRECTION('',(-0.,-0.,-1.));
#7839 = DIRECTION('',(-0.,-1.,0.));
#7840 = ADVANCED_FACE('',(#7841),#7852,.F.);
#7841 = FACE_BOUND('',#7842,.T.);
#7842 = EDGE_LOOP('',(#7843,#7844,#7850,#7851));
#7843 = ORIENTED_EDGE('',*,*,#537,.T.);
#7844 = ORIENTED_EDGE('',*,*,#7845,.T.);
#7845 = EDGE_CURVE('',#538,#4086,#7846,.T.);
#7846 = LINE('',#7847,#7848);
#7847 = CARTESIAN_POINT('',(40.9,-87.500011,-4.6E-02));
#7848 = VECTOR('',#7849,1.);
#7849 = DIRECTION('',(0.,0.,1.));
#7850 = ORIENTED_EDGE('',*,*,#4085,.F.);
#7851 = ORIENTED_EDGE('',*,*,#7845,.F.);
#7852 = CYLINDRICAL_SURFACE('',#7853,0.750011);
#7853 = AXIS2_PLACEMENT_3D('',#7854,#7855,#7856);
#7854 = CARTESIAN_POINT('',(40.9,-86.75,-4.6E-02));
#7855 = DIRECTION('',(-0.,-0.,-1.));
#7856 = DIRECTION('',(-0.,-1.,0.));
#7857 = ADVANCED_FACE('',(#7858),#7869,.F.);
#7858 = FACE_BOUND('',#7859,.T.);
#7859 = EDGE_LOOP('',(#7860,#7861,#7867,#7868));
#7860 = ORIENTED_EDGE('',*,*,#548,.T.);
#7861 = ORIENTED_EDGE('',*,*,#7862,.T.);
#7862 = EDGE_CURVE('',#549,#4097,#7863,.T.);
#7863 = LINE('',#7864,#7865);
#7864 = CARTESIAN_POINT('',(44.4,-90.000011,-4.6E-02));
#7865 = VECTOR('',#7866,1.);
#7866 = DIRECTION('',(0.,0.,1.));
#7867 = ORIENTED_EDGE('',*,*,#4096,.F.);
#7868 = ORIENTED_EDGE('',*,*,#7862,.F.);
#7869 = CYLINDRICAL_SURFACE('',#7870,0.750011);
#7870 = AXIS2_PLACEMENT_3D('',#7871,#7872,#7873);
#7871 = CARTESIAN_POINT('',(44.4,-89.25,-4.6E-02));
#7872 = DIRECTION('',(-0.,-0.,-1.));
#7873 = DIRECTION('',(-0.,-1.,0.));
#7874 = ADVANCED_FACE('',(#7875),#7886,.F.);
#7875 = FACE_BOUND('',#7876,.T.);
#7876 = EDGE_LOOP('',(#7877,#7878,#7884,#7885));
#7877 = ORIENTED_EDGE('',*,*,#559,.T.);
#7878 = ORIENTED_EDGE('',*,*,#7879,.T.);
#7879 = EDGE_CURVE('',#560,#4108,#7880,.T.);
#7880 = LINE('',#7881,#7882);
#7881 = CARTESIAN_POINT('',(48.35,-88.2,-3.6E-02));
#7882 = VECTOR('',#7883,1.);
#7883 = DIRECTION('',(0.,0.,1.));
#7884 = ORIENTED_EDGE('',*,*,#4107,.F.);
#7885 = ORIENTED_EDGE('',*,*,#7879,.F.);
#7886 = CYLINDRICAL_SURFACE('',#7887,0.2);
#7887 = AXIS2_PLACEMENT_3D('',#7888,#7889,#7890);
#7888 = CARTESIAN_POINT('',(48.35,-88.,-3.6E-02));
#7889 = DIRECTION('',(-0.,0.,-1.));
#7890 = DIRECTION('',(3.5527136788E-14,-1.,-0.));
#7891 = ADVANCED_FACE('',(#7892),#7903,.F.);
#7892 = FACE_BOUND('',#7893,.T.);
#7893 = EDGE_LOOP('',(#7894,#7895,#7901,#7902));
#7894 = ORIENTED_EDGE('',*,*,#570,.T.);
#7895 = ORIENTED_EDGE('',*,*,#7896,.T.);
#7896 = EDGE_CURVE('',#571,#4119,#7897,.T.);
#7897 = LINE('',#7898,#7899);
#7898 = CARTESIAN_POINT('',(44.4,-87.500011,-4.6E-02));
#7899 = VECTOR('',#7900,1.);
#7900 = DIRECTION('',(0.,0.,1.));
#7901 = ORIENTED_EDGE('',*,*,#4118,.F.);
#7902 = ORIENTED_EDGE('',*,*,#7896,.F.);
#7903 = CYLINDRICAL_SURFACE('',#7904,0.750011);
#7904 = AXIS2_PLACEMENT_3D('',#7905,#7906,#7907);
#7905 = CARTESIAN_POINT('',(44.4,-86.75,-4.6E-02));
#7906 = DIRECTION('',(-0.,-0.,-1.));
#7907 = DIRECTION('',(-0.,-1.,0.));
#7908 = ADVANCED_FACE('',(#7909),#7920,.F.);
#7909 = FACE_BOUND('',#7910,.T.);
#7910 = EDGE_LOOP('',(#7911,#7912,#7918,#7919));
#7911 = ORIENTED_EDGE('',*,*,#581,.T.);
#7912 = ORIENTED_EDGE('',*,*,#7913,.T.);
#7913 = EDGE_CURVE('',#582,#4130,#7914,.T.);
#7914 = LINE('',#7915,#7916);
#7915 = CARTESIAN_POINT('',(54.65,-85.25,-3.6E-02));
#7916 = VECTOR('',#7917,1.);
#7917 = DIRECTION('',(0.,0.,1.));
#7918 = ORIENTED_EDGE('',*,*,#4129,.F.);
#7919 = ORIENTED_EDGE('',*,*,#7913,.F.);
#7920 = CYLINDRICAL_SURFACE('',#7921,0.25);
#7921 = AXIS2_PLACEMENT_3D('',#7922,#7923,#7924);
#7922 = CARTESIAN_POINT('',(54.65,-85.,-3.6E-02));
#7923 = DIRECTION('',(-0.,-0.,-1.));
#7924 = DIRECTION('',(-0.,-1.,0.));
#7925 = ADVANCED_FACE('',(#7926),#7937,.F.);
#7926 = FACE_BOUND('',#7927,.T.);
#7927 = EDGE_LOOP('',(#7928,#7929,#7935,#7936));
#7928 = ORIENTED_EDGE('',*,*,#592,.T.);
#7929 = ORIENTED_EDGE('',*,*,#7930,.T.);
#7930 = EDGE_CURVE('',#593,#4141,#7931,.T.);
#7931 = LINE('',#7932,#7933);
#7932 = CARTESIAN_POINT('',(59.,-89.2,-3.6E-02));
#7933 = VECTOR('',#7934,1.);
#7934 = DIRECTION('',(0.,0.,1.));
#7935 = ORIENTED_EDGE('',*,*,#4140,.F.);
#7936 = ORIENTED_EDGE('',*,*,#7930,.F.);
#7937 = CYLINDRICAL_SURFACE('',#7938,0.2);
#7938 = AXIS2_PLACEMENT_3D('',#7939,#7940,#7941);
#7939 = CARTESIAN_POINT('',(59.,-89.,-3.6E-02));
#7940 = DIRECTION('',(-0.,-0.,-1.));
#7941 = DIRECTION('',(-0.,-1.,0.));
#7942 = ADVANCED_FACE('',(#7943),#7954,.F.);
#7943 = FACE_BOUND('',#7944,.T.);
#7944 = EDGE_LOOP('',(#7945,#7946,#7952,#7953));
#7945 = ORIENTED_EDGE('',*,*,#603,.T.);
#7946 = ORIENTED_EDGE('',*,*,#7947,.T.);
#7947 = EDGE_CURVE('',#604,#4152,#7948,.T.);
#7948 = LINE('',#7949,#7950);
#7949 = CARTESIAN_POINT('',(47.975,-81.2,-3.6E-02));
#7950 = VECTOR('',#7951,1.);
#7951 = DIRECTION('',(0.,0.,1.));
#7952 = ORIENTED_EDGE('',*,*,#4151,.F.);
#7953 = ORIENTED_EDGE('',*,*,#7947,.F.);
#7954 = CYLINDRICAL_SURFACE('',#7955,0.2);
#7955 = AXIS2_PLACEMENT_3D('',#7956,#7957,#7958);
#7956 = CARTESIAN_POINT('',(47.975,-81.,-3.6E-02));
#7957 = DIRECTION('',(-0.,0.,-1.));
#7958 = DIRECTION('',(3.5527136788E-14,-1.,-0.));
#7959 = ADVANCED_FACE('',(#7960),#7971,.F.);
#7960 = FACE_BOUND('',#7961,.T.);
#7961 = EDGE_LOOP('',(#7962,#7963,#7969,#7970));
#7962 = ORIENTED_EDGE('',*,*,#614,.T.);
#7963 = ORIENTED_EDGE('',*,*,#7964,.T.);
#7964 = EDGE_CURVE('',#615,#4163,#7965,.T.);
#7965 = LINE('',#7966,#7967);
#7966 = CARTESIAN_POINT('',(60.675,-80.2,-3.6E-02));
#7967 = VECTOR('',#7968,1.);
#7968 = DIRECTION('',(0.,0.,1.));
#7969 = ORIENTED_EDGE('',*,*,#4162,.F.);
#7970 = ORIENTED_EDGE('',*,*,#7964,.F.);
#7971 = CYLINDRICAL_SURFACE('',#7972,0.2);
#7972 = AXIS2_PLACEMENT_3D('',#7973,#7974,#7975);
#7973 = CARTESIAN_POINT('',(60.675,-80.,-3.6E-02));
#7974 = DIRECTION('',(-0.,-0.,-1.));
#7975 = DIRECTION('',(-0.,-1.,0.));
#7976 = ADVANCED_FACE('',(#7977),#7988,.F.);
#7977 = FACE_BOUND('',#7978,.T.);
#7978 = EDGE_LOOP('',(#7979,#7980,#7986,#7987));
#7979 = ORIENTED_EDGE('',*,*,#625,.T.);
#7980 = ORIENTED_EDGE('',*,*,#7981,.T.);
#7981 = EDGE_CURVE('',#626,#4174,#7982,.T.);
#7982 = LINE('',#7983,#7984);
#7983 = CARTESIAN_POINT('',(68.36,-93.55,-3.6E-02));
#7984 = VECTOR('',#7985,1.);
#7985 = DIRECTION('',(0.,0.,1.));
#7986 = ORIENTED_EDGE('',*,*,#4173,.F.);
#7987 = ORIENTED_EDGE('',*,*,#7981,.F.);
#7988 = CYLINDRICAL_SURFACE('',#7989,0.25);
#7989 = AXIS2_PLACEMENT_3D('',#7990,#7991,#7992);
#7990 = CARTESIAN_POINT('',(68.36,-93.3,-3.6E-02));
#7991 = DIRECTION('',(-0.,-0.,-1.));
#7992 = DIRECTION('',(-0.,-1.,0.));
#7993 = ADVANCED_FACE('',(#7994),#8005,.F.);
#7994 = FACE_BOUND('',#7995,.T.);
#7995 = EDGE_LOOP('',(#7996,#7997,#8003,#8004));
#7996 = ORIENTED_EDGE('',*,*,#636,.T.);
#7997 = ORIENTED_EDGE('',*,*,#7998,.T.);
#7998 = EDGE_CURVE('',#637,#4185,#7999,.T.);
#7999 = LINE('',#8000,#8001);
#8000 = CARTESIAN_POINT('',(69.64,-93.55,-3.6E-02));
#8001 = VECTOR('',#8002,1.);
#8002 = DIRECTION('',(0.,0.,1.));
#8003 = ORIENTED_EDGE('',*,*,#4184,.F.);
#8004 = ORIENTED_EDGE('',*,*,#7998,.F.);
#8005 = CYLINDRICAL_SURFACE('',#8006,0.25);
#8006 = AXIS2_PLACEMENT_3D('',#8007,#8008,#8009);
#8007 = CARTESIAN_POINT('',(69.64,-93.3,-3.6E-02));
#8008 = DIRECTION('',(-0.,-0.,-1.));
#8009 = DIRECTION('',(-0.,-1.,0.));
#8010 = ADVANCED_FACE('',(#8011),#8022,.F.);
#8011 = FACE_BOUND('',#8012,.T.);
#8012 = EDGE_LOOP('',(#8013,#8014,#8020,#8021));
#8013 = ORIENTED_EDGE('',*,*,#647,.T.);
#8014 = ORIENTED_EDGE('',*,*,#8015,.T.);
#8015 = EDGE_CURVE('',#648,#4196,#8016,.T.);
#8016 = LINE('',#8017,#8018);
#8017 = CARTESIAN_POINT('',(70.9,-93.55,-3.6E-02));
#8018 = VECTOR('',#8019,1.);
#8019 = DIRECTION('',(0.,0.,1.));
#8020 = ORIENTED_EDGE('',*,*,#4195,.F.);
#8021 = ORIENTED_EDGE('',*,*,#8015,.F.);
#8022 = CYLINDRICAL_SURFACE('',#8023,0.25);
#8023 = AXIS2_PLACEMENT_3D('',#8024,#8025,#8026);
#8024 = CARTESIAN_POINT('',(70.9,-93.3,-3.6E-02));
#8025 = DIRECTION('',(-0.,-0.,-1.));
#8026 = DIRECTION('',(-0.,-1.,0.));
#8027 = ADVANCED_FACE('',(#8028),#8039,.F.);
#8028 = FACE_BOUND('',#8029,.T.);
#8029 = EDGE_LOOP('',(#8030,#8031,#8037,#8038));
#8030 = ORIENTED_EDGE('',*,*,#658,.T.);
#8031 = ORIENTED_EDGE('',*,*,#8032,.T.);
#8032 = EDGE_CURVE('',#659,#4207,#8033,.T.);
#8033 = LINE('',#8034,#8035);
#8034 = CARTESIAN_POINT('',(100.025,-103.2,-3.6E-02));
#8035 = VECTOR('',#8036,1.);
#8036 = DIRECTION('',(0.,0.,1.));
#8037 = ORIENTED_EDGE('',*,*,#4206,.F.);
#8038 = ORIENTED_EDGE('',*,*,#8032,.F.);
#8039 = CYLINDRICAL_SURFACE('',#8040,0.2);
#8040 = AXIS2_PLACEMENT_3D('',#8041,#8042,#8043);
#8041 = CARTESIAN_POINT('',(100.025,-103.,-3.6E-02));
#8042 = DIRECTION('',(-0.,-0.,-1.));
#8043 = DIRECTION('',(-0.,-1.,0.));
#8044 = ADVANCED_FACE('',(#8045),#8056,.F.);
#8045 = FACE_BOUND('',#8046,.T.);
#8046 = EDGE_LOOP('',(#8047,#8048,#8054,#8055));
#8047 = ORIENTED_EDGE('',*,*,#669,.T.);
#8048 = ORIENTED_EDGE('',*,*,#8049,.T.);
#8049 = EDGE_CURVE('',#670,#4218,#8050,.T.);
#8050 = LINE('',#8051,#8052);
#8051 = CARTESIAN_POINT('',(93.3528,-93.5887,-3.6E-02));
#8052 = VECTOR('',#8053,1.);
#8053 = DIRECTION('',(0.,0.,1.));
#8054 = ORIENTED_EDGE('',*,*,#4217,.F.);
#8055 = ORIENTED_EDGE('',*,*,#8049,.F.);
#8056 = CYLINDRICAL_SURFACE('',#8057,0.2);
#8057 = AXIS2_PLACEMENT_3D('',#8058,#8059,#8060);
#8058 = CARTESIAN_POINT('',(93.3528,-93.3887,-3.6E-02));
#8059 = DIRECTION('',(-0.,-0.,-1.));
#8060 = DIRECTION('',(-0.,-1.,0.));
#8061 = ADVANCED_FACE('',(#8062),#8073,.F.);
#8062 = FACE_BOUND('',#8063,.T.);
#8063 = EDGE_LOOP('',(#8064,#8065,#8071,#8072));
#8064 = ORIENTED_EDGE('',*,*,#680,.T.);
#8065 = ORIENTED_EDGE('',*,*,#8066,.T.);
#8066 = EDGE_CURVE('',#681,#4229,#8067,.T.);
#8067 = LINE('',#8068,#8069);
#8068 = CARTESIAN_POINT('',(100.025,-96.2,-3.6E-02));
#8069 = VECTOR('',#8070,1.);
#8070 = DIRECTION('',(0.,0.,1.));
#8071 = ORIENTED_EDGE('',*,*,#4228,.F.);
#8072 = ORIENTED_EDGE('',*,*,#8066,.F.);
#8073 = CYLINDRICAL_SURFACE('',#8074,0.2);
#8074 = AXIS2_PLACEMENT_3D('',#8075,#8076,#8077);
#8075 = CARTESIAN_POINT('',(100.025,-96.,-3.6E-02));
#8076 = DIRECTION('',(-0.,-0.,-1.));
#8077 = DIRECTION('',(-0.,-1.,0.));
#8078 = ADVANCED_FACE('',(#8079),#8090,.F.);
#8079 = FACE_BOUND('',#8080,.T.);
#8080 = EDGE_LOOP('',(#8081,#8082,#8088,#8089));
#8081 = ORIENTED_EDGE('',*,*,#691,.T.);
#8082 = ORIENTED_EDGE('',*,*,#8083,.T.);
#8083 = EDGE_CURVE('',#692,#4240,#8084,.T.);
#8084 = LINE('',#8085,#8086);
#8085 = CARTESIAN_POINT('',(104.36,-93.55,-3.6E-02));
#8086 = VECTOR('',#8087,1.);
#8087 = DIRECTION('',(0.,0.,1.));
#8088 = ORIENTED_EDGE('',*,*,#4239,.F.);
#8089 = ORIENTED_EDGE('',*,*,#8083,.F.);
#8090 = CYLINDRICAL_SURFACE('',#8091,0.25);
#8091 = AXIS2_PLACEMENT_3D('',#8092,#8093,#8094);
#8092 = CARTESIAN_POINT('',(104.36,-93.3,-3.6E-02));
#8093 = DIRECTION('',(-0.,-0.,-1.));
#8094 = DIRECTION('',(-0.,-1.,0.));
#8095 = ADVANCED_FACE('',(#8096),#8107,.F.);
#8096 = FACE_BOUND('',#8097,.T.);
#8097 = EDGE_LOOP('',(#8098,#8099,#8105,#8106));
#8098 = ORIENTED_EDGE('',*,*,#702,.T.);
#8099 = ORIENTED_EDGE('',*,*,#8100,.T.);
#8100 = EDGE_CURVE('',#703,#4251,#8101,.T.);
#8101 = LINE('',#8102,#8103);
#8102 = CARTESIAN_POINT('',(105.64,-93.55,-3.6E-02));
#8103 = VECTOR('',#8104,1.);
#8104 = DIRECTION('',(0.,0.,1.));
#8105 = ORIENTED_EDGE('',*,*,#4250,.F.);
#8106 = ORIENTED_EDGE('',*,*,#8100,.F.);
#8107 = CYLINDRICAL_SURFACE('',#8108,0.25);
#8108 = AXIS2_PLACEMENT_3D('',#8109,#8110,#8111);
#8109 = CARTESIAN_POINT('',(105.64,-93.3,-3.6E-02));
#8110 = DIRECTION('',(-0.,-0.,-1.));
#8111 = DIRECTION('',(-0.,-1.,0.));
#8112 = ADVANCED_FACE('',(#8113),#8124,.F.);
#8113 = FACE_BOUND('',#8114,.T.);
#8114 = EDGE_LOOP('',(#8115,#8116,#8122,#8123));
#8115 = ORIENTED_EDGE('',*,*,#713,.T.);
#8116 = ORIENTED_EDGE('',*,*,#8117,.T.);
#8117 = EDGE_CURVE('',#714,#4262,#8118,.T.);
#8118 = LINE('',#8119,#8120);
#8119 = CARTESIAN_POINT('',(106.9,-93.55,-3.6E-02));
#8120 = VECTOR('',#8121,1.);
#8121 = DIRECTION('',(0.,0.,1.));
#8122 = ORIENTED_EDGE('',*,*,#4261,.F.);
#8123 = ORIENTED_EDGE('',*,*,#8117,.F.);
#8124 = CYLINDRICAL_SURFACE('',#8125,0.25);
#8125 = AXIS2_PLACEMENT_3D('',#8126,#8127,#8128);
#8126 = CARTESIAN_POINT('',(106.9,-93.3,-3.6E-02));
#8127 = DIRECTION('',(-0.,-0.,-1.));
#8128 = DIRECTION('',(-0.,-1.,0.));
#8129 = ADVANCED_FACE('',(#8130),#8141,.F.);
#8130 = FACE_BOUND('',#8131,.T.);
#8131 = EDGE_LOOP('',(#8132,#8133,#8139,#8140));
#8132 = ORIENTED_EDGE('',*,*,#724,.T.);
#8133 = ORIENTED_EDGE('',*,*,#8134,.T.);
#8134 = EDGE_CURVE('',#725,#4273,#8135,.T.);
#8135 = LINE('',#8136,#8137);
#8136 = CARTESIAN_POINT('',(67.6,-90.000011,-4.6E-02));
#8137 = VECTOR('',#8138,1.);
#8138 = DIRECTION('',(0.,0.,1.));
#8139 = ORIENTED_EDGE('',*,*,#4272,.F.);
#8140 = ORIENTED_EDGE('',*,*,#8134,.F.);
#8141 = CYLINDRICAL_SURFACE('',#8142,0.750011);
#8142 = AXIS2_PLACEMENT_3D('',#8143,#8144,#8145);
#8143 = CARTESIAN_POINT('',(67.6,-89.25,-4.6E-02));
#8144 = DIRECTION('',(-0.,-0.,-1.));
#8145 = DIRECTION('',(-0.,-1.,0.));
#8146 = ADVANCED_FACE('',(#8147),#8158,.F.);
#8147 = FACE_BOUND('',#8148,.T.);
#8148 = EDGE_LOOP('',(#8149,#8150,#8156,#8157));
#8149 = ORIENTED_EDGE('',*,*,#735,.T.);
#8150 = ORIENTED_EDGE('',*,*,#8151,.T.);
#8151 = EDGE_CURVE('',#736,#4284,#8152,.T.);
#8152 = LINE('',#8153,#8154);
#8153 = CARTESIAN_POINT('',(71.1,-90.000011,-4.6E-02));
#8154 = VECTOR('',#8155,1.);
#8155 = DIRECTION('',(0.,0.,1.));
#8156 = ORIENTED_EDGE('',*,*,#4283,.F.);
#8157 = ORIENTED_EDGE('',*,*,#8151,.F.);
#8158 = CYLINDRICAL_SURFACE('',#8159,0.750011);
#8159 = AXIS2_PLACEMENT_3D('',#8160,#8161,#8162);
#8160 = CARTESIAN_POINT('',(71.1,-89.25,-4.6E-02));
#8161 = DIRECTION('',(-0.,-0.,-1.));
#8162 = DIRECTION('',(-0.,-1.,0.));
#8163 = ADVANCED_FACE('',(#8164),#8175,.F.);
#8164 = FACE_BOUND('',#8165,.T.);
#8165 = EDGE_LOOP('',(#8166,#8167,#8173,#8174));
#8166 = ORIENTED_EDGE('',*,*,#746,.T.);
#8167 = ORIENTED_EDGE('',*,*,#8168,.T.);
#8168 = EDGE_CURVE('',#747,#4295,#8169,.T.);
#8169 = LINE('',#8170,#8171);
#8170 = CARTESIAN_POINT('',(74.,-89.25,-4.6E-02));
#8171 = VECTOR('',#8172,1.);
#8172 = DIRECTION('',(0.,0.,1.));
#8173 = ORIENTED_EDGE('',*,*,#4294,.F.);
#8174 = ORIENTED_EDGE('',*,*,#8168,.F.);
#8175 = CYLINDRICAL_SURFACE('',#8176,1.25);
#8176 = AXIS2_PLACEMENT_3D('',#8177,#8178,#8179);
#8177 = CARTESIAN_POINT('',(74.,-88.,-4.6E-02));
#8178 = DIRECTION('',(-0.,-0.,-1.));
#8179 = DIRECTION('',(-0.,-1.,0.));
#8180 = ADVANCED_FACE('',(#8181),#8192,.F.);
#8181 = FACE_BOUND('',#8182,.T.);
#8182 = EDGE_LOOP('',(#8183,#8184,#8190,#8191));
#8183 = ORIENTED_EDGE('',*,*,#757,.T.);
#8184 = ORIENTED_EDGE('',*,*,#8185,.T.);
#8185 = EDGE_CURVE('',#758,#4306,#8186,.T.);
#8186 = LINE('',#8187,#8188);
#8187 = CARTESIAN_POINT('',(76.9,-90.000011,-4.6E-02));
#8188 = VECTOR('',#8189,1.);
#8189 = DIRECTION('',(0.,0.,1.));
#8190 = ORIENTED_EDGE('',*,*,#4305,.F.);
#8191 = ORIENTED_EDGE('',*,*,#8185,.F.);
#8192 = CYLINDRICAL_SURFACE('',#8193,0.750011);
#8193 = AXIS2_PLACEMENT_3D('',#8194,#8195,#8196);
#8194 = CARTESIAN_POINT('',(76.9,-89.25,-4.6E-02));
#8195 = DIRECTION('',(-0.,-0.,-1.));
#8196 = DIRECTION('',(-0.,-1.,0.));
#8197 = ADVANCED_FACE('',(#8198),#8209,.F.);
#8198 = FACE_BOUND('',#8199,.T.);
#8199 = EDGE_LOOP('',(#8200,#8201,#8207,#8208));
#8200 = ORIENTED_EDGE('',*,*,#768,.T.);
#8201 = ORIENTED_EDGE('',*,*,#8202,.T.);
#8202 = EDGE_CURVE('',#769,#4317,#8203,.T.);
#8203 = LINE('',#8204,#8205);
#8204 = CARTESIAN_POINT('',(67.6,-87.500011,-4.6E-02));
#8205 = VECTOR('',#8206,1.);
#8206 = DIRECTION('',(0.,0.,1.));
#8207 = ORIENTED_EDGE('',*,*,#4316,.F.);
#8208 = ORIENTED_EDGE('',*,*,#8202,.F.);
#8209 = CYLINDRICAL_SURFACE('',#8210,0.750011);
#8210 = AXIS2_PLACEMENT_3D('',#8211,#8212,#8213);
#8211 = CARTESIAN_POINT('',(67.6,-86.75,-4.6E-02));
#8212 = DIRECTION('',(-0.,-0.,-1.));
#8213 = DIRECTION('',(-0.,-1.,0.));
#8214 = ADVANCED_FACE('',(#8215),#8226,.F.);
#8215 = FACE_BOUND('',#8216,.T.);
#8216 = EDGE_LOOP('',(#8217,#8218,#8224,#8225));
#8217 = ORIENTED_EDGE('',*,*,#779,.T.);
#8218 = ORIENTED_EDGE('',*,*,#8219,.T.);
#8219 = EDGE_CURVE('',#780,#4328,#8220,.T.);
#8220 = LINE('',#8221,#8222);
#8221 = CARTESIAN_POINT('',(71.1,-87.630011,-4.6E-02));
#8222 = VECTOR('',#8223,1.);
#8223 = DIRECTION('',(0.,0.,1.));
#8224 = ORIENTED_EDGE('',*,*,#4327,.F.);
#8225 = ORIENTED_EDGE('',*,*,#8219,.F.);
#8226 = CYLINDRICAL_SURFACE('',#8227,0.750011);
#8227 = AXIS2_PLACEMENT_3D('',#8228,#8229,#8230);
#8228 = CARTESIAN_POINT('',(71.1,-86.88,-4.6E-02));
#8229 = DIRECTION('',(-0.,-0.,-1.));
#8230 = DIRECTION('',(-0.,-1.,0.));
#8231 = ADVANCED_FACE('',(#8232),#8243,.F.);
#8232 = FACE_BOUND('',#8233,.T.);
#8233 = EDGE_LOOP('',(#8234,#8235,#8241,#8242));
#8234 = ORIENTED_EDGE('',*,*,#790,.T.);
#8235 = ORIENTED_EDGE('',*,*,#8236,.T.);
#8236 = EDGE_CURVE('',#791,#4339,#8237,.T.);
#8237 = LINE('',#8238,#8239);
#8238 = CARTESIAN_POINT('',(76.9,-87.500011,-4.6E-02));
#8239 = VECTOR('',#8240,1.);
#8240 = DIRECTION('',(0.,0.,1.));
#8241 = ORIENTED_EDGE('',*,*,#4338,.F.);
#8242 = ORIENTED_EDGE('',*,*,#8236,.F.);
#8243 = CYLINDRICAL_SURFACE('',#8244,0.750011);
#8244 = AXIS2_PLACEMENT_3D('',#8245,#8246,#8247);
#8245 = CARTESIAN_POINT('',(76.9,-86.75,-4.6E-02));
#8246 = DIRECTION('',(-0.,-0.,-1.));
#8247 = DIRECTION('',(-0.,-1.,0.));
#8248 = ADVANCED_FACE('',(#8249),#8260,.F.);
#8249 = FACE_BOUND('',#8250,.T.);
#8250 = EDGE_LOOP('',(#8251,#8252,#8258,#8259));
#8251 = ORIENTED_EDGE('',*,*,#801,.T.);
#8252 = ORIENTED_EDGE('',*,*,#8253,.T.);
#8253 = EDGE_CURVE('',#802,#4350,#8254,.T.);
#8254 = LINE('',#8255,#8256);
#8255 = CARTESIAN_POINT('',(80.4,-90.000011,-4.6E-02));
#8256 = VECTOR('',#8257,1.);
#8257 = DIRECTION('',(0.,0.,1.));
#8258 = ORIENTED_EDGE('',*,*,#4349,.F.);
#8259 = ORIENTED_EDGE('',*,*,#8253,.F.);
#8260 = CYLINDRICAL_SURFACE('',#8261,0.750011);
#8261 = AXIS2_PLACEMENT_3D('',#8262,#8263,#8264);
#8262 = CARTESIAN_POINT('',(80.4,-89.25,-4.6E-02));
#8263 = DIRECTION('',(-0.,-0.,-1.));
#8264 = DIRECTION('',(-0.,-1.,0.));
#8265 = ADVANCED_FACE('',(#8266),#8277,.F.);
#8266 = FACE_BOUND('',#8267,.T.);
#8267 = EDGE_LOOP('',(#8268,#8269,#8275,#8276));
#8268 = ORIENTED_EDGE('',*,*,#812,.T.);
#8269 = ORIENTED_EDGE('',*,*,#8270,.T.);
#8270 = EDGE_CURVE('',#813,#4361,#8271,.T.);
#8271 = LINE('',#8272,#8273);
#8272 = CARTESIAN_POINT('',(84.35,-88.2,-3.6E-02));
#8273 = VECTOR('',#8274,1.);
#8274 = DIRECTION('',(0.,0.,1.));
#8275 = ORIENTED_EDGE('',*,*,#4360,.F.);
#8276 = ORIENTED_EDGE('',*,*,#8270,.F.);
#8277 = CYLINDRICAL_SURFACE('',#8278,0.2);
#8278 = AXIS2_PLACEMENT_3D('',#8279,#8280,#8281);
#8279 = CARTESIAN_POINT('',(84.35,-88.,-3.6E-02));
#8280 = DIRECTION('',(-0.,-0.,-1.));
#8281 = DIRECTION('',(-0.,-1.,0.));
#8282 = ADVANCED_FACE('',(#8283),#8294,.F.);
#8283 = FACE_BOUND('',#8284,.T.);
#8284 = EDGE_LOOP('',(#8285,#8286,#8292,#8293));
#8285 = ORIENTED_EDGE('',*,*,#823,.T.);
#8286 = ORIENTED_EDGE('',*,*,#8287,.T.);
#8287 = EDGE_CURVE('',#824,#4372,#8288,.T.);
#8288 = LINE('',#8289,#8290);
#8289 = CARTESIAN_POINT('',(80.4,-87.500011,-4.6E-02));
#8290 = VECTOR('',#8291,1.);
#8291 = DIRECTION('',(0.,0.,1.));
#8292 = ORIENTED_EDGE('',*,*,#4371,.F.);
#8293 = ORIENTED_EDGE('',*,*,#8287,.F.);
#8294 = CYLINDRICAL_SURFACE('',#8295,0.750011);
#8295 = AXIS2_PLACEMENT_3D('',#8296,#8297,#8298);
#8296 = CARTESIAN_POINT('',(80.4,-86.75,-4.6E-02));
#8297 = DIRECTION('',(-0.,-0.,-1.));
#8298 = DIRECTION('',(-0.,-1.,0.));
#8299 = ADVANCED_FACE('',(#8300),#8311,.F.);
#8300 = FACE_BOUND('',#8301,.T.);
#8301 = EDGE_LOOP('',(#8302,#8303,#8309,#8310));
#8302 = ORIENTED_EDGE('',*,*,#834,.T.);
#8303 = ORIENTED_EDGE('',*,*,#8304,.T.);
#8304 = EDGE_CURVE('',#835,#4383,#8305,.T.);
#8305 = LINE('',#8306,#8307);
#8306 = CARTESIAN_POINT('',(72.675,-80.2,-3.6E-02));
#8307 = VECTOR('',#8308,1.);
#8308 = DIRECTION('',(0.,0.,1.));
#8309 = ORIENTED_EDGE('',*,*,#4382,.F.);
#8310 = ORIENTED_EDGE('',*,*,#8304,.F.);
#8311 = CYLINDRICAL_SURFACE('',#8312,0.2);
#8312 = AXIS2_PLACEMENT_3D('',#8313,#8314,#8315);
#8313 = CARTESIAN_POINT('',(72.675,-80.,-3.6E-02));
#8314 = DIRECTION('',(-0.,-0.,-1.));
#8315 = DIRECTION('',(-0.,-1.,0.));
#8316 = ADVANCED_FACE('',(#8317),#8328,.F.);
#8317 = FACE_BOUND('',#8318,.T.);
#8318 = EDGE_LOOP('',(#8319,#8320,#8326,#8327));
#8319 = ORIENTED_EDGE('',*,*,#845,.T.);
#8320 = ORIENTED_EDGE('',*,*,#8321,.T.);
#8321 = EDGE_CURVE('',#846,#4394,#8322,.T.);
#8322 = LINE('',#8323,#8324);
#8323 = CARTESIAN_POINT('',(87.5413,-84.5168,-3.6E-02));
#8324 = VECTOR('',#8325,1.);
#8325 = DIRECTION('',(0.,0.,1.));
#8326 = ORIENTED_EDGE('',*,*,#4393,.F.);
#8327 = ORIENTED_EDGE('',*,*,#8321,.F.);
#8328 = CYLINDRICAL_SURFACE('',#8329,0.2);
#8329 = AXIS2_PLACEMENT_3D('',#8330,#8331,#8332);
#8330 = CARTESIAN_POINT('',(87.5413,-84.3168,-3.6E-02));
#8331 = DIRECTION('',(-0.,-0.,-1.));
#8332 = DIRECTION('',(-0.,-1.,0.));
#8333 = ADVANCED_FACE('',(#8334),#8345,.F.);
#8334 = FACE_BOUND('',#8335,.T.);
#8335 = EDGE_LOOP('',(#8336,#8337,#8343,#8344));
#8336 = ORIENTED_EDGE('',*,*,#856,.T.);
#8337 = ORIENTED_EDGE('',*,*,#8338,.T.);
#8338 = EDGE_CURVE('',#857,#4405,#8339,.T.);
#8339 = LINE('',#8340,#8341);
#8340 = CARTESIAN_POINT('',(83.675,-80.2,-3.6E-02));
#8341 = VECTOR('',#8342,1.);
#8342 = DIRECTION('',(0.,0.,1.));
#8343 = ORIENTED_EDGE('',*,*,#4404,.F.);
#8344 = ORIENTED_EDGE('',*,*,#8338,.F.);
#8345 = CYLINDRICAL_SURFACE('',#8346,0.2);
#8346 = AXIS2_PLACEMENT_3D('',#8347,#8348,#8349);
#8347 = CARTESIAN_POINT('',(83.675,-80.,-3.6E-02));
#8348 = DIRECTION('',(-0.,-0.,-1.));
#8349 = DIRECTION('',(-0.,-1.,0.));
#8350 = ADVANCED_FACE('',(#8351),#8362,.F.);
#8351 = FACE_BOUND('',#8352,.T.);
#8352 = EDGE_LOOP('',(#8353,#8354,#8360,#8361));
#8353 = ORIENTED_EDGE('',*,*,#867,.T.);
#8354 = ORIENTED_EDGE('',*,*,#8355,.T.);
#8355 = EDGE_CURVE('',#868,#4416,#8356,.T.);
#8356 = LINE('',#8357,#8358);
#8357 = CARTESIAN_POINT('',(90.65,-85.25,-3.6E-02));
#8358 = VECTOR('',#8359,1.);
#8359 = DIRECTION('',(0.,0.,1.));
#8360 = ORIENTED_EDGE('',*,*,#4415,.F.);
#8361 = ORIENTED_EDGE('',*,*,#8355,.F.);
#8362 = CYLINDRICAL_SURFACE('',#8363,0.25);
#8363 = AXIS2_PLACEMENT_3D('',#8364,#8365,#8366);
#8364 = CARTESIAN_POINT('',(90.65,-85.,-3.6E-02));
#8365 = DIRECTION('',(-0.,-0.,-1.));
#8366 = DIRECTION('',(-0.,-1.,0.));
#8367 = ADVANCED_FACE('',(#8368),#8379,.F.);
#8368 = FACE_BOUND('',#8369,.T.);
#8369 = EDGE_LOOP('',(#8370,#8371,#8377,#8378));
#8370 = ORIENTED_EDGE('',*,*,#878,.T.);
#8371 = ORIENTED_EDGE('',*,*,#8372,.T.);
#8372 = EDGE_CURVE('',#879,#4427,#8373,.T.);
#8373 = LINE('',#8374,#8375);
#8374 = CARTESIAN_POINT('',(103.6,-90.000011,-4.6E-02));
#8375 = VECTOR('',#8376,1.);
#8376 = DIRECTION('',(0.,0.,1.));
#8377 = ORIENTED_EDGE('',*,*,#4426,.F.);
#8378 = ORIENTED_EDGE('',*,*,#8372,.F.);
#8379 = CYLINDRICAL_SURFACE('',#8380,0.750011);
#8380 = AXIS2_PLACEMENT_3D('',#8381,#8382,#8383);
#8381 = CARTESIAN_POINT('',(103.6,-89.25,-4.6E-02));
#8382 = DIRECTION('',(-0.,-0.,-1.));
#8383 = DIRECTION('',(-0.,-1.,0.));
#8384 = ADVANCED_FACE('',(#8385),#8396,.F.);
#8385 = FACE_BOUND('',#8386,.T.);
#8386 = EDGE_LOOP('',(#8387,#8388,#8394,#8395));
#8387 = ORIENTED_EDGE('',*,*,#889,.T.);
#8388 = ORIENTED_EDGE('',*,*,#8389,.T.);
#8389 = EDGE_CURVE('',#890,#4438,#8390,.T.);
#8390 = LINE('',#8391,#8392);
#8391 = CARTESIAN_POINT('',(107.1,-90.000011,-4.6E-02));
#8392 = VECTOR('',#8393,1.);
#8393 = DIRECTION('',(0.,0.,1.));
#8394 = ORIENTED_EDGE('',*,*,#4437,.F.);
#8395 = ORIENTED_EDGE('',*,*,#8389,.F.);
#8396 = CYLINDRICAL_SURFACE('',#8397,0.750011);
#8397 = AXIS2_PLACEMENT_3D('',#8398,#8399,#8400);
#8398 = CARTESIAN_POINT('',(107.1,-89.25,-4.6E-02));
#8399 = DIRECTION('',(-0.,-0.,-1.));
#8400 = DIRECTION('',(-0.,-1.,0.));
#8401 = ADVANCED_FACE('',(#8402),#8413,.F.);
#8402 = FACE_BOUND('',#8403,.T.);
#8403 = EDGE_LOOP('',(#8404,#8405,#8411,#8412));
#8404 = ORIENTED_EDGE('',*,*,#900,.T.);
#8405 = ORIENTED_EDGE('',*,*,#8406,.T.);
#8406 = EDGE_CURVE('',#901,#4449,#8407,.T.);
#8407 = LINE('',#8408,#8409);
#8408 = CARTESIAN_POINT('',(103.6,-87.500011,-4.6E-02));
#8409 = VECTOR('',#8410,1.);
#8410 = DIRECTION('',(0.,0.,1.));
#8411 = ORIENTED_EDGE('',*,*,#4448,.F.);
#8412 = ORIENTED_EDGE('',*,*,#8406,.F.);
#8413 = CYLINDRICAL_SURFACE('',#8414,0.750011);
#8414 = AXIS2_PLACEMENT_3D('',#8415,#8416,#8417);
#8415 = CARTESIAN_POINT('',(103.6,-86.75,-4.6E-02));
#8416 = DIRECTION('',(-0.,-0.,-1.));
#8417 = DIRECTION('',(-0.,-1.,0.));
#8418 = ADVANCED_FACE('',(#8419),#8430,.F.);
#8419 = FACE_BOUND('',#8420,.T.);
#8420 = EDGE_LOOP('',(#8421,#8422,#8428,#8429));
#8421 = ORIENTED_EDGE('',*,*,#911,.T.);
#8422 = ORIENTED_EDGE('',*,*,#8423,.T.);
#8423 = EDGE_CURVE('',#912,#4460,#8424,.T.);
#8424 = LINE('',#8425,#8426);
#8425 = CARTESIAN_POINT('',(107.1,-87.630011,-4.6E-02));
#8426 = VECTOR('',#8427,1.);
#8427 = DIRECTION('',(0.,0.,1.));
#8428 = ORIENTED_EDGE('',*,*,#4459,.F.);
#8429 = ORIENTED_EDGE('',*,*,#8423,.F.);
#8430 = CYLINDRICAL_SURFACE('',#8431,0.750011);
#8431 = AXIS2_PLACEMENT_3D('',#8432,#8433,#8434);
#8432 = CARTESIAN_POINT('',(107.1,-86.88,-4.6E-02));
#8433 = DIRECTION('',(-0.,-0.,-1.));
#8434 = DIRECTION('',(-0.,-1.,0.));
#8435 = ADVANCED_FACE('',(#8436),#8447,.F.);
#8436 = FACE_BOUND('',#8437,.T.);
#8437 = EDGE_LOOP('',(#8438,#8439,#8445,#8446));
#8438 = ORIENTED_EDGE('',*,*,#922,.T.);
#8439 = ORIENTED_EDGE('',*,*,#8440,.T.);
#8440 = EDGE_CURVE('',#923,#4471,#8441,.T.);
#8441 = LINE('',#8442,#8443);
#8442 = CARTESIAN_POINT('',(90.675,-80.2,-3.6E-02));
#8443 = VECTOR('',#8444,1.);
#8444 = DIRECTION('',(0.,0.,1.));
#8445 = ORIENTED_EDGE('',*,*,#4470,.F.);
#8446 = ORIENTED_EDGE('',*,*,#8440,.F.);
#8447 = CYLINDRICAL_SURFACE('',#8448,0.2);
#8448 = AXIS2_PLACEMENT_3D('',#8449,#8450,#8451);
#8449 = CARTESIAN_POINT('',(90.675,-80.,-3.6E-02));
#8450 = DIRECTION('',(-0.,-0.,-1.));
#8451 = DIRECTION('',(-0.,-1.,0.));
#8452 = ADVANCED_FACE('',(#8453),#8464,.F.);
#8453 = FACE_BOUND('',#8454,.T.);
#8454 = EDGE_LOOP('',(#8455,#8456,#8462,#8463));
#8455 = ORIENTED_EDGE('',*,*,#933,.T.);
#8456 = ORIENTED_EDGE('',*,*,#8457,.T.);
#8457 = EDGE_CURVE('',#934,#4482,#8458,.T.);
#8458 = LINE('',#8459,#8460);
#8459 = CARTESIAN_POINT('',(108.0415,-82.9181,-3.6E-02));
#8460 = VECTOR('',#8461,1.);
#8461 = DIRECTION('',(0.,0.,1.));
#8462 = ORIENTED_EDGE('',*,*,#4481,.F.);
#8463 = ORIENTED_EDGE('',*,*,#8457,.F.);
#8464 = CYLINDRICAL_SURFACE('',#8465,0.2);
#8465 = AXIS2_PLACEMENT_3D('',#8466,#8467,#8468);
#8466 = CARTESIAN_POINT('',(108.0415,-82.7181,-3.6E-02));
#8467 = DIRECTION('',(-0.,-0.,-1.));
#8468 = DIRECTION('',(-0.,-1.,0.));
#8469 = ADVANCED_FACE('',(#8470),#8481,.F.);
#8470 = FACE_BOUND('',#8471,.T.);
#8471 = EDGE_LOOP('',(#8472,#8473,#8479,#8480));
#8472 = ORIENTED_EDGE('',*,*,#944,.T.);
#8473 = ORIENTED_EDGE('',*,*,#8474,.T.);
#8474 = EDGE_CURVE('',#945,#4493,#8475,.T.);
#8475 = LINE('',#8476,#8477);
#8476 = CARTESIAN_POINT('',(113.81,-130.165,-4.6E-02));
#8477 = VECTOR('',#8478,1.);
#8478 = DIRECTION('',(0.,0.,1.));
#8479 = ORIENTED_EDGE('',*,*,#4492,.F.);
#8480 = ORIENTED_EDGE('',*,*,#8474,.F.);
#8481 = CYLINDRICAL_SURFACE('',#8482,0.65);
#8482 = AXIS2_PLACEMENT_3D('',#8483,#8484,#8485);
#8483 = CARTESIAN_POINT('',(113.81,-129.515,-4.6E-02));
#8484 = DIRECTION('',(-0.,-0.,-1.));
#8485 = DIRECTION('',(-0.,-1.,0.));
#8486 = ADVANCED_FACE('',(#8487),#8498,.F.);
#8487 = FACE_BOUND('',#8488,.T.);
#8488 = EDGE_LOOP('',(#8489,#8490,#8496,#8497));
#8489 = ORIENTED_EDGE('',*,*,#955,.T.);
#8490 = ORIENTED_EDGE('',*,*,#8491,.T.);
#8491 = EDGE_CURVE('',#956,#4504,#8492,.T.);
#8492 = LINE('',#8493,#8494);
#8493 = CARTESIAN_POINT('',(113.81,-128.335,-4.6E-02));
#8494 = VECTOR('',#8495,1.);
#8495 = DIRECTION('',(0.,0.,1.));
#8496 = ORIENTED_EDGE('',*,*,#4503,.F.);
#8497 = ORIENTED_EDGE('',*,*,#8491,.F.);
#8498 = CYLINDRICAL_SURFACE('',#8499,0.65);
#8499 = AXIS2_PLACEMENT_3D('',#8500,#8501,#8502);
#8500 = CARTESIAN_POINT('',(113.81,-127.685,-4.6E-02));
#8501 = DIRECTION('',(-0.,-0.,-1.));
#8502 = DIRECTION('',(-0.,-1.,0.));
#8503 = ADVANCED_FACE('',(#8504),#8515,.F.);
#8504 = FACE_BOUND('',#8505,.T.);
#8505 = EDGE_LOOP('',(#8506,#8507,#8513,#8514));
#8506 = ORIENTED_EDGE('',*,*,#966,.T.);
#8507 = ORIENTED_EDGE('',*,*,#8508,.T.);
#8508 = EDGE_CURVE('',#967,#4515,#8509,.T.);
#8509 = LINE('',#8510,#8511);
#8510 = CARTESIAN_POINT('',(113.81,-126.505,-4.6E-02));
#8511 = VECTOR('',#8512,1.);
#8512 = DIRECTION('',(0.,0.,1.));
#8513 = ORIENTED_EDGE('',*,*,#4514,.F.);
#8514 = ORIENTED_EDGE('',*,*,#8508,.F.);
#8515 = CYLINDRICAL_SURFACE('',#8516,0.65);
#8516 = AXIS2_PLACEMENT_3D('',#8517,#8518,#8519);
#8517 = CARTESIAN_POINT('',(113.81,-125.855,-4.6E-02));
#8518 = DIRECTION('',(-0.,-0.,-1.));
#8519 = DIRECTION('',(-0.,-1.,0.));
#8520 = ADVANCED_FACE('',(#8521),#8532,.F.);
#8521 = FACE_BOUND('',#8522,.T.);
#8522 = EDGE_LOOP('',(#8523,#8524,#8530,#8531));
#8523 = ORIENTED_EDGE('',*,*,#977,.T.);
#8524 = ORIENTED_EDGE('',*,*,#8525,.T.);
#8525 = EDGE_CURVE('',#978,#4526,#8526,.T.);
#8526 = LINE('',#8527,#8528);
#8527 = CARTESIAN_POINT('',(142.19,-130.165,-4.6E-02));
#8528 = VECTOR('',#8529,1.);
#8529 = DIRECTION('',(0.,0.,1.));
#8530 = ORIENTED_EDGE('',*,*,#4525,.F.);
#8531 = ORIENTED_EDGE('',*,*,#8525,.F.);
#8532 = CYLINDRICAL_SURFACE('',#8533,0.65);
#8533 = AXIS2_PLACEMENT_3D('',#8534,#8535,#8536);
#8534 = CARTESIAN_POINT('',(142.19,-129.515,-4.6E-02));
#8535 = DIRECTION('',(-0.,-0.,-1.));
#8536 = DIRECTION('',(-0.,-1.,0.));
#8537 = ADVANCED_FACE('',(#8538),#8549,.F.);
#8538 = FACE_BOUND('',#8539,.T.);
#8539 = EDGE_LOOP('',(#8540,#8541,#8547,#8548));
#8540 = ORIENTED_EDGE('',*,*,#988,.T.);
#8541 = ORIENTED_EDGE('',*,*,#8542,.T.);
#8542 = EDGE_CURVE('',#989,#4537,#8543,.T.);
#8543 = LINE('',#8544,#8545);
#8544 = CARTESIAN_POINT('',(142.19,-128.335,-4.6E-02));
#8545 = VECTOR('',#8546,1.);
#8546 = DIRECTION('',(0.,0.,1.));
#8547 = ORIENTED_EDGE('',*,*,#4536,.F.);
#8548 = ORIENTED_EDGE('',*,*,#8542,.F.);
#8549 = CYLINDRICAL_SURFACE('',#8550,0.65);
#8550 = AXIS2_PLACEMENT_3D('',#8551,#8552,#8553);
#8551 = CARTESIAN_POINT('',(142.19,-127.685,-4.6E-02));
#8552 = DIRECTION('',(-0.,-0.,-1.));
#8553 = DIRECTION('',(-0.,-1.,0.));
#8554 = ADVANCED_FACE('',(#8555),#8566,.F.);
#8555 = FACE_BOUND('',#8556,.T.);
#8556 = EDGE_LOOP('',(#8557,#8558,#8564,#8565));
#8557 = ORIENTED_EDGE('',*,*,#999,.T.);
#8558 = ORIENTED_EDGE('',*,*,#8559,.T.);
#8559 = EDGE_CURVE('',#1000,#4548,#8560,.T.);
#8560 = LINE('',#8561,#8562);
#8561 = CARTESIAN_POINT('',(142.19,-126.505,-4.6E-02));
#8562 = VECTOR('',#8563,1.);
#8563 = DIRECTION('',(0.,0.,1.));
#8564 = ORIENTED_EDGE('',*,*,#4547,.F.);
#8565 = ORIENTED_EDGE('',*,*,#8559,.F.);
#8566 = CYLINDRICAL_SURFACE('',#8567,0.65);
#8567 = AXIS2_PLACEMENT_3D('',#8568,#8569,#8570);
#8568 = CARTESIAN_POINT('',(142.19,-125.855,-4.6E-02));
#8569 = DIRECTION('',(-0.,-0.,-1.));
#8570 = DIRECTION('',(-0.,-1.,0.));
#8571 = ADVANCED_FACE('',(#8572),#8583,.F.);
#8572 = FACE_BOUND('',#8573,.T.);
#8573 = EDGE_LOOP('',(#8574,#8575,#8581,#8582));
#8574 = ORIENTED_EDGE('',*,*,#1010,.T.);
#8575 = ORIENTED_EDGE('',*,*,#8576,.T.);
#8576 = EDGE_CURVE('',#1011,#4559,#8577,.T.);
#8577 = LINE('',#8578,#8579);
#8578 = CARTESIAN_POINT('',(149.81,-130.165,-4.6E-02));
#8579 = VECTOR('',#8580,1.);
#8580 = DIRECTION('',(0.,0.,1.));
#8581 = ORIENTED_EDGE('',*,*,#4558,.F.);
#8582 = ORIENTED_EDGE('',*,*,#8576,.F.);
#8583 = CYLINDRICAL_SURFACE('',#8584,0.65);
#8584 = AXIS2_PLACEMENT_3D('',#8585,#8586,#8587);
#8585 = CARTESIAN_POINT('',(149.81,-129.515,-4.6E-02));
#8586 = DIRECTION('',(-0.,-0.,-1.));
#8587 = DIRECTION('',(-0.,-1.,0.));
#8588 = ADVANCED_FACE('',(#8589),#8600,.F.);
#8589 = FACE_BOUND('',#8590,.T.);
#8590 = EDGE_LOOP('',(#8591,#8592,#8598,#8599));
#8591 = ORIENTED_EDGE('',*,*,#1021,.T.);
#8592 = ORIENTED_EDGE('',*,*,#8593,.T.);
#8593 = EDGE_CURVE('',#1022,#4570,#8594,.T.);
#8594 = LINE('',#8595,#8596);
#8595 = CARTESIAN_POINT('',(149.81,-128.335,-4.6E-02));
#8596 = VECTOR('',#8597,1.);
#8597 = DIRECTION('',(0.,0.,1.));
#8598 = ORIENTED_EDGE('',*,*,#4569,.F.);
#8599 = ORIENTED_EDGE('',*,*,#8593,.F.);
#8600 = CYLINDRICAL_SURFACE('',#8601,0.65);
#8601 = AXIS2_PLACEMENT_3D('',#8602,#8603,#8604);
#8602 = CARTESIAN_POINT('',(149.81,-127.685,-4.6E-02));
#8603 = DIRECTION('',(-0.,-0.,-1.));
#8604 = DIRECTION('',(-0.,-1.,0.));
#8605 = ADVANCED_FACE('',(#8606),#8617,.F.);
#8606 = FACE_BOUND('',#8607,.T.);
#8607 = EDGE_LOOP('',(#8608,#8609,#8615,#8616));
#8608 = ORIENTED_EDGE('',*,*,#1032,.T.);
#8609 = ORIENTED_EDGE('',*,*,#8610,.T.);
#8610 = EDGE_CURVE('',#1033,#4581,#8611,.T.);
#8611 = LINE('',#8612,#8613);
#8612 = CARTESIAN_POINT('',(149.81,-126.505,-4.6E-02));
#8613 = VECTOR('',#8614,1.);
#8614 = DIRECTION('',(0.,0.,1.));
#8615 = ORIENTED_EDGE('',*,*,#4580,.F.);
#8616 = ORIENTED_EDGE('',*,*,#8610,.F.);
#8617 = CYLINDRICAL_SURFACE('',#8618,0.65);
#8618 = AXIS2_PLACEMENT_3D('',#8619,#8620,#8621);
#8619 = CARTESIAN_POINT('',(149.81,-125.855,-4.6E-02));
#8620 = DIRECTION('',(-0.,-0.,-1.));
#8621 = DIRECTION('',(-0.,-1.,0.));
#8622 = ADVANCED_FACE('',(#8623),#8634,.F.);
#8623 = FACE_BOUND('',#8624,.T.);
#8624 = EDGE_LOOP('',(#8625,#8626,#8632,#8633));
#8625 = ORIENTED_EDGE('',*,*,#1043,.T.);
#8626 = ORIENTED_EDGE('',*,*,#8627,.T.);
#8627 = EDGE_CURVE('',#1044,#4592,#8628,.T.);
#8628 = LINE('',#8629,#8630);
#8629 = CARTESIAN_POINT('',(134.,-119.2,-3.6E-02));
#8630 = VECTOR('',#8631,1.);
#8631 = DIRECTION('',(0.,0.,1.));
#8632 = ORIENTED_EDGE('',*,*,#4591,.F.);
#8633 = ORIENTED_EDGE('',*,*,#8627,.F.);
#8634 = CYLINDRICAL_SURFACE('',#8635,0.2);
#8635 = AXIS2_PLACEMENT_3D('',#8636,#8637,#8638);
#8636 = CARTESIAN_POINT('',(134.,-119.,-3.6E-02));
#8637 = DIRECTION('',(-0.,-0.,-1.));
#8638 = DIRECTION('',(-0.,-1.,0.));
#8639 = ADVANCED_FACE('',(#8640),#8651,.F.);
#8640 = FACE_BOUND('',#8641,.T.);
#8641 = EDGE_LOOP('',(#8642,#8643,#8649,#8650));
#8642 = ORIENTED_EDGE('',*,*,#1054,.T.);
#8643 = ORIENTED_EDGE('',*,*,#8644,.T.);
#8644 = EDGE_CURVE('',#1055,#4603,#8645,.T.);
#8645 = LINE('',#8646,#8647);
#8646 = CARTESIAN_POINT('',(141.595,-113.122499,-3.6E-02));
#8647 = VECTOR('',#8648,1.);
#8648 = DIRECTION('',(0.,0.,1.));
#8649 = ORIENTED_EDGE('',*,*,#4602,.F.);
#8650 = ORIENTED_EDGE('',*,*,#8644,.F.);
#8651 = CYLINDRICAL_SURFACE('',#8652,0.25);
#8652 = AXIS2_PLACEMENT_3D('',#8653,#8654,#8655);
#8653 = CARTESIAN_POINT('',(141.595,-112.872499,-3.6E-02));
#8654 = DIRECTION('',(-0.,-0.,-1.));
#8655 = DIRECTION('',(-0.,-1.,0.));
#8656 = ADVANCED_FACE('',(#8657),#8668,.F.);
#8657 = FACE_BOUND('',#8658,.T.);
#8658 = EDGE_LOOP('',(#8659,#8660,#8666,#8667));
#8659 = ORIENTED_EDGE('',*,*,#1065,.T.);
#8660 = ORIENTED_EDGE('',*,*,#8661,.T.);
#8661 = EDGE_CURVE('',#1066,#4614,#8662,.T.);
#8662 = LINE('',#8663,#8664);
#8663 = CARTESIAN_POINT('',(164.,-119.2,-3.6E-02));
#8664 = VECTOR('',#8665,1.);
#8665 = DIRECTION('',(0.,0.,1.));
#8666 = ORIENTED_EDGE('',*,*,#4613,.F.);
#8667 = ORIENTED_EDGE('',*,*,#8661,.F.);
#8668 = CYLINDRICAL_SURFACE('',#8669,0.2);
#8669 = AXIS2_PLACEMENT_3D('',#8670,#8671,#8672);
#8670 = CARTESIAN_POINT('',(164.,-119.,-3.6E-02));
#8671 = DIRECTION('',(-0.,-0.,-1.));
#8672 = DIRECTION('',(-0.,-1.,0.));
#8673 = ADVANCED_FACE('',(#8674),#8685,.F.);
#8674 = FACE_BOUND('',#8675,.T.);
#8675 = EDGE_LOOP('',(#8676,#8677,#8683,#8684));
#8676 = ORIENTED_EDGE('',*,*,#1076,.T.);
#8677 = ORIENTED_EDGE('',*,*,#8678,.T.);
#8678 = EDGE_CURVE('',#1077,#4625,#8679,.T.);
#8679 = LINE('',#8680,#8681);
#8680 = CARTESIAN_POINT('',(178.19,-130.165,-4.6E-02));
#8681 = VECTOR('',#8682,1.);
#8682 = DIRECTION('',(0.,0.,1.));
#8683 = ORIENTED_EDGE('',*,*,#4624,.F.);
#8684 = ORIENTED_EDGE('',*,*,#8678,.F.);
#8685 = CYLINDRICAL_SURFACE('',#8686,0.65);
#8686 = AXIS2_PLACEMENT_3D('',#8687,#8688,#8689);
#8687 = CARTESIAN_POINT('',(178.19,-129.515,-4.6E-02));
#8688 = DIRECTION('',(-0.,-0.,-1.));
#8689 = DIRECTION('',(-0.,-1.,0.));
#8690 = ADVANCED_FACE('',(#8691),#8702,.F.);
#8691 = FACE_BOUND('',#8692,.T.);
#8692 = EDGE_LOOP('',(#8693,#8694,#8700,#8701));
#8693 = ORIENTED_EDGE('',*,*,#1087,.T.);
#8694 = ORIENTED_EDGE('',*,*,#8695,.T.);
#8695 = EDGE_CURVE('',#1088,#4636,#8696,.T.);
#8696 = LINE('',#8697,#8698);
#8697 = CARTESIAN_POINT('',(185.81,-130.165,-4.6E-02));
#8698 = VECTOR('',#8699,1.);
#8699 = DIRECTION('',(0.,0.,1.));
#8700 = ORIENTED_EDGE('',*,*,#4635,.F.);
#8701 = ORIENTED_EDGE('',*,*,#8695,.F.);
#8702 = CYLINDRICAL_SURFACE('',#8703,0.65);
#8703 = AXIS2_PLACEMENT_3D('',#8704,#8705,#8706);
#8704 = CARTESIAN_POINT('',(185.81,-129.515,-4.6E-02));
#8705 = DIRECTION('',(-0.,-0.,-1.));
#8706 = DIRECTION('',(-0.,-1.,0.));
#8707 = ADVANCED_FACE('',(#8708),#8719,.F.);
#8708 = FACE_BOUND('',#8709,.T.);
#8709 = EDGE_LOOP('',(#8710,#8711,#8717,#8718));
#8710 = ORIENTED_EDGE('',*,*,#1098,.T.);
#8711 = ORIENTED_EDGE('',*,*,#8712,.T.);
#8712 = EDGE_CURVE('',#1099,#4647,#8713,.T.);
#8713 = LINE('',#8714,#8715);
#8714 = CARTESIAN_POINT('',(178.19,-128.335,-4.6E-02));
#8715 = VECTOR('',#8716,1.);
#8716 = DIRECTION('',(0.,0.,1.));
#8717 = ORIENTED_EDGE('',*,*,#4646,.F.);
#8718 = ORIENTED_EDGE('',*,*,#8712,.F.);
#8719 = CYLINDRICAL_SURFACE('',#8720,0.65);
#8720 = AXIS2_PLACEMENT_3D('',#8721,#8722,#8723);
#8721 = CARTESIAN_POINT('',(178.19,-127.685,-4.6E-02));
#8722 = DIRECTION('',(-0.,-0.,-1.));
#8723 = DIRECTION('',(-0.,-1.,0.));
#8724 = ADVANCED_FACE('',(#8725),#8736,.F.);
#8725 = FACE_BOUND('',#8726,.T.);
#8726 = EDGE_LOOP('',(#8727,#8728,#8734,#8735));
#8727 = ORIENTED_EDGE('',*,*,#1109,.T.);
#8728 = ORIENTED_EDGE('',*,*,#8729,.T.);
#8729 = EDGE_CURVE('',#1110,#4658,#8730,.T.);
#8730 = LINE('',#8731,#8732);
#8731 = CARTESIAN_POINT('',(178.19,-126.505,-4.6E-02));
#8732 = VECTOR('',#8733,1.);
#8733 = DIRECTION('',(0.,0.,1.));
#8734 = ORIENTED_EDGE('',*,*,#4657,.F.);
#8735 = ORIENTED_EDGE('',*,*,#8729,.F.);
#8736 = CYLINDRICAL_SURFACE('',#8737,0.65);
#8737 = AXIS2_PLACEMENT_3D('',#8738,#8739,#8740);
#8738 = CARTESIAN_POINT('',(178.19,-125.855,-4.6E-02));
#8739 = DIRECTION('',(-0.,-0.,-1.));
#8740 = DIRECTION('',(-0.,-1.,0.));
#8741 = ADVANCED_FACE('',(#8742),#8753,.F.);
#8742 = FACE_BOUND('',#8743,.T.);
#8743 = EDGE_LOOP('',(#8744,#8745,#8751,#8752));
#8744 = ORIENTED_EDGE('',*,*,#1120,.T.);
#8745 = ORIENTED_EDGE('',*,*,#8746,.T.);
#8746 = EDGE_CURVE('',#1121,#4669,#8747,.T.);
#8747 = LINE('',#8748,#8749);
#8748 = CARTESIAN_POINT('',(185.81,-128.335,-4.6E-02));
#8749 = VECTOR('',#8750,1.);
#8750 = DIRECTION('',(0.,0.,1.));
#8751 = ORIENTED_EDGE('',*,*,#4668,.F.);
#8752 = ORIENTED_EDGE('',*,*,#8746,.F.);
#8753 = CYLINDRICAL_SURFACE('',#8754,0.65);
#8754 = AXIS2_PLACEMENT_3D('',#8755,#8756,#8757);
#8755 = CARTESIAN_POINT('',(185.81,-127.685,-4.6E-02));
#8756 = DIRECTION('',(-0.,-0.,-1.));
#8757 = DIRECTION('',(-0.,-1.,0.));
#8758 = ADVANCED_FACE('',(#8759),#8770,.F.);
#8759 = FACE_BOUND('',#8760,.T.);
#8760 = EDGE_LOOP('',(#8761,#8762,#8768,#8769));
#8761 = ORIENTED_EDGE('',*,*,#1131,.T.);
#8762 = ORIENTED_EDGE('',*,*,#8763,.T.);
#8763 = EDGE_CURVE('',#1132,#4680,#8764,.T.);
#8764 = LINE('',#8765,#8766);
#8765 = CARTESIAN_POINT('',(185.81,-126.505,-4.6E-02));
#8766 = VECTOR('',#8767,1.);
#8767 = DIRECTION('',(0.,0.,1.));
#8768 = ORIENTED_EDGE('',*,*,#4679,.F.);
#8769 = ORIENTED_EDGE('',*,*,#8763,.F.);
#8770 = CYLINDRICAL_SURFACE('',#8771,0.65);
#8771 = AXIS2_PLACEMENT_3D('',#8772,#8773,#8774);
#8772 = CARTESIAN_POINT('',(185.81,-125.855,-4.6E-02));
#8773 = DIRECTION('',(-0.,-0.,-1.));
#8774 = DIRECTION('',(-0.,-1.,0.));
#8775 = ADVANCED_FACE('',(#8776),#8787,.F.);
#8776 = FACE_BOUND('',#8777,.T.);
#8777 = EDGE_LOOP('',(#8778,#8779,#8785,#8786));
#8778 = ORIENTED_EDGE('',*,*,#1142,.T.);
#8779 = ORIENTED_EDGE('',*,*,#8780,.T.);
#8780 = EDGE_CURVE('',#1143,#4691,#8781,.T.);
#8781 = LINE('',#8782,#8783);
#8782 = CARTESIAN_POINT('',(196.,-132.6,-4.6E-02));
#8783 = VECTOR('',#8784,1.);
#8784 = DIRECTION('',(0.,0.,1.));
#8785 = ORIENTED_EDGE('',*,*,#4690,.F.);
#8786 = ORIENTED_EDGE('',*,*,#8780,.F.);
#8787 = CYLINDRICAL_SURFACE('',#8788,1.6);
#8788 = AXIS2_PLACEMENT_3D('',#8789,#8790,#8791);
#8789 = CARTESIAN_POINT('',(196.,-131.,-4.6E-02));
#8790 = DIRECTION('',(-0.,-0.,-1.));
#8791 = DIRECTION('',(-0.,-1.,0.));
#8792 = ADVANCED_FACE('',(#8793),#8804,.F.);
#8793 = FACE_BOUND('',#8794,.T.);
#8794 = EDGE_LOOP('',(#8795,#8796,#8802,#8803));
#8795 = ORIENTED_EDGE('',*,*,#1153,.T.);
#8796 = ORIENTED_EDGE('',*,*,#8797,.T.);
#8797 = EDGE_CURVE('',#1154,#4702,#8798,.T.);
#8798 = LINE('',#8799,#8800);
#8799 = CARTESIAN_POINT('',(177.595,-113.122499,-3.6E-02));
#8800 = VECTOR('',#8801,1.);
#8801 = DIRECTION('',(0.,0.,1.));
#8802 = ORIENTED_EDGE('',*,*,#4701,.F.);
#8803 = ORIENTED_EDGE('',*,*,#8797,.F.);
#8804 = CYLINDRICAL_SURFACE('',#8805,0.25);
#8805 = AXIS2_PLACEMENT_3D('',#8806,#8807,#8808);
#8806 = CARTESIAN_POINT('',(177.595,-112.872499,-3.6E-02));
#8807 = DIRECTION('',(-0.,-0.,-1.));
#8808 = DIRECTION('',(-0.,-1.,0.));
#8809 = ADVANCED_FACE('',(#8810),#8821,.F.);
#8810 = FACE_BOUND('',#8811,.T.);
#8811 = EDGE_LOOP('',(#8812,#8813,#8819,#8820));
#8812 = ORIENTED_EDGE('',*,*,#1164,.T.);
#8813 = ORIENTED_EDGE('',*,*,#8814,.T.);
#8814 = EDGE_CURVE('',#1165,#4713,#8815,.T.);
#8815 = LINE('',#8816,#8817);
#8816 = CARTESIAN_POINT('',(136.024999,-103.2,-3.6E-02));
#8817 = VECTOR('',#8818,1.);
#8818 = DIRECTION('',(0.,0.,1.));
#8819 = ORIENTED_EDGE('',*,*,#4712,.F.);
#8820 = ORIENTED_EDGE('',*,*,#8814,.F.);
#8821 = CYLINDRICAL_SURFACE('',#8822,0.2);
#8822 = AXIS2_PLACEMENT_3D('',#8823,#8824,#8825);
#8823 = CARTESIAN_POINT('',(136.024999,-103.,-3.6E-02));
#8824 = DIRECTION('',(-0.,0.,-1.));
#8825 = DIRECTION('',(1.42108547152E-13,-1.,-0.));
#8826 = ADVANCED_FACE('',(#8827),#8838,.F.);
#8827 = FACE_BOUND('',#8828,.T.);
#8828 = EDGE_LOOP('',(#8829,#8830,#8836,#8837));
#8829 = ORIENTED_EDGE('',*,*,#1175,.T.);
#8830 = ORIENTED_EDGE('',*,*,#8831,.T.);
#8831 = EDGE_CURVE('',#1176,#4724,#8832,.T.);
#8832 = LINE('',#8833,#8834);
#8833 = CARTESIAN_POINT('',(136.024999,-96.2,-3.6E-02));
#8834 = VECTOR('',#8835,1.);
#8835 = DIRECTION('',(0.,0.,1.));
#8836 = ORIENTED_EDGE('',*,*,#4723,.F.);
#8837 = ORIENTED_EDGE('',*,*,#8831,.F.);
#8838 = CYLINDRICAL_SURFACE('',#8839,0.2);
#8839 = AXIS2_PLACEMENT_3D('',#8840,#8841,#8842);
#8840 = CARTESIAN_POINT('',(136.024999,-96.,-3.6E-02));
#8841 = DIRECTION('',(-0.,0.,-1.));
#8842 = DIRECTION('',(1.42108547152E-13,-1.,-0.));
#8843 = ADVANCED_FACE('',(#8844),#8855,.F.);
#8844 = FACE_BOUND('',#8845,.T.);
#8845 = EDGE_LOOP('',(#8846,#8847,#8853,#8854));
#8846 = ORIENTED_EDGE('',*,*,#1186,.T.);
#8847 = ORIENTED_EDGE('',*,*,#8848,.T.);
#8848 = EDGE_CURVE('',#1187,#4735,#8849,.T.);
#8849 = LINE('',#8850,#8851);
#8850 = CARTESIAN_POINT('',(140.36,-93.55,-3.6E-02));
#8851 = VECTOR('',#8852,1.);
#8852 = DIRECTION('',(0.,0.,1.));
#8853 = ORIENTED_EDGE('',*,*,#4734,.F.);
#8854 = ORIENTED_EDGE('',*,*,#8848,.F.);
#8855 = CYLINDRICAL_SURFACE('',#8856,0.25);
#8856 = AXIS2_PLACEMENT_3D('',#8857,#8858,#8859);
#8857 = CARTESIAN_POINT('',(140.36,-93.3,-3.6E-02));
#8858 = DIRECTION('',(-0.,-0.,-1.));
#8859 = DIRECTION('',(-0.,-1.,0.));
#8860 = ADVANCED_FACE('',(#8861),#8872,.F.);
#8861 = FACE_BOUND('',#8862,.T.);
#8862 = EDGE_LOOP('',(#8863,#8864,#8870,#8871));
#8863 = ORIENTED_EDGE('',*,*,#1197,.T.);
#8864 = ORIENTED_EDGE('',*,*,#8865,.T.);
#8865 = EDGE_CURVE('',#1198,#4746,#8866,.T.);
#8866 = LINE('',#8867,#8868);
#8867 = CARTESIAN_POINT('',(141.64,-93.55,-3.6E-02));
#8868 = VECTOR('',#8869,1.);
#8869 = DIRECTION('',(0.,0.,1.));
#8870 = ORIENTED_EDGE('',*,*,#4745,.F.);
#8871 = ORIENTED_EDGE('',*,*,#8865,.F.);
#8872 = CYLINDRICAL_SURFACE('',#8873,0.25);
#8873 = AXIS2_PLACEMENT_3D('',#8874,#8875,#8876);
#8874 = CARTESIAN_POINT('',(141.64,-93.3,-3.6E-02));
#8875 = DIRECTION('',(-0.,-0.,-1.));
#8876 = DIRECTION('',(-0.,-1.,0.));
#8877 = ADVANCED_FACE('',(#8878),#8889,.F.);
#8878 = FACE_BOUND('',#8879,.T.);
#8879 = EDGE_LOOP('',(#8880,#8881,#8887,#8888));
#8880 = ORIENTED_EDGE('',*,*,#1208,.T.);
#8881 = ORIENTED_EDGE('',*,*,#8882,.T.);
#8882 = EDGE_CURVE('',#1209,#4757,#8883,.T.);
#8883 = LINE('',#8884,#8885);
#8884 = CARTESIAN_POINT('',(142.9,-93.55,-3.6E-02));
#8885 = VECTOR('',#8886,1.);
#8886 = DIRECTION('',(0.,0.,1.));
#8887 = ORIENTED_EDGE('',*,*,#4756,.F.);
#8888 = ORIENTED_EDGE('',*,*,#8882,.F.);
#8889 = CYLINDRICAL_SURFACE('',#8890,0.25);
#8890 = AXIS2_PLACEMENT_3D('',#8891,#8892,#8893);
#8891 = CARTESIAN_POINT('',(142.9,-93.3,-3.6E-02));
#8892 = DIRECTION('',(-0.,-0.,-1.));
#8893 = DIRECTION('',(-0.,-1.,0.));
#8894 = ADVANCED_FACE('',(#8895),#8906,.F.);
#8895 = FACE_BOUND('',#8896,.T.);
#8896 = EDGE_LOOP('',(#8897,#8898,#8904,#8905));
#8897 = ORIENTED_EDGE('',*,*,#1219,.T.);
#8898 = ORIENTED_EDGE('',*,*,#8899,.T.);
#8899 = EDGE_CURVE('',#1220,#4768,#8900,.T.);
#8900 = LINE('',#8901,#8902);
#8901 = CARTESIAN_POINT('',(110.,-89.25,-4.6E-02));
#8902 = VECTOR('',#8903,1.);
#8903 = DIRECTION('',(0.,0.,1.));
#8904 = ORIENTED_EDGE('',*,*,#4767,.F.);
#8905 = ORIENTED_EDGE('',*,*,#8899,.F.);
#8906 = CYLINDRICAL_SURFACE('',#8907,1.25);
#8907 = AXIS2_PLACEMENT_3D('',#8908,#8909,#8910);
#8908 = CARTESIAN_POINT('',(110.,-88.,-4.6E-02));
#8909 = DIRECTION('',(-0.,-0.,-1.));
#8910 = DIRECTION('',(-0.,-1.,0.));
#8911 = ADVANCED_FACE('',(#8912),#8923,.F.);
#8912 = FACE_BOUND('',#8913,.T.);
#8913 = EDGE_LOOP('',(#8914,#8915,#8921,#8922));
#8914 = ORIENTED_EDGE('',*,*,#1230,.T.);
#8915 = ORIENTED_EDGE('',*,*,#8916,.T.);
#8916 = EDGE_CURVE('',#1231,#4779,#8917,.T.);
#8917 = LINE('',#8918,#8919);
#8918 = CARTESIAN_POINT('',(112.9,-90.000011,-4.6E-02));
#8919 = VECTOR('',#8920,1.);
#8920 = DIRECTION('',(0.,0.,1.));
#8921 = ORIENTED_EDGE('',*,*,#4778,.F.);
#8922 = ORIENTED_EDGE('',*,*,#8916,.F.);
#8923 = CYLINDRICAL_SURFACE('',#8924,0.750011);
#8924 = AXIS2_PLACEMENT_3D('',#8925,#8926,#8927);
#8925 = CARTESIAN_POINT('',(112.9,-89.25,-4.6E-02));
#8926 = DIRECTION('',(-0.,-0.,-1.));
#8927 = DIRECTION('',(-0.,-1.,0.));
#8928 = ADVANCED_FACE('',(#8929),#8940,.F.);
#8929 = FACE_BOUND('',#8930,.T.);
#8930 = EDGE_LOOP('',(#8931,#8932,#8938,#8939));
#8931 = ORIENTED_EDGE('',*,*,#1241,.T.);
#8932 = ORIENTED_EDGE('',*,*,#8933,.T.);
#8933 = EDGE_CURVE('',#1242,#4790,#8934,.T.);
#8934 = LINE('',#8935,#8936);
#8935 = CARTESIAN_POINT('',(116.4,-90.000011,-4.6E-02));
#8936 = VECTOR('',#8937,1.);
#8937 = DIRECTION('',(0.,0.,1.));
#8938 = ORIENTED_EDGE('',*,*,#4789,.F.);
#8939 = ORIENTED_EDGE('',*,*,#8933,.F.);
#8940 = CYLINDRICAL_SURFACE('',#8941,0.750011);
#8941 = AXIS2_PLACEMENT_3D('',#8942,#8943,#8944);
#8942 = CARTESIAN_POINT('',(116.4,-89.25,-4.6E-02));
#8943 = DIRECTION('',(-0.,-0.,-1.));
#8944 = DIRECTION('',(-0.,-1.,0.));
#8945 = ADVANCED_FACE('',(#8946),#8957,.F.);
#8946 = FACE_BOUND('',#8947,.T.);
#8947 = EDGE_LOOP('',(#8948,#8949,#8955,#8956));
#8948 = ORIENTED_EDGE('',*,*,#1252,.T.);
#8949 = ORIENTED_EDGE('',*,*,#8950,.T.);
#8950 = EDGE_CURVE('',#1253,#4801,#8951,.T.);
#8951 = LINE('',#8952,#8953);
#8952 = CARTESIAN_POINT('',(120.35,-88.2,-3.6E-02));
#8953 = VECTOR('',#8954,1.);
#8954 = DIRECTION('',(0.,0.,1.));
#8955 = ORIENTED_EDGE('',*,*,#4800,.F.);
#8956 = ORIENTED_EDGE('',*,*,#8950,.F.);
#8957 = CYLINDRICAL_SURFACE('',#8958,0.2);
#8958 = AXIS2_PLACEMENT_3D('',#8959,#8960,#8961);
#8959 = CARTESIAN_POINT('',(120.35,-88.,-3.6E-02));
#8960 = DIRECTION('',(-0.,-0.,-1.));
#8961 = DIRECTION('',(-0.,-1.,0.));
#8962 = ADVANCED_FACE('',(#8963),#8974,.F.);
#8963 = FACE_BOUND('',#8964,.T.);
#8964 = EDGE_LOOP('',(#8965,#8966,#8972,#8973));
#8965 = ORIENTED_EDGE('',*,*,#1263,.T.);
#8966 = ORIENTED_EDGE('',*,*,#8967,.T.);
#8967 = EDGE_CURVE('',#1264,#4812,#8968,.T.);
#8968 = LINE('',#8969,#8970);
#8969 = CARTESIAN_POINT('',(112.9,-87.500011,-4.6E-02));
#8970 = VECTOR('',#8971,1.);
#8971 = DIRECTION('',(0.,0.,1.));
#8972 = ORIENTED_EDGE('',*,*,#4811,.F.);
#8973 = ORIENTED_EDGE('',*,*,#8967,.F.);
#8974 = CYLINDRICAL_SURFACE('',#8975,0.750011);
#8975 = AXIS2_PLACEMENT_3D('',#8976,#8977,#8978);
#8976 = CARTESIAN_POINT('',(112.9,-86.75,-4.6E-02));
#8977 = DIRECTION('',(-0.,-0.,-1.));
#8978 = DIRECTION('',(-0.,-1.,0.));
#8979 = ADVANCED_FACE('',(#8980),#8991,.F.);
#8980 = FACE_BOUND('',#8981,.T.);
#8981 = EDGE_LOOP('',(#8982,#8983,#8989,#8990));
#8982 = ORIENTED_EDGE('',*,*,#1274,.T.);
#8983 = ORIENTED_EDGE('',*,*,#8984,.T.);
#8984 = EDGE_CURVE('',#1275,#4823,#8985,.T.);
#8985 = LINE('',#8986,#8987);
#8986 = CARTESIAN_POINT('',(116.4,-87.500011,-4.6E-02));
#8987 = VECTOR('',#8988,1.);
#8988 = DIRECTION('',(0.,0.,1.));
#8989 = ORIENTED_EDGE('',*,*,#4822,.F.);
#8990 = ORIENTED_EDGE('',*,*,#8984,.F.);
#8991 = CYLINDRICAL_SURFACE('',#8992,0.750011);
#8992 = AXIS2_PLACEMENT_3D('',#8993,#8994,#8995);
#8993 = CARTESIAN_POINT('',(116.4,-86.75,-4.6E-02));
#8994 = DIRECTION('',(-0.,-0.,-1.));
#8995 = DIRECTION('',(-0.,-1.,0.));
#8996 = ADVANCED_FACE('',(#8997),#9008,.F.);
#8997 = FACE_BOUND('',#8998,.T.);
#8998 = EDGE_LOOP('',(#8999,#9000,#9006,#9007));
#8999 = ORIENTED_EDGE('',*,*,#1285,.T.);
#9000 = ORIENTED_EDGE('',*,*,#9001,.T.);
#9001 = EDGE_CURVE('',#1286,#4834,#9002,.T.);
#9002 = LINE('',#9003,#9004);
#9003 = CARTESIAN_POINT('',(123.51,-85.0094,-3.6E-02));
#9004 = VECTOR('',#9005,1.);
#9005 = DIRECTION('',(0.,0.,1.));
#9006 = ORIENTED_EDGE('',*,*,#4833,.F.);
#9007 = ORIENTED_EDGE('',*,*,#9001,.F.);
#9008 = CYLINDRICAL_SURFACE('',#9009,0.2);
#9009 = AXIS2_PLACEMENT_3D('',#9010,#9011,#9012);
#9010 = CARTESIAN_POINT('',(123.51,-84.8094,-3.6E-02));
#9011 = DIRECTION('',(-0.,0.,-1.));
#9012 = DIRECTION('',(7.105427357601E-14,-1.,-0.));
#9013 = ADVANCED_FACE('',(#9014),#9025,.F.);
#9014 = FACE_BOUND('',#9015,.T.);
#9015 = EDGE_LOOP('',(#9016,#9017,#9023,#9024));
#9016 = ORIENTED_EDGE('',*,*,#1296,.T.);
#9017 = ORIENTED_EDGE('',*,*,#9018,.T.);
#9018 = EDGE_CURVE('',#1297,#4845,#9019,.T.);
#9019 = LINE('',#9020,#9021);
#9020 = CARTESIAN_POINT('',(126.65,-85.25,-3.6E-02));
#9021 = VECTOR('',#9022,1.);
#9022 = DIRECTION('',(0.,0.,1.));
#9023 = ORIENTED_EDGE('',*,*,#4844,.F.);
#9024 = ORIENTED_EDGE('',*,*,#9018,.F.);
#9025 = CYLINDRICAL_SURFACE('',#9026,0.25);
#9026 = AXIS2_PLACEMENT_3D('',#9027,#9028,#9029);
#9027 = CARTESIAN_POINT('',(126.65,-85.,-3.6E-02));
#9028 = DIRECTION('',(-0.,-0.,-1.));
#9029 = DIRECTION('',(-0.,-1.,0.));
#9030 = ADVANCED_FACE('',(#9031),#9042,.F.);
#9031 = FACE_BOUND('',#9032,.T.);
#9032 = EDGE_LOOP('',(#9033,#9034,#9040,#9041));
#9033 = ORIENTED_EDGE('',*,*,#1307,.T.);
#9034 = ORIENTED_EDGE('',*,*,#9035,.T.);
#9035 = EDGE_CURVE('',#1308,#4856,#9036,.T.);
#9036 = LINE('',#9037,#9038);
#9037 = CARTESIAN_POINT('',(118.9791,-83.8215,-3.6E-02));
#9038 = VECTOR('',#9039,1.);
#9039 = DIRECTION('',(0.,0.,1.));
#9040 = ORIENTED_EDGE('',*,*,#4855,.F.);
#9041 = ORIENTED_EDGE('',*,*,#9035,.F.);
#9042 = CYLINDRICAL_SURFACE('',#9043,0.2);
#9043 = AXIS2_PLACEMENT_3D('',#9044,#9045,#9046);
#9044 = CARTESIAN_POINT('',(118.9791,-83.6215,-3.6E-02));
#9045 = DIRECTION('',(-0.,-0.,-1.));
#9046 = DIRECTION('',(-0.,-1.,0.));
#9047 = ADVANCED_FACE('',(#9048),#9059,.F.);
#9048 = FACE_BOUND('',#9049,.T.);
#9049 = EDGE_LOOP('',(#9050,#9051,#9057,#9058));
#9050 = ORIENTED_EDGE('',*,*,#1318,.T.);
#9051 = ORIENTED_EDGE('',*,*,#9052,.T.);
#9052 = EDGE_CURVE('',#1319,#4867,#9053,.T.);
#9053 = LINE('',#9054,#9055);
#9054 = CARTESIAN_POINT('',(118.816313,-82.328707,-3.6E-02));
#9055 = VECTOR('',#9056,1.);
#9056 = DIRECTION('',(0.,0.,1.));
#9057 = ORIENTED_EDGE('',*,*,#4866,.F.);
#9058 = ORIENTED_EDGE('',*,*,#9052,.F.);
#9059 = CYLINDRICAL_SURFACE('',#9060,0.2);
#9060 = AXIS2_PLACEMENT_3D('',#9061,#9062,#9063);
#9061 = CARTESIAN_POINT('',(118.816313,-82.128707,-3.6E-02));
#9062 = DIRECTION('',(-0.,-0.,-1.));
#9063 = DIRECTION('',(-7.105427357601E-14,-1.,0.));
#9064 = ADVANCED_FACE('',(#9065),#9076,.F.);
#9065 = FACE_BOUND('',#9066,.T.);
#9066 = EDGE_LOOP('',(#9067,#9068,#9074,#9075));
#9067 = ORIENTED_EDGE('',*,*,#1329,.T.);
#9068 = ORIENTED_EDGE('',*,*,#9069,.T.);
#9069 = EDGE_CURVE('',#1330,#4878,#9070,.T.);
#9070 = LINE('',#9071,#9072);
#9071 = CARTESIAN_POINT('',(116.9213,-79.5846,-3.6E-02));
#9072 = VECTOR('',#9073,1.);
#9073 = DIRECTION('',(0.,0.,1.));
#9074 = ORIENTED_EDGE('',*,*,#4877,.F.);
#9075 = ORIENTED_EDGE('',*,*,#9069,.F.);
#9076 = CYLINDRICAL_SURFACE('',#9077,0.2);
#9077 = AXIS2_PLACEMENT_3D('',#9078,#9079,#9080);
#9078 = CARTESIAN_POINT('',(116.9213,-79.3846,-3.6E-02));
#9079 = DIRECTION('',(-0.,-0.,-1.));
#9080 = DIRECTION('',(-0.,-1.,0.));
#9081 = ADVANCED_FACE('',(#9082),#9093,.F.);
#9082 = FACE_BOUND('',#9083,.T.);
#9083 = EDGE_LOOP('',(#9084,#9085,#9091,#9092));
#9084 = ORIENTED_EDGE('',*,*,#1340,.T.);
#9085 = ORIENTED_EDGE('',*,*,#9086,.T.);
#9086 = EDGE_CURVE('',#1341,#4889,#9087,.T.);
#9087 = LINE('',#9088,#9089);
#9088 = CARTESIAN_POINT('',(115.9084,-78.3685,-3.6E-02));
#9089 = VECTOR('',#9090,1.);
#9090 = DIRECTION('',(0.,0.,1.));
#9091 = ORIENTED_EDGE('',*,*,#4888,.F.);
#9092 = ORIENTED_EDGE('',*,*,#9086,.F.);
#9093 = CYLINDRICAL_SURFACE('',#9094,0.2);
#9094 = AXIS2_PLACEMENT_3D('',#9095,#9096,#9097);
#9095 = CARTESIAN_POINT('',(115.9084,-78.1685,-3.6E-02));
#9096 = DIRECTION('',(-0.,-0.,-1.));
#9097 = DIRECTION('',(-0.,-1.,0.));
#9098 = ADVANCED_FACE('',(#9099),#9110,.F.);
#9099 = FACE_BOUND('',#9100,.T.);
#9100 = EDGE_LOOP('',(#9101,#9102,#9108,#9109));
#9101 = ORIENTED_EDGE('',*,*,#1351,.T.);
#9102 = ORIENTED_EDGE('',*,*,#9103,.T.);
#9103 = EDGE_CURVE('',#1352,#4900,#9104,.T.);
#9104 = LINE('',#9105,#9106);
#9105 = CARTESIAN_POINT('',(122.9171,-83.3889,-3.6E-02));
#9106 = VECTOR('',#9107,1.);
#9107 = DIRECTION('',(0.,0.,1.));
#9108 = ORIENTED_EDGE('',*,*,#4899,.F.);
#9109 = ORIENTED_EDGE('',*,*,#9103,.F.);
#9110 = CYLINDRICAL_SURFACE('',#9111,0.2);
#9111 = AXIS2_PLACEMENT_3D('',#9112,#9113,#9114);
#9112 = CARTESIAN_POINT('',(122.9171,-83.1889,-3.6E-02));
#9113 = DIRECTION('',(-0.,-0.,-1.));
#9114 = DIRECTION('',(-0.,-1.,0.));
#9115 = ADVANCED_FACE('',(#9116),#9127,.F.);
#9116 = FACE_BOUND('',#9117,.T.);
#9117 = EDGE_LOOP('',(#9118,#9119,#9125,#9126));
#9118 = ORIENTED_EDGE('',*,*,#1362,.T.);
#9119 = ORIENTED_EDGE('',*,*,#9120,.T.);
#9120 = EDGE_CURVE('',#1363,#4911,#9121,.T.);
#9121 = LINE('',#9122,#9123);
#9122 = CARTESIAN_POINT('',(121.2729,-81.3352,-3.6E-02));
#9123 = VECTOR('',#9124,1.);
#9124 = DIRECTION('',(0.,0.,1.));
#9125 = ORIENTED_EDGE('',*,*,#4910,.F.);
#9126 = ORIENTED_EDGE('',*,*,#9120,.F.);
#9127 = CYLINDRICAL_SURFACE('',#9128,0.2);
#9128 = AXIS2_PLACEMENT_3D('',#9129,#9130,#9131);
#9129 = CARTESIAN_POINT('',(121.2729,-81.1352,-3.6E-02));
#9130 = DIRECTION('',(-0.,0.,-1.));
#9131 = DIRECTION('',(7.1054273576E-14,-1.,-0.));
#9132 = ADVANCED_FACE('',(#9133),#9144,.F.);
#9133 = FACE_BOUND('',#9134,.T.);
#9134 = EDGE_LOOP('',(#9135,#9136,#9142,#9143));
#9135 = ORIENTED_EDGE('',*,*,#1373,.T.);
#9136 = ORIENTED_EDGE('',*,*,#9137,.T.);
#9137 = EDGE_CURVE('',#1374,#4922,#9138,.T.);
#9138 = LINE('',#9139,#9140);
#9139 = CARTESIAN_POINT('',(127.0878,-83.3889,-3.6E-02));
#9140 = VECTOR('',#9141,1.);
#9141 = DIRECTION('',(0.,0.,1.));
#9142 = ORIENTED_EDGE('',*,*,#4921,.F.);
#9143 = ORIENTED_EDGE('',*,*,#9137,.F.);
#9144 = CYLINDRICAL_SURFACE('',#9145,0.2);
#9145 = AXIS2_PLACEMENT_3D('',#9146,#9147,#9148);
#9146 = CARTESIAN_POINT('',(127.0878,-83.1889,-3.6E-02));
#9147 = DIRECTION('',(-0.,-0.,-1.));
#9148 = DIRECTION('',(-0.,-1.,0.));
#9149 = ADVANCED_FACE('',(#9150),#9161,.F.);
#9150 = FACE_BOUND('',#9151,.T.);
#9151 = EDGE_LOOP('',(#9152,#9153,#9159,#9160));
#9152 = ORIENTED_EDGE('',*,*,#1384,.T.);
#9153 = ORIENTED_EDGE('',*,*,#9154,.T.);
#9154 = EDGE_CURVE('',#1385,#4933,#9155,.T.);
#9155 = LINE('',#9156,#9157);
#9156 = CARTESIAN_POINT('',(130.816313,-82.328707,-3.6E-02));
#9157 = VECTOR('',#9158,1.);
#9158 = DIRECTION('',(0.,0.,1.));
#9159 = ORIENTED_EDGE('',*,*,#4932,.F.);
#9160 = ORIENTED_EDGE('',*,*,#9154,.F.);
#9161 = CYLINDRICAL_SURFACE('',#9162,0.2);
#9162 = AXIS2_PLACEMENT_3D('',#9163,#9164,#9165);
#9163 = CARTESIAN_POINT('',(130.816313,-82.128707,-3.6E-02));
#9164 = DIRECTION('',(-0.,0.,-1.));
#9165 = DIRECTION('',(1.42108547152E-13,-1.,-0.));
#9166 = ADVANCED_FACE('',(#9167),#9178,.F.);
#9167 = FACE_BOUND('',#9168,.T.);
#9168 = EDGE_LOOP('',(#9169,#9170,#9176,#9177));
#9169 = ORIENTED_EDGE('',*,*,#1395,.T.);
#9170 = ORIENTED_EDGE('',*,*,#9171,.T.);
#9171 = EDGE_CURVE('',#1396,#4944,#9172,.T.);
#9172 = LINE('',#9173,#9174);
#9173 = CARTESIAN_POINT('',(134.,-89.2,-3.6E-02));
#9174 = VECTOR('',#9175,1.);
#9175 = DIRECTION('',(0.,0.,1.));
#9176 = ORIENTED_EDGE('',*,*,#4943,.F.);
#9177 = ORIENTED_EDGE('',*,*,#9171,.F.);
#9178 = CYLINDRICAL_SURFACE('',#9179,0.2);
#9179 = AXIS2_PLACEMENT_3D('',#9180,#9181,#9182);
#9180 = CARTESIAN_POINT('',(134.,-89.,-3.6E-02));
#9181 = DIRECTION('',(-0.,-0.,-1.));
#9182 = DIRECTION('',(-0.,-1.,0.));
#9183 = ADVANCED_FACE('',(#9184),#9195,.F.);
#9184 = FACE_BOUND('',#9185,.T.);
#9185 = EDGE_LOOP('',(#9186,#9187,#9193,#9194));
#9186 = ORIENTED_EDGE('',*,*,#1406,.T.);
#9187 = ORIENTED_EDGE('',*,*,#9188,.T.);
#9188 = EDGE_CURVE('',#1407,#4955,#9189,.T.);
#9189 = LINE('',#9190,#9191);
#9190 = CARTESIAN_POINT('',(139.6,-90.000011,-4.6E-02));
#9191 = VECTOR('',#9192,1.);
#9192 = DIRECTION('',(0.,0.,1.));
#9193 = ORIENTED_EDGE('',*,*,#4954,.F.);
#9194 = ORIENTED_EDGE('',*,*,#9188,.F.);
#9195 = CYLINDRICAL_SURFACE('',#9196,0.750011);
#9196 = AXIS2_PLACEMENT_3D('',#9197,#9198,#9199);
#9197 = CARTESIAN_POINT('',(139.6,-89.25,-4.6E-02));
#9198 = DIRECTION('',(-0.,-0.,-1.));
#9199 = DIRECTION('',(-0.,-1.,0.));
#9200 = ADVANCED_FACE('',(#9201),#9212,.F.);
#9201 = FACE_BOUND('',#9202,.T.);
#9202 = EDGE_LOOP('',(#9203,#9204,#9210,#9211));
#9203 = ORIENTED_EDGE('',*,*,#1417,.T.);
#9204 = ORIENTED_EDGE('',*,*,#9205,.T.);
#9205 = EDGE_CURVE('',#1418,#4966,#9206,.T.);
#9206 = LINE('',#9207,#9208);
#9207 = CARTESIAN_POINT('',(139.6,-87.500011,-4.6E-02));
#9208 = VECTOR('',#9209,1.);
#9209 = DIRECTION('',(0.,0.,1.));
#9210 = ORIENTED_EDGE('',*,*,#4965,.F.);
#9211 = ORIENTED_EDGE('',*,*,#9205,.F.);
#9212 = CYLINDRICAL_SURFACE('',#9213,0.750011);
#9213 = AXIS2_PLACEMENT_3D('',#9214,#9215,#9216);
#9214 = CARTESIAN_POINT('',(139.6,-86.75,-4.6E-02));
#9215 = DIRECTION('',(-0.,-0.,-1.));
#9216 = DIRECTION('',(-0.,-1.,0.));
#9217 = ADVANCED_FACE('',(#9218),#9229,.F.);
#9218 = FACE_BOUND('',#9219,.T.);
#9219 = EDGE_LOOP('',(#9220,#9221,#9227,#9228));
#9220 = ORIENTED_EDGE('',*,*,#1428,.T.);
#9221 = ORIENTED_EDGE('',*,*,#9222,.T.);
#9222 = EDGE_CURVE('',#1429,#4977,#9223,.T.);
#9223 = LINE('',#9224,#9225);
#9224 = CARTESIAN_POINT('',(143.1,-90.000011,-4.6E-02));
#9225 = VECTOR('',#9226,1.);
#9226 = DIRECTION('',(0.,0.,1.));
#9227 = ORIENTED_EDGE('',*,*,#4976,.F.);
#9228 = ORIENTED_EDGE('',*,*,#9222,.F.);
#9229 = CYLINDRICAL_SURFACE('',#9230,0.750011);
#9230 = AXIS2_PLACEMENT_3D('',#9231,#9232,#9233);
#9231 = CARTESIAN_POINT('',(143.1,-89.25,-4.6E-02));
#9232 = DIRECTION('',(-0.,-0.,-1.));
#9233 = DIRECTION('',(-0.,-1.,0.));
#9234 = ADVANCED_FACE('',(#9235),#9246,.F.);
#9235 = FACE_BOUND('',#9236,.T.);
#9236 = EDGE_LOOP('',(#9237,#9238,#9244,#9245));
#9237 = ORIENTED_EDGE('',*,*,#1439,.T.);
#9238 = ORIENTED_EDGE('',*,*,#9239,.T.);
#9239 = EDGE_CURVE('',#1440,#4988,#9240,.T.);
#9240 = LINE('',#9241,#9242);
#9241 = CARTESIAN_POINT('',(146.,-89.25,-4.6E-02));
#9242 = VECTOR('',#9243,1.);
#9243 = DIRECTION('',(0.,0.,1.));
#9244 = ORIENTED_EDGE('',*,*,#4987,.F.);
#9245 = ORIENTED_EDGE('',*,*,#9239,.F.);
#9246 = CYLINDRICAL_SURFACE('',#9247,1.25);
#9247 = AXIS2_PLACEMENT_3D('',#9248,#9249,#9250);
#9248 = CARTESIAN_POINT('',(146.,-88.,-4.6E-02));
#9249 = DIRECTION('',(-0.,-0.,-1.));
#9250 = DIRECTION('',(-0.,-1.,0.));
#9251 = ADVANCED_FACE('',(#9252),#9263,.F.);
#9252 = FACE_BOUND('',#9253,.T.);
#9253 = EDGE_LOOP('',(#9254,#9255,#9261,#9262));
#9254 = ORIENTED_EDGE('',*,*,#1450,.T.);
#9255 = ORIENTED_EDGE('',*,*,#9256,.T.);
#9256 = EDGE_CURVE('',#1451,#4999,#9257,.T.);
#9257 = LINE('',#9258,#9259);
#9258 = CARTESIAN_POINT('',(148.9,-90.000011,-4.6E-02));
#9259 = VECTOR('',#9260,1.);
#9260 = DIRECTION('',(0.,0.,1.));
#9261 = ORIENTED_EDGE('',*,*,#4998,.F.);
#9262 = ORIENTED_EDGE('',*,*,#9256,.F.);
#9263 = CYLINDRICAL_SURFACE('',#9264,0.750011);
#9264 = AXIS2_PLACEMENT_3D('',#9265,#9266,#9267);
#9265 = CARTESIAN_POINT('',(148.9,-89.25,-4.6E-02));
#9266 = DIRECTION('',(-0.,-0.,-1.));
#9267 = DIRECTION('',(-0.,-1.,0.));
#9268 = ADVANCED_FACE('',(#9269),#9280,.F.);
#9269 = FACE_BOUND('',#9270,.T.);
#9270 = EDGE_LOOP('',(#9271,#9272,#9278,#9279));
#9271 = ORIENTED_EDGE('',*,*,#1461,.T.);
#9272 = ORIENTED_EDGE('',*,*,#9273,.T.);
#9273 = EDGE_CURVE('',#1462,#5010,#9274,.T.);
#9274 = LINE('',#9275,#9276);
#9275 = CARTESIAN_POINT('',(152.4,-90.000011,-4.6E-02));
#9276 = VECTOR('',#9277,1.);
#9277 = DIRECTION('',(0.,0.,1.));
#9278 = ORIENTED_EDGE('',*,*,#5009,.F.);
#9279 = ORIENTED_EDGE('',*,*,#9273,.F.);
#9280 = CYLINDRICAL_SURFACE('',#9281,0.750011);
#9281 = AXIS2_PLACEMENT_3D('',#9282,#9283,#9284);
#9282 = CARTESIAN_POINT('',(152.4,-89.25,-4.6E-02));
#9283 = DIRECTION('',(-0.,-0.,-1.));
#9284 = DIRECTION('',(-0.,-1.,0.));
#9285 = ADVANCED_FACE('',(#9286),#9297,.F.);
#9286 = FACE_BOUND('',#9287,.T.);
#9287 = EDGE_LOOP('',(#9288,#9289,#9295,#9296));
#9288 = ORIENTED_EDGE('',*,*,#1472,.T.);
#9289 = ORIENTED_EDGE('',*,*,#9290,.T.);
#9290 = EDGE_CURVE('',#1473,#5021,#9291,.T.);
#9291 = LINE('',#9292,#9293);
#9292 = CARTESIAN_POINT('',(143.1,-87.630011,-4.6E-02));
#9293 = VECTOR('',#9294,1.);
#9294 = DIRECTION('',(0.,0.,1.));
#9295 = ORIENTED_EDGE('',*,*,#5020,.F.);
#9296 = ORIENTED_EDGE('',*,*,#9290,.F.);
#9297 = CYLINDRICAL_SURFACE('',#9298,0.750011);
#9298 = AXIS2_PLACEMENT_3D('',#9299,#9300,#9301);
#9299 = CARTESIAN_POINT('',(143.1,-86.88,-4.6E-02));
#9300 = DIRECTION('',(-0.,-0.,-1.));
#9301 = DIRECTION('',(-0.,-1.,0.));
#9302 = ADVANCED_FACE('',(#9303),#9314,.F.);
#9303 = FACE_BOUND('',#9304,.T.);
#9304 = EDGE_LOOP('',(#9305,#9306,#9312,#9313));
#9305 = ORIENTED_EDGE('',*,*,#1483,.T.);
#9306 = ORIENTED_EDGE('',*,*,#9307,.T.);
#9307 = EDGE_CURVE('',#1484,#5032,#9308,.T.);
#9308 = LINE('',#9309,#9310);
#9309 = CARTESIAN_POINT('',(148.9,-87.500011,-4.6E-02));
#9310 = VECTOR('',#9311,1.);
#9311 = DIRECTION('',(0.,0.,1.));
#9312 = ORIENTED_EDGE('',*,*,#5031,.F.);
#9313 = ORIENTED_EDGE('',*,*,#9307,.F.);
#9314 = CYLINDRICAL_SURFACE('',#9315,0.750011);
#9315 = AXIS2_PLACEMENT_3D('',#9316,#9317,#9318);
#9316 = CARTESIAN_POINT('',(148.9,-86.75,-4.6E-02));
#9317 = DIRECTION('',(-0.,-0.,-1.));
#9318 = DIRECTION('',(-0.,-1.,0.));
#9319 = ADVANCED_FACE('',(#9320),#9331,.F.);
#9320 = FACE_BOUND('',#9321,.T.);
#9321 = EDGE_LOOP('',(#9322,#9323,#9329,#9330));
#9322 = ORIENTED_EDGE('',*,*,#1494,.T.);
#9323 = ORIENTED_EDGE('',*,*,#9324,.T.);
#9324 = EDGE_CURVE('',#1495,#5043,#9325,.T.);
#9325 = LINE('',#9326,#9327);
#9326 = CARTESIAN_POINT('',(152.4,-87.500011,-4.6E-02));
#9327 = VECTOR('',#9328,1.);
#9328 = DIRECTION('',(0.,0.,1.));
#9329 = ORIENTED_EDGE('',*,*,#5042,.F.);
#9330 = ORIENTED_EDGE('',*,*,#9324,.F.);
#9331 = CYLINDRICAL_SURFACE('',#9332,0.750011);
#9332 = AXIS2_PLACEMENT_3D('',#9333,#9334,#9335);
#9333 = CARTESIAN_POINT('',(152.4,-86.75,-4.6E-02));
#9334 = DIRECTION('',(-0.,-0.,-1.));
#9335 = DIRECTION('',(-0.,-1.,0.));
#9336 = ADVANCED_FACE('',(#9337),#9348,.F.);
#9337 = FACE_BOUND('',#9338,.T.);
#9338 = EDGE_LOOP('',(#9339,#9340,#9346,#9347));
#9339 = ORIENTED_EDGE('',*,*,#1505,.T.);
#9340 = ORIENTED_EDGE('',*,*,#9341,.T.);
#9341 = EDGE_CURVE('',#1506,#5054,#9342,.T.);
#9342 = LINE('',#9343,#9344);
#9343 = CARTESIAN_POINT('',(139.0761,-81.2229,-3.6E-02));
#9344 = VECTOR('',#9345,1.);
#9345 = DIRECTION('',(0.,0.,1.));
#9346 = ORIENTED_EDGE('',*,*,#5053,.F.);
#9347 = ORIENTED_EDGE('',*,*,#9341,.F.);
#9348 = CYLINDRICAL_SURFACE('',#9349,0.2);
#9349 = AXIS2_PLACEMENT_3D('',#9350,#9351,#9352);
#9350 = CARTESIAN_POINT('',(139.0761,-81.0229,-3.6E-02));
#9351 = DIRECTION('',(-0.,-0.,-1.));
#9352 = DIRECTION('',(-0.,-1.,0.));
#9353 = ADVANCED_FACE('',(#9354),#9365,.F.);
#9354 = FACE_BOUND('',#9355,.T.);
#9355 = EDGE_LOOP('',(#9356,#9357,#9363,#9364));
#9356 = ORIENTED_EDGE('',*,*,#1516,.T.);
#9357 = ORIENTED_EDGE('',*,*,#9358,.T.);
#9358 = EDGE_CURVE('',#1517,#5065,#9359,.T.);
#9359 = LINE('',#9360,#9361);
#9360 = CARTESIAN_POINT('',(135.362646,-80.133219,-3.6E-02));
#9361 = VECTOR('',#9362,1.);
#9362 = DIRECTION('',(0.,0.,1.));
#9363 = ORIENTED_EDGE('',*,*,#5064,.F.);
#9364 = ORIENTED_EDGE('',*,*,#9358,.F.);
#9365 = CYLINDRICAL_SURFACE('',#9366,0.2);
#9366 = AXIS2_PLACEMENT_3D('',#9367,#9368,#9369);
#9367 = CARTESIAN_POINT('',(135.362646,-79.933219,-3.6E-02));
#9368 = DIRECTION('',(-0.,0.,-1.));
#9369 = DIRECTION('',(1.42108547152E-13,-1.,-0.));
#9370 = ADVANCED_FACE('',(#9371),#9382,.F.);
#9371 = FACE_BOUND('',#9372,.T.);
#9372 = EDGE_LOOP('',(#9373,#9374,#9380,#9381));
#9373 = ORIENTED_EDGE('',*,*,#1527,.T.);
#9374 = ORIENTED_EDGE('',*,*,#9375,.T.);
#9375 = EDGE_CURVE('',#1528,#5076,#9376,.T.);
#9376 = LINE('',#9377,#9378);
#9377 = CARTESIAN_POINT('',(143.1809,-79.9266,-3.6E-02));
#9378 = VECTOR('',#9379,1.);
#9379 = DIRECTION('',(0.,0.,1.));
#9380 = ORIENTED_EDGE('',*,*,#5075,.F.);
#9381 = ORIENTED_EDGE('',*,*,#9375,.F.);
#9382 = CYLINDRICAL_SURFACE('',#9383,0.2);
#9383 = AXIS2_PLACEMENT_3D('',#9384,#9385,#9386);
#9384 = CARTESIAN_POINT('',(143.1809,-79.7266,-3.6E-02));
#9385 = DIRECTION('',(-0.,-0.,-1.));
#9386 = DIRECTION('',(-0.,-1.,0.));
#9387 = ADVANCED_FACE('',(#9388),#9399,.F.);
#9388 = FACE_BOUND('',#9389,.T.);
#9389 = EDGE_LOOP('',(#9390,#9391,#9397,#9398));
#9390 = ORIENTED_EDGE('',*,*,#1538,.T.);
#9391 = ORIENTED_EDGE('',*,*,#9392,.T.);
#9392 = EDGE_CURVE('',#1539,#5087,#9393,.T.);
#9393 = LINE('',#9394,#9395);
#9394 = CARTESIAN_POINT('',(146.362646,-80.133219,-3.6E-02));
#9395 = VECTOR('',#9396,1.);
#9396 = DIRECTION('',(0.,0.,1.));
#9397 = ORIENTED_EDGE('',*,*,#5086,.F.);
#9398 = ORIENTED_EDGE('',*,*,#9392,.F.);
#9399 = CYLINDRICAL_SURFACE('',#9400,0.2);
#9400 = AXIS2_PLACEMENT_3D('',#9401,#9402,#9403);
#9401 = CARTESIAN_POINT('',(146.362646,-79.933219,-3.6E-02));
#9402 = DIRECTION('',(-0.,0.,-1.));
#9403 = DIRECTION('',(1.42108547152E-13,-1.,-0.));
#9404 = ADVANCED_FACE('',(#9405),#9416,.F.);
#9405 = FACE_BOUND('',#9406,.T.);
#9406 = EDGE_LOOP('',(#9407,#9408,#9414,#9415));
#9407 = ORIENTED_EDGE('',*,*,#1549,.T.);
#9408 = ORIENTED_EDGE('',*,*,#9409,.T.);
#9409 = EDGE_CURVE('',#1550,#5098,#9410,.T.);
#9410 = LINE('',#9411,#9412);
#9411 = CARTESIAN_POINT('',(172.024999,-103.2,-3.6E-02));
#9412 = VECTOR('',#9413,1.);
#9413 = DIRECTION('',(0.,0.,1.));
#9414 = ORIENTED_EDGE('',*,*,#5097,.F.);
#9415 = ORIENTED_EDGE('',*,*,#9409,.F.);
#9416 = CYLINDRICAL_SURFACE('',#9417,0.2);
#9417 = AXIS2_PLACEMENT_3D('',#9418,#9419,#9420);
#9418 = CARTESIAN_POINT('',(172.024999,-103.,-3.6E-02));
#9419 = DIRECTION('',(-0.,0.,-1.));
#9420 = DIRECTION('',(1.42108547152E-13,-1.,-0.));
#9421 = ADVANCED_FACE('',(#9422),#9433,.F.);
#9422 = FACE_BOUND('',#9423,.T.);
#9423 = EDGE_LOOP('',(#9424,#9425,#9431,#9432));
#9424 = ORIENTED_EDGE('',*,*,#1560,.T.);
#9425 = ORIENTED_EDGE('',*,*,#9426,.T.);
#9426 = EDGE_CURVE('',#1561,#5109,#9427,.T.);
#9427 = LINE('',#9428,#9429);
#9428 = CARTESIAN_POINT('',(172.024999,-96.2,-3.6E-02));
#9429 = VECTOR('',#9430,1.);
#9430 = DIRECTION('',(0.,0.,1.));
#9431 = ORIENTED_EDGE('',*,*,#5108,.F.);
#9432 = ORIENTED_EDGE('',*,*,#9426,.F.);
#9433 = CYLINDRICAL_SURFACE('',#9434,0.2);
#9434 = AXIS2_PLACEMENT_3D('',#9435,#9436,#9437);
#9435 = CARTESIAN_POINT('',(172.024999,-96.,-3.6E-02));
#9436 = DIRECTION('',(-0.,0.,-1.));
#9437 = DIRECTION('',(1.42108547152E-13,-1.,-0.));
#9438 = ADVANCED_FACE('',(#9439),#9450,.F.);
#9439 = FACE_BOUND('',#9440,.T.);
#9440 = EDGE_LOOP('',(#9441,#9442,#9448,#9449));
#9441 = ORIENTED_EDGE('',*,*,#1571,.T.);
#9442 = ORIENTED_EDGE('',*,*,#9443,.T.);
#9443 = EDGE_CURVE('',#1572,#5120,#9444,.T.);
#9444 = LINE('',#9445,#9446);
#9445 = CARTESIAN_POINT('',(176.36,-93.55,-3.6E-02));
#9446 = VECTOR('',#9447,1.);
#9447 = DIRECTION('',(0.,0.,1.));
#9448 = ORIENTED_EDGE('',*,*,#5119,.F.);
#9449 = ORIENTED_EDGE('',*,*,#9443,.F.);
#9450 = CYLINDRICAL_SURFACE('',#9451,0.25);
#9451 = AXIS2_PLACEMENT_3D('',#9452,#9453,#9454);
#9452 = CARTESIAN_POINT('',(176.36,-93.3,-3.6E-02));
#9453 = DIRECTION('',(-0.,-0.,-1.));
#9454 = DIRECTION('',(-0.,-1.,0.));
#9455 = ADVANCED_FACE('',(#9456),#9467,.F.);
#9456 = FACE_BOUND('',#9457,.T.);
#9457 = EDGE_LOOP('',(#9458,#9459,#9465,#9466));
#9458 = ORIENTED_EDGE('',*,*,#1582,.T.);
#9459 = ORIENTED_EDGE('',*,*,#9460,.T.);
#9460 = EDGE_CURVE('',#1583,#5131,#9461,.T.);
#9461 = LINE('',#9462,#9463);
#9462 = CARTESIAN_POINT('',(177.64,-93.55,-3.6E-02));
#9463 = VECTOR('',#9464,1.);
#9464 = DIRECTION('',(0.,0.,1.));
#9465 = ORIENTED_EDGE('',*,*,#5130,.F.);
#9466 = ORIENTED_EDGE('',*,*,#9460,.F.);
#9467 = CYLINDRICAL_SURFACE('',#9468,0.25);
#9468 = AXIS2_PLACEMENT_3D('',#9469,#9470,#9471);
#9469 = CARTESIAN_POINT('',(177.64,-93.3,-3.6E-02));
#9470 = DIRECTION('',(-0.,-0.,-1.));
#9471 = DIRECTION('',(-0.,-1.,0.));
#9472 = ADVANCED_FACE('',(#9473),#9484,.F.);
#9473 = FACE_BOUND('',#9474,.T.);
#9474 = EDGE_LOOP('',(#9475,#9476,#9482,#9483));
#9475 = ORIENTED_EDGE('',*,*,#1593,.T.);
#9476 = ORIENTED_EDGE('',*,*,#9477,.T.);
#9477 = EDGE_CURVE('',#1594,#5142,#9478,.T.);
#9478 = LINE('',#9479,#9480);
#9479 = CARTESIAN_POINT('',(178.9,-93.55,-3.6E-02));
#9480 = VECTOR('',#9481,1.);
#9481 = DIRECTION('',(0.,0.,1.));
#9482 = ORIENTED_EDGE('',*,*,#5141,.F.);
#9483 = ORIENTED_EDGE('',*,*,#9477,.F.);
#9484 = CYLINDRICAL_SURFACE('',#9485,0.25);
#9485 = AXIS2_PLACEMENT_3D('',#9486,#9487,#9488);
#9486 = CARTESIAN_POINT('',(178.9,-93.3,-3.6E-02));
#9487 = DIRECTION('',(-0.,-0.,-1.));
#9488 = DIRECTION('',(-0.,-1.,0.));
#9489 = ADVANCED_FACE('',(#9490),#9501,.F.);
#9490 = FACE_BOUND('',#9491,.T.);
#9491 = EDGE_LOOP('',(#9492,#9493,#9499,#9500));
#9492 = ORIENTED_EDGE('',*,*,#1604,.T.);
#9493 = ORIENTED_EDGE('',*,*,#9494,.T.);
#9494 = EDGE_CURVE('',#1605,#5153,#9495,.T.);
#9495 = LINE('',#9496,#9497);
#9496 = CARTESIAN_POINT('',(156.35,-88.2,-3.6E-02));
#9497 = VECTOR('',#9498,1.);
#9498 = DIRECTION('',(0.,0.,1.));
#9499 = ORIENTED_EDGE('',*,*,#5152,.F.);
#9500 = ORIENTED_EDGE('',*,*,#9494,.F.);
#9501 = CYLINDRICAL_SURFACE('',#9502,0.2);
#9502 = AXIS2_PLACEMENT_3D('',#9503,#9504,#9505);
#9503 = CARTESIAN_POINT('',(156.35,-88.,-3.6E-02));
#9504 = DIRECTION('',(-0.,-0.,-1.));
#9505 = DIRECTION('',(-1.42108547152E-13,-1.,0.));
#9506 = ADVANCED_FACE('',(#9507),#9518,.F.);
#9507 = FACE_BOUND('',#9508,.T.);
#9508 = EDGE_LOOP('',(#9509,#9510,#9516,#9517));
#9509 = ORIENTED_EDGE('',*,*,#1615,.T.);
#9510 = ORIENTED_EDGE('',*,*,#9511,.T.);
#9511 = EDGE_CURVE('',#1616,#5164,#9512,.T.);
#9512 = LINE('',#9513,#9514);
#9513 = CARTESIAN_POINT('',(162.65,-85.25,-3.6E-02));
#9514 = VECTOR('',#9515,1.);
#9515 = DIRECTION('',(0.,0.,1.));
#9516 = ORIENTED_EDGE('',*,*,#5163,.F.);
#9517 = ORIENTED_EDGE('',*,*,#9511,.F.);
#9518 = CYLINDRICAL_SURFACE('',#9519,0.25);
#9519 = AXIS2_PLACEMENT_3D('',#9520,#9521,#9522);
#9520 = CARTESIAN_POINT('',(162.65,-85.,-3.6E-02));
#9521 = DIRECTION('',(-0.,-0.,-1.));
#9522 = DIRECTION('',(-0.,-1.,0.));
#9523 = ADVANCED_FACE('',(#9524),#9535,.F.);
#9524 = FACE_BOUND('',#9525,.T.);
#9525 = EDGE_LOOP('',(#9526,#9527,#9533,#9534));
#9526 = ORIENTED_EDGE('',*,*,#1626,.T.);
#9527 = ORIENTED_EDGE('',*,*,#9528,.T.);
#9528 = EDGE_CURVE('',#1627,#5175,#9529,.T.);
#9529 = LINE('',#9530,#9531);
#9530 = CARTESIAN_POINT('',(175.6,-90.000011,-4.6E-02));
#9531 = VECTOR('',#9532,1.);
#9532 = DIRECTION('',(0.,0.,1.));
#9533 = ORIENTED_EDGE('',*,*,#5174,.F.);
#9534 = ORIENTED_EDGE('',*,*,#9528,.F.);
#9535 = CYLINDRICAL_SURFACE('',#9536,0.750011);
#9536 = AXIS2_PLACEMENT_3D('',#9537,#9538,#9539);
#9537 = CARTESIAN_POINT('',(175.6,-89.25,-4.6E-02));
#9538 = DIRECTION('',(-0.,-0.,-1.));
#9539 = DIRECTION('',(-0.,-1.,0.));
#9540 = ADVANCED_FACE('',(#9541),#9552,.F.);
#9541 = FACE_BOUND('',#9542,.T.);
#9542 = EDGE_LOOP('',(#9543,#9544,#9550,#9551));
#9543 = ORIENTED_EDGE('',*,*,#1637,.T.);
#9544 = ORIENTED_EDGE('',*,*,#9545,.T.);
#9545 = EDGE_CURVE('',#1638,#5186,#9546,.T.);
#9546 = LINE('',#9547,#9548);
#9547 = CARTESIAN_POINT('',(175.6,-87.500011,-4.6E-02));
#9548 = VECTOR('',#9549,1.);
#9549 = DIRECTION('',(0.,0.,1.));
#9550 = ORIENTED_EDGE('',*,*,#5185,.F.);
#9551 = ORIENTED_EDGE('',*,*,#9545,.F.);
#9552 = CYLINDRICAL_SURFACE('',#9553,0.750011);
#9553 = AXIS2_PLACEMENT_3D('',#9554,#9555,#9556);
#9554 = CARTESIAN_POINT('',(175.6,-86.75,-4.6E-02));
#9555 = DIRECTION('',(-0.,-0.,-1.));
#9556 = DIRECTION('',(-0.,-1.,0.));
#9557 = ADVANCED_FACE('',(#9558),#9569,.F.);
#9558 = FACE_BOUND('',#9559,.T.);
#9559 = EDGE_LOOP('',(#9560,#9561,#9567,#9568));
#9560 = ORIENTED_EDGE('',*,*,#1648,.T.);
#9561 = ORIENTED_EDGE('',*,*,#9562,.T.);
#9562 = EDGE_CURVE('',#1649,#5197,#9563,.T.);
#9563 = LINE('',#9564,#9565);
#9564 = CARTESIAN_POINT('',(157.574065,-81.836931,-3.6E-02));
#9565 = VECTOR('',#9566,1.);
#9566 = DIRECTION('',(0.,0.,1.));
#9567 = ORIENTED_EDGE('',*,*,#5196,.F.);
#9568 = ORIENTED_EDGE('',*,*,#9562,.F.);
#9569 = CYLINDRICAL_SURFACE('',#9570,0.2);
#9570 = AXIS2_PLACEMENT_3D('',#9571,#9572,#9573);
#9571 = CARTESIAN_POINT('',(157.574065,-81.636931,-3.6E-02));
#9572 = DIRECTION('',(-0.,-0.,-1.));
#9573 = DIRECTION('',(-1.42108547152E-13,-1.,0.));
#9574 = ADVANCED_FACE('',(#9575),#9586,.F.);
#9575 = FACE_BOUND('',#9576,.T.);
#9576 = EDGE_LOOP('',(#9577,#9578,#9584,#9585));
#9577 = ORIENTED_EDGE('',*,*,#1659,.T.);
#9578 = ORIENTED_EDGE('',*,*,#9579,.T.);
#9579 = EDGE_CURVE('',#1660,#5208,#9580,.T.);
#9580 = LINE('',#9581,#9582);
#9581 = CARTESIAN_POINT('',(157.362646,-80.133219,-3.6E-02));
#9582 = VECTOR('',#9583,1.);
#9583 = DIRECTION('',(0.,0.,1.));
#9584 = ORIENTED_EDGE('',*,*,#5207,.F.);
#9585 = ORIENTED_EDGE('',*,*,#9579,.F.);
#9586 = CYLINDRICAL_SURFACE('',#9587,0.2);
#9587 = AXIS2_PLACEMENT_3D('',#9588,#9589,#9590);
#9588 = CARTESIAN_POINT('',(157.362646,-79.933219,-3.6E-02));
#9589 = DIRECTION('',(-0.,0.,-1.));
#9590 = DIRECTION('',(1.42108547152E-13,-1.,-0.));
#9591 = ADVANCED_FACE('',(#9592),#9603,.F.);
#9592 = FACE_BOUND('',#9593,.T.);
#9593 = EDGE_LOOP('',(#9594,#9595,#9601,#9602));
#9594 = ORIENTED_EDGE('',*,*,#1670,.T.);
#9595 = ORIENTED_EDGE('',*,*,#9596,.T.);
#9596 = EDGE_CURVE('',#1671,#5219,#9597,.T.);
#9597 = LINE('',#9598,#9599);
#9598 = CARTESIAN_POINT('',(155.2298,-78.8685,-3.6E-02));
#9599 = VECTOR('',#9600,1.);
#9600 = DIRECTION('',(0.,0.,1.));
#9601 = ORIENTED_EDGE('',*,*,#5218,.F.);
#9602 = ORIENTED_EDGE('',*,*,#9596,.F.);
#9603 = CYLINDRICAL_SURFACE('',#9604,0.2);
#9604 = AXIS2_PLACEMENT_3D('',#9605,#9606,#9607);
#9605 = CARTESIAN_POINT('',(155.2298,-78.6685,-3.6E-02));
#9606 = DIRECTION('',(-0.,-0.,-1.));
#9607 = DIRECTION('',(-0.,-1.,0.));
#9608 = ADVANCED_FACE('',(#9609),#9620,.F.);
#9609 = FACE_BOUND('',#9610,.T.);
#9610 = EDGE_LOOP('',(#9611,#9612,#9618,#9619));
#9611 = ORIENTED_EDGE('',*,*,#1681,.T.);
#9612 = ORIENTED_EDGE('',*,*,#9613,.T.);
#9613 = EDGE_CURVE('',#1682,#5230,#9614,.T.);
#9614 = LINE('',#9615,#9616);
#9615 = CARTESIAN_POINT('',(165.412255,-80.332033,-3.6E-02));
#9616 = VECTOR('',#9617,1.);
#9617 = DIRECTION('',(0.,0.,1.));
#9618 = ORIENTED_EDGE('',*,*,#5229,.F.);
#9619 = ORIENTED_EDGE('',*,*,#9613,.F.);
#9620 = CYLINDRICAL_SURFACE('',#9621,0.2);
#9621 = AXIS2_PLACEMENT_3D('',#9622,#9623,#9624);
#9622 = CARTESIAN_POINT('',(165.412255,-80.132033,-3.6E-02));
#9623 = DIRECTION('',(-0.,-0.,-1.));
#9624 = DIRECTION('',(-1.42108547152E-13,-1.,0.));
#9625 = ADVANCED_FACE('',(#9626),#9637,.F.);
#9626 = FACE_BOUND('',#9627,.T.);
#9627 = EDGE_LOOP('',(#9628,#9629,#9635,#9636));
#9628 = ORIENTED_EDGE('',*,*,#1692,.T.);
#9629 = ORIENTED_EDGE('',*,*,#9630,.T.);
#9630 = EDGE_CURVE('',#1693,#5241,#9631,.T.);
#9631 = LINE('',#9632,#9633);
#9632 = CARTESIAN_POINT('',(179.1,-90.000011,-4.6E-02));
#9633 = VECTOR('',#9634,1.);
#9634 = DIRECTION('',(0.,0.,1.));
#9635 = ORIENTED_EDGE('',*,*,#5240,.F.);
#9636 = ORIENTED_EDGE('',*,*,#9630,.F.);
#9637 = CYLINDRICAL_SURFACE('',#9638,0.750011);
#9638 = AXIS2_PLACEMENT_3D('',#9639,#9640,#9641);
#9639 = CARTESIAN_POINT('',(179.1,-89.25,-4.6E-02));
#9640 = DIRECTION('',(-0.,-0.,-1.));
#9641 = DIRECTION('',(-0.,-1.,0.));
#9642 = ADVANCED_FACE('',(#9643),#9654,.F.);
#9643 = FACE_BOUND('',#9644,.T.);
#9644 = EDGE_LOOP('',(#9645,#9646,#9652,#9653));
#9645 = ORIENTED_EDGE('',*,*,#1703,.T.);
#9646 = ORIENTED_EDGE('',*,*,#9647,.T.);
#9647 = EDGE_CURVE('',#1704,#5252,#9648,.T.);
#9648 = LINE('',#9649,#9650);
#9649 = CARTESIAN_POINT('',(182.,-89.25,-4.6E-02));
#9650 = VECTOR('',#9651,1.);
#9651 = DIRECTION('',(0.,0.,1.));
#9652 = ORIENTED_EDGE('',*,*,#5251,.F.);
#9653 = ORIENTED_EDGE('',*,*,#9647,.F.);
#9654 = CYLINDRICAL_SURFACE('',#9655,1.25);
#9655 = AXIS2_PLACEMENT_3D('',#9656,#9657,#9658);
#9656 = CARTESIAN_POINT('',(182.,-88.,-4.6E-02));
#9657 = DIRECTION('',(-0.,-0.,-1.));
#9658 = DIRECTION('',(-0.,-1.,0.));
#9659 = ADVANCED_FACE('',(#9660),#9671,.F.);
#9660 = FACE_BOUND('',#9661,.T.);
#9661 = EDGE_LOOP('',(#9662,#9663,#9669,#9670));
#9662 = ORIENTED_EDGE('',*,*,#1714,.T.);
#9663 = ORIENTED_EDGE('',*,*,#9664,.T.);
#9664 = EDGE_CURVE('',#1715,#5263,#9665,.T.);
#9665 = LINE('',#9666,#9667);
#9666 = CARTESIAN_POINT('',(184.9,-90.000011,-4.6E-02));
#9667 = VECTOR('',#9668,1.);
#9668 = DIRECTION('',(0.,0.,1.));
#9669 = ORIENTED_EDGE('',*,*,#5262,.F.);
#9670 = ORIENTED_EDGE('',*,*,#9664,.F.);
#9671 = CYLINDRICAL_SURFACE('',#9672,0.750011);
#9672 = AXIS2_PLACEMENT_3D('',#9673,#9674,#9675);
#9673 = CARTESIAN_POINT('',(184.9,-89.25,-4.6E-02));
#9674 = DIRECTION('',(-0.,-0.,-1.));
#9675 = DIRECTION('',(-0.,-1.,0.));
#9676 = ADVANCED_FACE('',(#9677),#9688,.F.);
#9677 = FACE_BOUND('',#9678,.T.);
#9678 = EDGE_LOOP('',(#9679,#9680,#9686,#9687));
#9679 = ORIENTED_EDGE('',*,*,#1725,.T.);
#9680 = ORIENTED_EDGE('',*,*,#9681,.T.);
#9681 = EDGE_CURVE('',#1726,#5274,#9682,.T.);
#9682 = LINE('',#9683,#9684);
#9683 = CARTESIAN_POINT('',(179.1,-87.630011,-4.6E-02));
#9684 = VECTOR('',#9685,1.);
#9685 = DIRECTION('',(0.,0.,1.));
#9686 = ORIENTED_EDGE('',*,*,#5273,.F.);
#9687 = ORIENTED_EDGE('',*,*,#9681,.F.);
#9688 = CYLINDRICAL_SURFACE('',#9689,0.750011);
#9689 = AXIS2_PLACEMENT_3D('',#9690,#9691,#9692);
#9690 = CARTESIAN_POINT('',(179.1,-86.88,-4.6E-02));
#9691 = DIRECTION('',(-0.,-0.,-1.));
#9692 = DIRECTION('',(-0.,-1.,0.));
#9693 = ADVANCED_FACE('',(#9694),#9705,.F.);
#9694 = FACE_BOUND('',#9695,.T.);
#9695 = EDGE_LOOP('',(#9696,#9697,#9703,#9704));
#9696 = ORIENTED_EDGE('',*,*,#1736,.T.);
#9697 = ORIENTED_EDGE('',*,*,#9698,.T.);
#9698 = EDGE_CURVE('',#1737,#5285,#9699,.T.);
#9699 = LINE('',#9700,#9701);
#9700 = CARTESIAN_POINT('',(184.9,-87.500011,-4.6E-02));
#9701 = VECTOR('',#9702,1.);
#9702 = DIRECTION('',(0.,0.,1.));
#9703 = ORIENTED_EDGE('',*,*,#5284,.F.);
#9704 = ORIENTED_EDGE('',*,*,#9698,.F.);
#9705 = CYLINDRICAL_SURFACE('',#9706,0.750011);
#9706 = AXIS2_PLACEMENT_3D('',#9707,#9708,#9709);
#9707 = CARTESIAN_POINT('',(184.9,-86.75,-4.6E-02));
#9708 = DIRECTION('',(-0.,-0.,-1.));
#9709 = DIRECTION('',(-0.,-1.,0.));
#9710 = ADVANCED_FACE('',(#9711),#9722,.F.);
#9711 = FACE_BOUND('',#9712,.T.);
#9712 = EDGE_LOOP('',(#9713,#9714,#9720,#9721));
#9713 = ORIENTED_EDGE('',*,*,#1747,.T.);
#9714 = ORIENTED_EDGE('',*,*,#9715,.T.);
#9715 = EDGE_CURVE('',#1748,#5296,#9716,.T.);
#9716 = LINE('',#9717,#9718);
#9717 = CARTESIAN_POINT('',(188.4,-90.000011,-4.6E-02));
#9718 = VECTOR('',#9719,1.);
#9719 = DIRECTION('',(0.,0.,1.));
#9720 = ORIENTED_EDGE('',*,*,#5295,.F.);
#9721 = ORIENTED_EDGE('',*,*,#9715,.F.);
#9722 = CYLINDRICAL_SURFACE('',#9723,0.750011);
#9723 = AXIS2_PLACEMENT_3D('',#9724,#9725,#9726);
#9724 = CARTESIAN_POINT('',(188.4,-89.25,-4.6E-02));
#9725 = DIRECTION('',(-0.,-0.,-1.));
#9726 = DIRECTION('',(-0.,-1.,0.));
#9727 = ADVANCED_FACE('',(#9728),#9739,.F.);
#9728 = FACE_BOUND('',#9729,.T.);
#9729 = EDGE_LOOP('',(#9730,#9731,#9737,#9738));
#9730 = ORIENTED_EDGE('',*,*,#1758,.T.);
#9731 = ORIENTED_EDGE('',*,*,#9732,.T.);
#9732 = EDGE_CURVE('',#1759,#5307,#9733,.T.);
#9733 = LINE('',#9734,#9735);
#9734 = CARTESIAN_POINT('',(188.4,-87.500011,-4.6E-02));
#9735 = VECTOR('',#9736,1.);
#9736 = DIRECTION('',(0.,0.,1.));
#9737 = ORIENTED_EDGE('',*,*,#5306,.F.);
#9738 = ORIENTED_EDGE('',*,*,#9732,.F.);
#9739 = CYLINDRICAL_SURFACE('',#9740,0.750011);
#9740 = AXIS2_PLACEMENT_3D('',#9741,#9742,#9743);
#9741 = CARTESIAN_POINT('',(188.4,-86.75,-4.6E-02));
#9742 = DIRECTION('',(-0.,-0.,-1.));
#9743 = DIRECTION('',(-0.,-1.,0.));
#9744 = ADVANCED_FACE('',(#9745),#9756,.F.);
#9745 = FACE_BOUND('',#9746,.T.);
#9746 = EDGE_LOOP('',(#9747,#9748,#9754,#9755));
#9747 = ORIENTED_EDGE('',*,*,#1769,.T.);
#9748 = ORIENTED_EDGE('',*,*,#9749,.T.);
#9749 = EDGE_CURVE('',#1770,#5318,#9750,.T.);
#9750 = LINE('',#9751,#9752);
#9751 = CARTESIAN_POINT('',(177.85,-82.2,-3.6E-02));
#9752 = VECTOR('',#9753,1.);
#9753 = DIRECTION('',(0.,0.,1.));
#9754 = ORIENTED_EDGE('',*,*,#5317,.F.);
#9755 = ORIENTED_EDGE('',*,*,#9749,.F.);
#9756 = CYLINDRICAL_SURFACE('',#9757,0.2);
#9757 = AXIS2_PLACEMENT_3D('',#9758,#9759,#9760);
#9758 = CARTESIAN_POINT('',(177.85,-82.,-3.6E-02));
#9759 = DIRECTION('',(-0.,-0.,-1.));
#9760 = DIRECTION('',(-1.42108547152E-13,-1.,0.));
#9761 = ADVANCED_FACE('',(#9762),#9773,.F.);
#9762 = FACE_BOUND('',#9763,.T.);
#9763 = EDGE_LOOP('',(#9764,#9765,#9771,#9772));
#9764 = ORIENTED_EDGE('',*,*,#1780,.T.);
#9765 = ORIENTED_EDGE('',*,*,#9766,.T.);
#9766 = EDGE_CURVE('',#1781,#5329,#9767,.T.);
#9767 = LINE('',#9768,#9769);
#9768 = CARTESIAN_POINT('',(184.15,-79.25,-3.6E-02));
#9769 = VECTOR('',#9770,1.);
#9770 = DIRECTION('',(0.,0.,1.));
#9771 = ORIENTED_EDGE('',*,*,#5328,.F.);
#9772 = ORIENTED_EDGE('',*,*,#9766,.F.);
#9773 = CYLINDRICAL_SURFACE('',#9774,0.25);
#9774 = AXIS2_PLACEMENT_3D('',#9775,#9776,#9777);
#9775 = CARTESIAN_POINT('',(184.15,-79.,-3.6E-02));
#9776 = DIRECTION('',(-0.,-0.,-1.));
#9777 = DIRECTION('',(-0.,-1.,0.));
#9778 = ADVANCED_FACE('',(#9779),#9790,.F.);
#9779 = FACE_BOUND('',#9780,.T.);
#9780 = EDGE_LOOP('',(#9781,#9782,#9788,#9789));
#9781 = ORIENTED_EDGE('',*,*,#1791,.T.);
#9782 = ORIENTED_EDGE('',*,*,#9783,.T.);
#9783 = EDGE_CURVE('',#1792,#5340,#9784,.T.);
#9784 = LINE('',#9785,#9786);
#9785 = CARTESIAN_POINT('',(27.975,-75.2,-3.6E-02));
#9786 = VECTOR('',#9787,1.);
#9787 = DIRECTION('',(0.,0.,1.));
#9788 = ORIENTED_EDGE('',*,*,#5339,.F.);
#9789 = ORIENTED_EDGE('',*,*,#9783,.F.);
#9790 = CYLINDRICAL_SURFACE('',#9791,0.2);
#9791 = AXIS2_PLACEMENT_3D('',#9792,#9793,#9794);
#9792 = CARTESIAN_POINT('',(27.975,-75.,-3.6E-02));
#9793 = DIRECTION('',(-0.,-0.,-1.));
#9794 = DIRECTION('',(-0.,-1.,0.));
#9795 = ADVANCED_FACE('',(#9796),#9807,.F.);
#9796 = FACE_BOUND('',#9797,.T.);
#9797 = EDGE_LOOP('',(#9798,#9799,#9805,#9806));
#9798 = ORIENTED_EDGE('',*,*,#1802,.T.);
#9799 = ORIENTED_EDGE('',*,*,#9800,.T.);
#9800 = EDGE_CURVE('',#1803,#5351,#9801,.T.);
#9801 = LINE('',#9802,#9803);
#9802 = CARTESIAN_POINT('',(40.025,-75.2,-3.6E-02));
#9803 = VECTOR('',#9804,1.);
#9804 = DIRECTION('',(0.,0.,1.));
#9805 = ORIENTED_EDGE('',*,*,#5350,.F.);
#9806 = ORIENTED_EDGE('',*,*,#9800,.F.);
#9807 = CYLINDRICAL_SURFACE('',#9808,0.2);
#9808 = AXIS2_PLACEMENT_3D('',#9809,#9810,#9811);
#9809 = CARTESIAN_POINT('',(40.025,-75.,-3.6E-02));
#9810 = DIRECTION('',(-0.,-0.,-1.));
#9811 = DIRECTION('',(-3.5527136788E-14,-1.,0.));
#9812 = ADVANCED_FACE('',(#9813),#9824,.F.);
#9813 = FACE_BOUND('',#9814,.T.);
#9814 = EDGE_LOOP('',(#9815,#9816,#9822,#9823));
#9815 = ORIENTED_EDGE('',*,*,#1813,.T.);
#9816 = ORIENTED_EDGE('',*,*,#9817,.T.);
#9817 = EDGE_CURVE('',#1814,#5362,#9818,.T.);
#9818 = LINE('',#9819,#9820);
#9819 = CARTESIAN_POINT('',(29.05,-66.2,-3.6E-02));
#9820 = VECTOR('',#9821,1.);
#9821 = DIRECTION('',(0.,0.,1.));
#9822 = ORIENTED_EDGE('',*,*,#5361,.F.);
#9823 = ORIENTED_EDGE('',*,*,#9817,.F.);
#9824 = CYLINDRICAL_SURFACE('',#9825,0.2);
#9825 = AXIS2_PLACEMENT_3D('',#9826,#9827,#9828);
#9826 = CARTESIAN_POINT('',(29.05,-66.,-3.6E-02));
#9827 = DIRECTION('',(-0.,-0.,-1.));
#9828 = DIRECTION('',(-0.,-1.,0.));
#9829 = ADVANCED_FACE('',(#9830),#9841,.F.);
#9830 = FACE_BOUND('',#9831,.T.);
#9831 = EDGE_LOOP('',(#9832,#9833,#9839,#9840));
#9832 = ORIENTED_EDGE('',*,*,#1824,.T.);
#9833 = ORIENTED_EDGE('',*,*,#9834,.T.);
#9834 = EDGE_CURVE('',#1825,#5373,#9835,.T.);
#9835 = LINE('',#9836,#9837);
#9836 = CARTESIAN_POINT('',(41.815952,-70.146916,-3.6E-02));
#9837 = VECTOR('',#9838,1.);
#9838 = DIRECTION('',(0.,0.,1.));
#9839 = ORIENTED_EDGE('',*,*,#5372,.F.);
#9840 = ORIENTED_EDGE('',*,*,#9834,.F.);
#9841 = CYLINDRICAL_SURFACE('',#9842,0.2);
#9842 = AXIS2_PLACEMENT_3D('',#9843,#9844,#9845);
#9843 = CARTESIAN_POINT('',(41.815952,-69.946916,-3.6E-02));
#9844 = DIRECTION('',(-0.,0.,-1.));
#9845 = DIRECTION('',(3.5527136788E-14,-1.,-0.));
#9846 = ADVANCED_FACE('',(#9847),#9858,.F.);
#9847 = FACE_BOUND('',#9848,.T.);
#9848 = EDGE_LOOP('',(#9849,#9850,#9856,#9857));
#9849 = ORIENTED_EDGE('',*,*,#1835,.T.);
#9850 = ORIENTED_EDGE('',*,*,#9851,.T.);
#9851 = EDGE_CURVE('',#1836,#5384,#9852,.T.);
#9852 = LINE('',#9853,#9854);
#9853 = CARTESIAN_POINT('',(51.219609,-75.395871,-3.6E-02));
#9854 = VECTOR('',#9855,1.);
#9855 = DIRECTION('',(0.,0.,1.));
#9856 = ORIENTED_EDGE('',*,*,#5383,.F.);
#9857 = ORIENTED_EDGE('',*,*,#9851,.F.);
#9858 = CYLINDRICAL_SURFACE('',#9859,0.2);
#9859 = AXIS2_PLACEMENT_3D('',#9860,#9861,#9862);
#9860 = CARTESIAN_POINT('',(51.219609,-75.195871,-3.6E-02));
#9861 = DIRECTION('',(-0.,-0.,-1.));
#9862 = DIRECTION('',(-3.552713678801E-14,-1.,0.));
#9863 = ADVANCED_FACE('',(#9864),#9875,.F.);
#9864 = FACE_BOUND('',#9865,.T.);
#9865 = EDGE_LOOP('',(#9866,#9867,#9873,#9874));
#9866 = ORIENTED_EDGE('',*,*,#1846,.T.);
#9867 = ORIENTED_EDGE('',*,*,#9868,.T.);
#9868 = EDGE_CURVE('',#1847,#5395,#9869,.T.);
#9869 = LINE('',#9870,#9871);
#9870 = CARTESIAN_POINT('',(61.5,-75.3,-3.6E-02));
#9871 = VECTOR('',#9872,1.);
#9872 = DIRECTION('',(0.,0.,1.));
#9873 = ORIENTED_EDGE('',*,*,#5394,.F.);
#9874 = ORIENTED_EDGE('',*,*,#9868,.F.);
#9875 = CYLINDRICAL_SURFACE('',#9876,0.3);
#9876 = AXIS2_PLACEMENT_3D('',#9877,#9878,#9879);
#9877 = CARTESIAN_POINT('',(61.5,-75.,-3.6E-02));
#9878 = DIRECTION('',(-0.,-0.,-1.));
#9879 = DIRECTION('',(-0.,-1.,0.));
#9880 = ADVANCED_FACE('',(#9881),#9892,.F.);
#9881 = FACE_BOUND('',#9882,.T.);
#9882 = EDGE_LOOP('',(#9883,#9884,#9890,#9891));
#9883 = ORIENTED_EDGE('',*,*,#1857,.T.);
#9884 = ORIENTED_EDGE('',*,*,#9885,.T.);
#9885 = EDGE_CURVE('',#1858,#5406,#9886,.T.);
#9886 = LINE('',#9887,#9888);
#9887 = CARTESIAN_POINT('',(59.,-74.2,-3.6E-02));
#9888 = VECTOR('',#9889,1.);
#9889 = DIRECTION('',(0.,0.,1.));
#9890 = ORIENTED_EDGE('',*,*,#5405,.F.);
#9891 = ORIENTED_EDGE('',*,*,#9885,.F.);
#9892 = CYLINDRICAL_SURFACE('',#9893,0.2);
#9893 = AXIS2_PLACEMENT_3D('',#9894,#9895,#9896);
#9894 = CARTESIAN_POINT('',(59.,-74.,-3.6E-02));
#9895 = DIRECTION('',(-0.,-0.,-1.));
#9896 = DIRECTION('',(-0.,-1.,0.));
#9897 = ADVANCED_FACE('',(#9898),#9909,.F.);
#9898 = FACE_BOUND('',#9899,.T.);
#9899 = EDGE_LOOP('',(#9900,#9901,#9907,#9908));
#9900 = ORIENTED_EDGE('',*,*,#1868,.T.);
#9901 = ORIENTED_EDGE('',*,*,#9902,.T.);
#9902 = EDGE_CURVE('',#1869,#5417,#9903,.T.);
#9903 = LINE('',#9904,#9905);
#9904 = CARTESIAN_POINT('',(45.225,-65.2,-3.6E-02));
#9905 = VECTOR('',#9906,1.);
#9906 = DIRECTION('',(0.,0.,1.));
#9907 = ORIENTED_EDGE('',*,*,#5416,.F.);
#9908 = ORIENTED_EDGE('',*,*,#9902,.F.);
#9909 = CYLINDRICAL_SURFACE('',#9910,0.2);
#9910 = AXIS2_PLACEMENT_3D('',#9911,#9912,#9913);
#9911 = CARTESIAN_POINT('',(45.225,-65.,-3.6E-02));
#9912 = DIRECTION('',(-0.,0.,-1.));
#9913 = DIRECTION('',(3.5527136788E-14,-1.,-0.));
#9914 = ADVANCED_FACE('',(#9915),#9926,.F.);
#9915 = FACE_BOUND('',#9916,.T.);
#9916 = EDGE_LOOP('',(#9917,#9918,#9924,#9925));
#9917 = ORIENTED_EDGE('',*,*,#1879,.T.);
#9918 = ORIENTED_EDGE('',*,*,#9919,.T.);
#9919 = EDGE_CURVE('',#1880,#5428,#9920,.T.);
#9920 = LINE('',#9921,#9922);
#9921 = CARTESIAN_POINT('',(51.,-65.3,-3.6E-02));
#9922 = VECTOR('',#9923,1.);
#9923 = DIRECTION('',(0.,0.,1.));
#9924 = ORIENTED_EDGE('',*,*,#5427,.F.);
#9925 = ORIENTED_EDGE('',*,*,#9919,.F.);
#9926 = CYLINDRICAL_SURFACE('',#9927,0.3);
#9927 = AXIS2_PLACEMENT_3D('',#9928,#9929,#9930);
#9928 = CARTESIAN_POINT('',(51.,-65.,-3.6E-02));
#9929 = DIRECTION('',(-0.,-0.,-1.));
#9930 = DIRECTION('',(-0.,-1.,0.));
#9931 = ADVANCED_FACE('',(#9932),#9943,.F.);
#9932 = FACE_BOUND('',#9933,.T.);
#9933 = EDGE_LOOP('',(#9934,#9935,#9941,#9942));
#9934 = ORIENTED_EDGE('',*,*,#1890,.T.);
#9935 = ORIENTED_EDGE('',*,*,#9936,.T.);
#9936 = EDGE_CURVE('',#1891,#5439,#9937,.T.);
#9937 = LINE('',#9938,#9939);
#9938 = CARTESIAN_POINT('',(63.327441,-69.967972,-3.6E-02));
#9939 = VECTOR('',#9940,1.);
#9940 = DIRECTION('',(0.,0.,1.));
#9941 = ORIENTED_EDGE('',*,*,#5438,.F.);
#9942 = ORIENTED_EDGE('',*,*,#9936,.F.);
#9943 = CYLINDRICAL_SURFACE('',#9944,0.2);
#9944 = AXIS2_PLACEMENT_3D('',#9945,#9946,#9947);
#9945 = CARTESIAN_POINT('',(63.327441,-69.767972,-3.6E-02));
#9946 = DIRECTION('',(-0.,-0.,-1.));
#9947 = DIRECTION('',(-0.,-1.,0.));
#9948 = ADVANCED_FACE('',(#9949),#9960,.F.);
#9949 = FACE_BOUND('',#9950,.T.);
#9950 = EDGE_LOOP('',(#9951,#9952,#9958,#9959));
#9951 = ORIENTED_EDGE('',*,*,#1901,.T.);
#9952 = ORIENTED_EDGE('',*,*,#9953,.T.);
#9953 = EDGE_CURVE('',#1902,#5450,#9954,.T.);
#9954 = LINE('',#9955,#9956);
#9955 = CARTESIAN_POINT('',(29.,-59.2,-3.6E-02));
#9956 = VECTOR('',#9957,1.);
#9957 = DIRECTION('',(0.,0.,1.));
#9958 = ORIENTED_EDGE('',*,*,#5449,.F.);
#9959 = ORIENTED_EDGE('',*,*,#9953,.F.);
#9960 = CYLINDRICAL_SURFACE('',#9961,0.2);
#9961 = AXIS2_PLACEMENT_3D('',#9962,#9963,#9964);
#9962 = CARTESIAN_POINT('',(29.,-59.,-3.6E-02));
#9963 = DIRECTION('',(-0.,-0.,-1.));
#9964 = DIRECTION('',(-0.,-1.,0.));
#9965 = ADVANCED_FACE('',(#9966),#9977,.F.);
#9966 = FACE_BOUND('',#9967,.T.);
#9967 = EDGE_LOOP('',(#9968,#9969,#9975,#9976));
#9968 = ORIENTED_EDGE('',*,*,#1912,.T.);
#9969 = ORIENTED_EDGE('',*,*,#9970,.T.);
#9970 = EDGE_CURVE('',#1913,#5461,#9971,.T.);
#9971 = LINE('',#9972,#9973);
#9972 = CARTESIAN_POINT('',(38.518428,-62.97985,-3.6E-02));
#9973 = VECTOR('',#9974,1.);
#9974 = DIRECTION('',(0.,0.,1.));
#9975 = ORIENTED_EDGE('',*,*,#5460,.F.);
#9976 = ORIENTED_EDGE('',*,*,#9970,.F.);
#9977 = CYLINDRICAL_SURFACE('',#9978,0.2);
#9978 = AXIS2_PLACEMENT_3D('',#9979,#9980,#9981);
#9979 = CARTESIAN_POINT('',(38.518428,-62.77985,-3.6E-02));
#9980 = DIRECTION('',(-0.,-0.,-1.));
#9981 = DIRECTION('',(-0.,-1.,0.));
#9982 = ADVANCED_FACE('',(#9983),#9994,.F.);
#9983 = FACE_BOUND('',#9984,.T.);
#9984 = EDGE_LOOP('',(#9985,#9986,#9992,#9993));
#9985 = ORIENTED_EDGE('',*,*,#1923,.T.);
#9986 = ORIENTED_EDGE('',*,*,#9987,.T.);
#9987 = EDGE_CURVE('',#1924,#5472,#9988,.T.);
#9988 = LINE('',#9989,#9990);
#9989 = CARTESIAN_POINT('',(39.382865,-62.092195,-3.6E-02));
#9990 = VECTOR('',#9991,1.);
#9991 = DIRECTION('',(0.,0.,1.));
#9992 = ORIENTED_EDGE('',*,*,#5471,.F.);
#9993 = ORIENTED_EDGE('',*,*,#9987,.F.);
#9994 = CYLINDRICAL_SURFACE('',#9995,0.2);
#9995 = AXIS2_PLACEMENT_3D('',#9996,#9997,#9998);
#9996 = CARTESIAN_POINT('',(39.382865,-61.892195,-3.6E-02));
#9997 = DIRECTION('',(-0.,0.,-1.));
#9998 = DIRECTION('',(3.5527136788E-14,-1.,-0.));
#9999 = ADVANCED_FACE('',(#10000),#10011,.F.);
#10000 = FACE_BOUND('',#10001,.T.);
#10001 = EDGE_LOOP('',(#10002,#10003,#10009,#10010));
#10002 = ORIENTED_EDGE('',*,*,#1934,.T.);
#10003 = ORIENTED_EDGE('',*,*,#10004,.T.);
#10004 = EDGE_CURVE('',#1935,#5483,#10005,.T.);
#10005 = LINE('',#10006,#10007);
#10006 = CARTESIAN_POINT('',(40.636205,-62.093579,-3.6E-02));
#10007 = VECTOR('',#10008,1.);
#10008 = DIRECTION('',(0.,0.,1.));
#10009 = ORIENTED_EDGE('',*,*,#5482,.F.);
#10010 = ORIENTED_EDGE('',*,*,#10004,.F.);
#10011 = CYLINDRICAL_SURFACE('',#10012,0.2);
#10012 = AXIS2_PLACEMENT_3D('',#10013,#10014,#10015);
#10013 = CARTESIAN_POINT('',(40.636205,-61.893579,-3.6E-02));
#10014 = DIRECTION('',(-0.,-0.,-1.));
#10015 = DIRECTION('',(-3.552713678801E-14,-1.,0.));
#10016 = ADVANCED_FACE('',(#10017),#10028,.F.);
#10017 = FACE_BOUND('',#10018,.T.);
#10018 = EDGE_LOOP('',(#10019,#10020,#10026,#10027));
#10019 = ORIENTED_EDGE('',*,*,#1945,.T.);
#10020 = ORIENTED_EDGE('',*,*,#10021,.T.);
#10021 = EDGE_CURVE('',#1946,#5494,#10022,.T.);
#10022 = LINE('',#10023,#10024);
#10023 = CARTESIAN_POINT('',(35.6,-57.000011,-4.6E-02));
#10024 = VECTOR('',#10025,1.);
#10025 = DIRECTION('',(0.,0.,1.));
#10026 = ORIENTED_EDGE('',*,*,#5493,.F.);
#10027 = ORIENTED_EDGE('',*,*,#10021,.F.);
#10028 = CYLINDRICAL_SURFACE('',#10029,0.750011);
#10029 = AXIS2_PLACEMENT_3D('',#10030,#10031,#10032);
#10030 = CARTESIAN_POINT('',(35.6,-56.25,-4.6E-02));
#10031 = DIRECTION('',(-0.,-0.,-1.));
#10032 = DIRECTION('',(-0.,-1.,0.));
#10033 = ADVANCED_FACE('',(#10034),#10045,.F.);
#10034 = FACE_BOUND('',#10035,.T.);
#10035 = EDGE_LOOP('',(#10036,#10037,#10043,#10044));
#10036 = ORIENTED_EDGE('',*,*,#1956,.T.);
#10037 = ORIENTED_EDGE('',*,*,#10038,.T.);
#10038 = EDGE_CURVE('',#1957,#5505,#10039,.T.);
#10039 = LINE('',#10040,#10041);
#10040 = CARTESIAN_POINT('',(35.6,-54.500011,-4.6E-02));
#10041 = VECTOR('',#10042,1.);
#10042 = DIRECTION('',(0.,0.,1.));
#10043 = ORIENTED_EDGE('',*,*,#5504,.F.);
#10044 = ORIENTED_EDGE('',*,*,#10038,.F.);
#10045 = CYLINDRICAL_SURFACE('',#10046,0.750011);
#10046 = AXIS2_PLACEMENT_3D('',#10047,#10048,#10049);
#10047 = CARTESIAN_POINT('',(35.6,-53.75,-4.6E-02));
#10048 = DIRECTION('',(-0.,-0.,-1.));
#10049 = DIRECTION('',(-0.,-1.,0.));
#10050 = ADVANCED_FACE('',(#10051),#10062,.F.);
#10051 = FACE_BOUND('',#10052,.T.);
#10052 = EDGE_LOOP('',(#10053,#10054,#10060,#10061));
#10053 = ORIENTED_EDGE('',*,*,#1967,.T.);
#10054 = ORIENTED_EDGE('',*,*,#10055,.T.);
#10055 = EDGE_CURVE('',#1968,#5516,#10056,.T.);
#10056 = LINE('',#10057,#10058);
#10057 = CARTESIAN_POINT('',(39.1,-57.000011,-4.6E-02));
#10058 = VECTOR('',#10059,1.);
#10059 = DIRECTION('',(0.,0.,1.));
#10060 = ORIENTED_EDGE('',*,*,#5515,.F.);
#10061 = ORIENTED_EDGE('',*,*,#10055,.F.);
#10062 = CYLINDRICAL_SURFACE('',#10063,0.750011);
#10063 = AXIS2_PLACEMENT_3D('',#10064,#10065,#10066);
#10064 = CARTESIAN_POINT('',(39.1,-56.25,-4.6E-02));
#10065 = DIRECTION('',(-0.,-0.,-1.));
#10066 = DIRECTION('',(-0.,-1.,0.));
#10067 = ADVANCED_FACE('',(#10068),#10079,.F.);
#10068 = FACE_BOUND('',#10069,.T.);
#10069 = EDGE_LOOP('',(#10070,#10071,#10077,#10078));
#10070 = ORIENTED_EDGE('',*,*,#1978,.T.);
#10071 = ORIENTED_EDGE('',*,*,#10072,.T.);
#10072 = EDGE_CURVE('',#1979,#5527,#10073,.T.);
#10073 = LINE('',#10074,#10075);
#10074 = CARTESIAN_POINT('',(39.1,-54.630011,-4.6E-02));
#10075 = VECTOR('',#10076,1.);
#10076 = DIRECTION('',(0.,0.,1.));
#10077 = ORIENTED_EDGE('',*,*,#5526,.F.);
#10078 = ORIENTED_EDGE('',*,*,#10072,.F.);
#10079 = CYLINDRICAL_SURFACE('',#10080,0.750011);
#10080 = AXIS2_PLACEMENT_3D('',#10081,#10082,#10083);
#10081 = CARTESIAN_POINT('',(39.1,-53.88,-4.6E-02));
#10082 = DIRECTION('',(-0.,-0.,-1.));
#10083 = DIRECTION('',(-0.,-1.,0.));
#10084 = ADVANCED_FACE('',(#10085),#10096,.F.);
#10085 = FACE_BOUND('',#10086,.T.);
#10086 = EDGE_LOOP('',(#10087,#10088,#10094,#10095));
#10087 = ORIENTED_EDGE('',*,*,#1989,.T.);
#10088 = ORIENTED_EDGE('',*,*,#10089,.T.);
#10089 = EDGE_CURVE('',#1990,#5538,#10090,.T.);
#10090 = LINE('',#10091,#10092);
#10091 = CARTESIAN_POINT('',(42.,-56.25,-4.6E-02));
#10092 = VECTOR('',#10093,1.);
#10093 = DIRECTION('',(0.,0.,1.));
#10094 = ORIENTED_EDGE('',*,*,#5537,.F.);
#10095 = ORIENTED_EDGE('',*,*,#10089,.F.);
#10096 = CYLINDRICAL_SURFACE('',#10097,1.25);
#10097 = AXIS2_PLACEMENT_3D('',#10098,#10099,#10100);
#10098 = CARTESIAN_POINT('',(42.,-55.,-4.6E-02));
#10099 = DIRECTION('',(-0.,-0.,-1.));
#10100 = DIRECTION('',(-0.,-1.,0.));
#10101 = ADVANCED_FACE('',(#10102),#10113,.F.);
#10102 = FACE_BOUND('',#10103,.T.);
#10103 = EDGE_LOOP('',(#10104,#10105,#10111,#10112));
#10104 = ORIENTED_EDGE('',*,*,#2000,.T.);
#10105 = ORIENTED_EDGE('',*,*,#10106,.T.);
#10106 = EDGE_CURVE('',#2001,#5549,#10107,.T.);
#10107 = LINE('',#10108,#10109);
#10108 = CARTESIAN_POINT('',(61.984114,-59.887091,-3.6E-02));
#10109 = VECTOR('',#10110,1.);
#10110 = DIRECTION('',(0.,0.,1.));
#10111 = ORIENTED_EDGE('',*,*,#5548,.F.);
#10112 = ORIENTED_EDGE('',*,*,#10106,.F.);
#10113 = CYLINDRICAL_SURFACE('',#10114,0.2);
#10114 = AXIS2_PLACEMENT_3D('',#10115,#10116,#10117);
#10115 = CARTESIAN_POINT('',(61.984114,-59.687091,-3.6E-02));
#10116 = DIRECTION('',(-0.,-0.,-1.));
#10117 = DIRECTION('',(-3.552713678801E-14,-1.,0.));
#10118 = ADVANCED_FACE('',(#10119),#10130,.F.);
#10119 = FACE_BOUND('',#10120,.T.);
#10120 = EDGE_LOOP('',(#10121,#10122,#10128,#10129));
#10121 = ORIENTED_EDGE('',*,*,#2011,.T.);
#10122 = ORIENTED_EDGE('',*,*,#10123,.T.);
#10123 = EDGE_CURVE('',#2012,#5560,#10124,.T.);
#10124 = LINE('',#10125,#10126);
#10125 = CARTESIAN_POINT('',(64.,-57.8,-3.6E-02));
#10126 = VECTOR('',#10127,1.);
#10127 = DIRECTION('',(0.,0.,1.));
#10128 = ORIENTED_EDGE('',*,*,#5559,.F.);
#10129 = ORIENTED_EDGE('',*,*,#10123,.F.);
#10130 = CYLINDRICAL_SURFACE('',#10131,0.3);
#10131 = AXIS2_PLACEMENT_3D('',#10132,#10133,#10134);
#10132 = CARTESIAN_POINT('',(64.,-57.5,-3.6E-02));
#10133 = DIRECTION('',(-0.,-0.,-1.));
#10134 = DIRECTION('',(-0.,-1.,0.));
#10135 = ADVANCED_FACE('',(#10136),#10147,.F.);
#10136 = FACE_BOUND('',#10137,.T.);
#10137 = EDGE_LOOP('',(#10138,#10139,#10145,#10146));
#10138 = ORIENTED_EDGE('',*,*,#2022,.T.);
#10139 = ORIENTED_EDGE('',*,*,#10140,.T.);
#10140 = EDGE_CURVE('',#2023,#5571,#10141,.T.);
#10141 = LINE('',#10142,#10143);
#10142 = CARTESIAN_POINT('',(66.,-57.8,-3.6E-02));
#10143 = VECTOR('',#10144,1.);
#10144 = DIRECTION('',(0.,0.,1.));
#10145 = ORIENTED_EDGE('',*,*,#5570,.F.);
#10146 = ORIENTED_EDGE('',*,*,#10140,.F.);
#10147 = CYLINDRICAL_SURFACE('',#10148,0.3);
#10148 = AXIS2_PLACEMENT_3D('',#10149,#10150,#10151);
#10149 = CARTESIAN_POINT('',(66.,-57.5,-3.6E-02));
#10150 = DIRECTION('',(-0.,-0.,-1.));
#10151 = DIRECTION('',(-0.,-1.,0.));
#10152 = ADVANCED_FACE('',(#10153),#10164,.F.);
#10153 = FACE_BOUND('',#10154,.T.);
#10154 = EDGE_LOOP('',(#10155,#10156,#10162,#10163));
#10155 = ORIENTED_EDGE('',*,*,#2033,.T.);
#10156 = ORIENTED_EDGE('',*,*,#10157,.T.);
#10157 = EDGE_CURVE('',#2034,#5582,#10158,.T.);
#10158 = LINE('',#10159,#10160);
#10159 = CARTESIAN_POINT('',(44.9,-57.000011,-4.6E-02));
#10160 = VECTOR('',#10161,1.);
#10161 = DIRECTION('',(0.,0.,1.));
#10162 = ORIENTED_EDGE('',*,*,#5581,.F.);
#10163 = ORIENTED_EDGE('',*,*,#10157,.F.);
#10164 = CYLINDRICAL_SURFACE('',#10165,0.750011);
#10165 = AXIS2_PLACEMENT_3D('',#10166,#10167,#10168);
#10166 = CARTESIAN_POINT('',(44.9,-56.25,-4.6E-02));
#10167 = DIRECTION('',(-0.,-0.,-1.));
#10168 = DIRECTION('',(-0.,-1.,0.));
#10169 = ADVANCED_FACE('',(#10170),#10181,.F.);
#10170 = FACE_BOUND('',#10171,.T.);
#10171 = EDGE_LOOP('',(#10172,#10173,#10179,#10180));
#10172 = ORIENTED_EDGE('',*,*,#2044,.T.);
#10173 = ORIENTED_EDGE('',*,*,#10174,.T.);
#10174 = EDGE_CURVE('',#2045,#5593,#10175,.T.);
#10175 = LINE('',#10176,#10177);
#10176 = CARTESIAN_POINT('',(48.4,-57.000011,-4.6E-02));
#10177 = VECTOR('',#10178,1.);
#10178 = DIRECTION('',(0.,0.,1.));
#10179 = ORIENTED_EDGE('',*,*,#5592,.F.);
#10180 = ORIENTED_EDGE('',*,*,#10174,.F.);
#10181 = CYLINDRICAL_SURFACE('',#10182,0.750011);
#10182 = AXIS2_PLACEMENT_3D('',#10183,#10184,#10185);
#10183 = CARTESIAN_POINT('',(48.4,-56.25,-4.6E-02));
#10184 = DIRECTION('',(-0.,-0.,-1.));
#10185 = DIRECTION('',(-0.,-1.,0.));
#10186 = ADVANCED_FACE('',(#10187),#10198,.F.);
#10187 = FACE_BOUND('',#10188,.T.);
#10188 = EDGE_LOOP('',(#10189,#10190,#10196,#10197));
#10189 = ORIENTED_EDGE('',*,*,#2055,.T.);
#10190 = ORIENTED_EDGE('',*,*,#10191,.T.);
#10191 = EDGE_CURVE('',#2056,#5604,#10192,.T.);
#10192 = LINE('',#10193,#10194);
#10193 = CARTESIAN_POINT('',(44.9,-54.500011,-4.6E-02));
#10194 = VECTOR('',#10195,1.);
#10195 = DIRECTION('',(0.,0.,1.));
#10196 = ORIENTED_EDGE('',*,*,#5603,.F.);
#10197 = ORIENTED_EDGE('',*,*,#10191,.F.);
#10198 = CYLINDRICAL_SURFACE('',#10199,0.750011);
#10199 = AXIS2_PLACEMENT_3D('',#10200,#10201,#10202);
#10200 = CARTESIAN_POINT('',(44.9,-53.75,-4.6E-02));
#10201 = DIRECTION('',(-0.,-0.,-1.));
#10202 = DIRECTION('',(-0.,-1.,0.));
#10203 = ADVANCED_FACE('',(#10204),#10215,.F.);
#10204 = FACE_BOUND('',#10205,.T.);
#10205 = EDGE_LOOP('',(#10206,#10207,#10213,#10214));
#10206 = ORIENTED_EDGE('',*,*,#2066,.T.);
#10207 = ORIENTED_EDGE('',*,*,#10208,.T.);
#10208 = EDGE_CURVE('',#2067,#5615,#10209,.T.);
#10209 = LINE('',#10210,#10211);
#10210 = CARTESIAN_POINT('',(48.4,-54.500011,-4.6E-02));
#10211 = VECTOR('',#10212,1.);
#10212 = DIRECTION('',(0.,0.,1.));
#10213 = ORIENTED_EDGE('',*,*,#5614,.F.);
#10214 = ORIENTED_EDGE('',*,*,#10208,.F.);
#10215 = CYLINDRICAL_SURFACE('',#10216,0.750011);
#10216 = AXIS2_PLACEMENT_3D('',#10217,#10218,#10219);
#10217 = CARTESIAN_POINT('',(48.4,-53.75,-4.6E-02));
#10218 = DIRECTION('',(-0.,-0.,-1.));
#10219 = DIRECTION('',(-0.,-1.,0.));
#10220 = ADVANCED_FACE('',(#10221),#10232,.F.);
#10221 = FACE_BOUND('',#10222,.T.);
#10222 = EDGE_LOOP('',(#10223,#10224,#10230,#10231));
#10223 = ORIENTED_EDGE('',*,*,#2077,.T.);
#10224 = ORIENTED_EDGE('',*,*,#10225,.T.);
#10225 = EDGE_CURVE('',#2078,#5626,#10226,.T.);
#10226 = LINE('',#10227,#10228);
#10227 = CARTESIAN_POINT('',(64.,-55.3,-3.6E-02));
#10228 = VECTOR('',#10229,1.);
#10229 = DIRECTION('',(0.,0.,1.));
#10230 = ORIENTED_EDGE('',*,*,#5625,.F.);
#10231 = ORIENTED_EDGE('',*,*,#10225,.F.);
#10232 = CYLINDRICAL_SURFACE('',#10233,0.3);
#10233 = AXIS2_PLACEMENT_3D('',#10234,#10235,#10236);
#10234 = CARTESIAN_POINT('',(64.,-55.,-3.6E-02));
#10235 = DIRECTION('',(-0.,-0.,-1.));
#10236 = DIRECTION('',(-0.,-1.,0.));
#10237 = ADVANCED_FACE('',(#10238),#10249,.F.);
#10238 = FACE_BOUND('',#10239,.T.);
#10239 = EDGE_LOOP('',(#10240,#10241,#10247,#10248));
#10240 = ORIENTED_EDGE('',*,*,#2088,.T.);
#10241 = ORIENTED_EDGE('',*,*,#10242,.T.);
#10242 = EDGE_CURVE('',#2089,#5637,#10243,.T.);
#10243 = LINE('',#10244,#10245);
#10244 = CARTESIAN_POINT('',(66.,-55.3,-3.6E-02));
#10245 = VECTOR('',#10246,1.);
#10246 = DIRECTION('',(0.,0.,1.));
#10247 = ORIENTED_EDGE('',*,*,#5636,.F.);
#10248 = ORIENTED_EDGE('',*,*,#10242,.F.);
#10249 = CYLINDRICAL_SURFACE('',#10250,0.3);
#10250 = AXIS2_PLACEMENT_3D('',#10251,#10252,#10253);
#10251 = CARTESIAN_POINT('',(66.,-55.,-3.6E-02));
#10252 = DIRECTION('',(-0.,-0.,-1.));
#10253 = DIRECTION('',(-0.,-1.,0.));
#10254 = ADVANCED_FACE('',(#10255),#10266,.F.);
#10255 = FACE_BOUND('',#10256,.T.);
#10256 = EDGE_LOOP('',(#10257,#10258,#10264,#10265));
#10257 = ORIENTED_EDGE('',*,*,#2099,.T.);
#10258 = ORIENTED_EDGE('',*,*,#10259,.T.);
#10259 = EDGE_CURVE('',#2100,#5648,#10260,.T.);
#10260 = LINE('',#10261,#10262);
#10261 = CARTESIAN_POINT('',(56.445531,-51.187745,-3.6E-02));
#10262 = VECTOR('',#10263,1.);
#10263 = DIRECTION('',(0.,0.,1.));
#10264 = ORIENTED_EDGE('',*,*,#5647,.F.);
#10265 = ORIENTED_EDGE('',*,*,#10259,.F.);
#10266 = CYLINDRICAL_SURFACE('',#10267,0.2);
#10267 = AXIS2_PLACEMENT_3D('',#10268,#10269,#10270);
#10268 = CARTESIAN_POINT('',(56.445531,-50.987745,-3.6E-02));
#10269 = DIRECTION('',(-0.,-0.,-1.));
#10270 = DIRECTION('',(-0.,-1.,0.));
#10271 = ADVANCED_FACE('',(#10272),#10283,.F.);
#10272 = FACE_BOUND('',#10273,.T.);
#10273 = EDGE_LOOP('',(#10274,#10275,#10281,#10282));
#10274 = ORIENTED_EDGE('',*,*,#2110,.T.);
#10275 = ORIENTED_EDGE('',*,*,#10276,.T.);
#10276 = EDGE_CURVE('',#2111,#5659,#10277,.T.);
#10277 = LINE('',#10278,#10279);
#10278 = CARTESIAN_POINT('',(58.109633,-51.026408,-3.6E-02));
#10279 = VECTOR('',#10280,1.);
#10280 = DIRECTION('',(0.,0.,1.));
#10281 = ORIENTED_EDGE('',*,*,#5658,.F.);
#10282 = ORIENTED_EDGE('',*,*,#10276,.F.);
#10283 = CYLINDRICAL_SURFACE('',#10284,0.2);
#10284 = AXIS2_PLACEMENT_3D('',#10285,#10286,#10287);
#10285 = CARTESIAN_POINT('',(58.109633,-50.826408,-3.6E-02));
#10286 = DIRECTION('',(-0.,-0.,-1.));
#10287 = DIRECTION('',(-0.,-1.,0.));
#10288 = ADVANCED_FACE('',(#10289),#10300,.F.);
#10289 = FACE_BOUND('',#10290,.T.);
#10290 = EDGE_LOOP('',(#10291,#10292,#10298,#10299));
#10291 = ORIENTED_EDGE('',*,*,#2121,.T.);
#10292 = ORIENTED_EDGE('',*,*,#10293,.T.);
#10293 = EDGE_CURVE('',#2122,#5670,#10294,.T.);
#10294 = LINE('',#10295,#10296);
#10295 = CARTESIAN_POINT('',(59.87662,-51.025615,-3.6E-02));
#10296 = VECTOR('',#10297,1.);
#10297 = DIRECTION('',(0.,0.,1.));
#10298 = ORIENTED_EDGE('',*,*,#5669,.F.);
#10299 = ORIENTED_EDGE('',*,*,#10293,.F.);
#10300 = CYLINDRICAL_SURFACE('',#10301,0.2);
#10301 = AXIS2_PLACEMENT_3D('',#10302,#10303,#10304);
#10302 = CARTESIAN_POINT('',(59.87662,-50.825615,-3.6E-02));
#10303 = DIRECTION('',(-0.,-0.,-1.));
#10304 = DIRECTION('',(-0.,-1.,0.));
#10305 = ADVANCED_FACE('',(#10306),#10317,.F.);
#10306 = FACE_BOUND('',#10307,.T.);
#10307 = EDGE_LOOP('',(#10308,#10309,#10315,#10316));
#10308 = ORIENTED_EDGE('',*,*,#2132,.T.);
#10309 = ORIENTED_EDGE('',*,*,#10310,.T.);
#10310 = EDGE_CURVE('',#2133,#5681,#10311,.T.);
#10311 = LINE('',#10312,#10313);
#10312 = CARTESIAN_POINT('',(64.,-52.8,-3.6E-02));
#10313 = VECTOR('',#10314,1.);
#10314 = DIRECTION('',(0.,0.,1.));
#10315 = ORIENTED_EDGE('',*,*,#5680,.F.);
#10316 = ORIENTED_EDGE('',*,*,#10310,.F.);
#10317 = CYLINDRICAL_SURFACE('',#10318,0.3);
#10318 = AXIS2_PLACEMENT_3D('',#10319,#10320,#10321);
#10319 = CARTESIAN_POINT('',(64.,-52.5,-3.6E-02));
#10320 = DIRECTION('',(-0.,-0.,-1.));
#10321 = DIRECTION('',(-0.,-1.,0.));
#10322 = ADVANCED_FACE('',(#10323),#10334,.F.);
#10323 = FACE_BOUND('',#10324,.T.);
#10324 = EDGE_LOOP('',(#10325,#10326,#10332,#10333));
#10325 = ORIENTED_EDGE('',*,*,#2143,.T.);
#10326 = ORIENTED_EDGE('',*,*,#10327,.T.);
#10327 = EDGE_CURVE('',#2144,#5692,#10328,.T.);
#10328 = LINE('',#10329,#10330);
#10329 = CARTESIAN_POINT('',(66.,-52.8,-3.6E-02));
#10330 = VECTOR('',#10331,1.);
#10331 = DIRECTION('',(0.,0.,1.));
#10332 = ORIENTED_EDGE('',*,*,#5691,.F.);
#10333 = ORIENTED_EDGE('',*,*,#10327,.F.);
#10334 = CYLINDRICAL_SURFACE('',#10335,0.3);
#10335 = AXIS2_PLACEMENT_3D('',#10336,#10337,#10338);
#10336 = CARTESIAN_POINT('',(66.,-52.5,-3.6E-02));
#10337 = DIRECTION('',(-0.,-0.,-1.));
#10338 = DIRECTION('',(-0.,-1.,0.));
#10339 = ADVANCED_FACE('',(#10340),#10351,.F.);
#10340 = FACE_BOUND('',#10341,.T.);
#10341 = EDGE_LOOP('',(#10342,#10343,#10349,#10350));
#10342 = ORIENTED_EDGE('',*,*,#2154,.T.);
#10343 = ORIENTED_EDGE('',*,*,#10344,.T.);
#10344 = EDGE_CURVE('',#2155,#5703,#10345,.T.);
#10345 = LINE('',#10346,#10347);
#10346 = CARTESIAN_POINT('',(61.542062,-51.186217,-3.6E-02));
#10347 = VECTOR('',#10348,1.);
#10348 = DIRECTION('',(0.,0.,1.));
#10349 = ORIENTED_EDGE('',*,*,#5702,.F.);
#10350 = ORIENTED_EDGE('',*,*,#10344,.F.);
#10351 = CYLINDRICAL_SURFACE('',#10352,0.2);
#10352 = AXIS2_PLACEMENT_3D('',#10353,#10354,#10355);
#10353 = CARTESIAN_POINT('',(61.542062,-50.986217,-3.6E-02));
#10354 = DIRECTION('',(-0.,-0.,-1.));
#10355 = DIRECTION('',(-0.,-1.,0.));
#10356 = ADVANCED_FACE('',(#10357),#10368,.F.);
#10357 = FACE_BOUND('',#10358,.T.);
#10358 = EDGE_LOOP('',(#10359,#10360,#10366,#10367));
#10359 = ORIENTED_EDGE('',*,*,#2165,.T.);
#10360 = ORIENTED_EDGE('',*,*,#10361,.T.);
#10361 = EDGE_CURVE('',#2166,#5714,#10362,.T.);
#10362 = LINE('',#10363,#10364);
#10363 = CARTESIAN_POINT('',(68.058535,-73.919216,-3.6E-02));
#10364 = VECTOR('',#10365,1.);
#10365 = DIRECTION('',(0.,0.,1.));
#10366 = ORIENTED_EDGE('',*,*,#5713,.F.);
#10367 = ORIENTED_EDGE('',*,*,#10361,.F.);
#10368 = CYLINDRICAL_SURFACE('',#10369,0.2);
#10369 = AXIS2_PLACEMENT_3D('',#10370,#10371,#10372);
#10370 = CARTESIAN_POINT('',(68.058535,-73.719216,-3.6E-02));
#10371 = DIRECTION('',(-0.,-0.,-1.));
#10372 = DIRECTION('',(-0.,-1.,0.));
#10373 = ADVANCED_FACE('',(#10374),#10385,.F.);
#10374 = FACE_BOUND('',#10375,.T.);
#10375 = EDGE_LOOP('',(#10376,#10377,#10383,#10384));
#10376 = ORIENTED_EDGE('',*,*,#2176,.T.);
#10377 = ORIENTED_EDGE('',*,*,#10378,.T.);
#10378 = EDGE_CURVE('',#2177,#5725,#10379,.T.);
#10379 = LINE('',#10380,#10381);
#10380 = CARTESIAN_POINT('',(82.25,-72.2,-3.6E-02));
#10381 = VECTOR('',#10382,1.);
#10382 = DIRECTION('',(0.,0.,1.));
#10383 = ORIENTED_EDGE('',*,*,#5724,.F.);
#10384 = ORIENTED_EDGE('',*,*,#10378,.F.);
#10385 = CYLINDRICAL_SURFACE('',#10386,0.2);
#10386 = AXIS2_PLACEMENT_3D('',#10387,#10388,#10389);
#10387 = CARTESIAN_POINT('',(82.25,-72.,-3.6E-02));
#10388 = DIRECTION('',(-0.,-0.,-1.));
#10389 = DIRECTION('',(-0.,-1.,0.));
#10390 = ADVANCED_FACE('',(#10391),#10402,.F.);
#10391 = FACE_BOUND('',#10392,.T.);
#10392 = EDGE_LOOP('',(#10393,#10394,#10400,#10401));
#10393 = ORIENTED_EDGE('',*,*,#2187,.T.);
#10394 = ORIENTED_EDGE('',*,*,#10395,.T.);
#10395 = EDGE_CURVE('',#2188,#5736,#10396,.T.);
#10396 = LINE('',#10397,#10398);
#10397 = CARTESIAN_POINT('',(87.1854,-65.7812,-3.6E-02));
#10398 = VECTOR('',#10399,1.);
#10399 = DIRECTION('',(0.,0.,1.));
#10400 = ORIENTED_EDGE('',*,*,#5735,.F.);
#10401 = ORIENTED_EDGE('',*,*,#10395,.F.);
#10402 = CYLINDRICAL_SURFACE('',#10403,0.2);
#10403 = AXIS2_PLACEMENT_3D('',#10404,#10405,#10406);
#10404 = CARTESIAN_POINT('',(87.1854,-65.5812,-3.6E-02));
#10405 = DIRECTION('',(-0.,-0.,-1.));
#10406 = DIRECTION('',(-0.,-1.,0.));
#10407 = ADVANCED_FACE('',(#10408),#10419,.F.);
#10408 = FACE_BOUND('',#10409,.T.);
#10409 = EDGE_LOOP('',(#10410,#10411,#10417,#10418));
#10410 = ORIENTED_EDGE('',*,*,#2198,.T.);
#10411 = ORIENTED_EDGE('',*,*,#10412,.T.);
#10412 = EDGE_CURVE('',#2199,#5747,#10413,.T.);
#10413 = LINE('',#10414,#10415);
#10414 = CARTESIAN_POINT('',(92.0897,-77.4165,-3.6E-02));
#10415 = VECTOR('',#10416,1.);
#10416 = DIRECTION('',(0.,0.,1.));
#10417 = ORIENTED_EDGE('',*,*,#5746,.F.);
#10418 = ORIENTED_EDGE('',*,*,#10412,.F.);
#10419 = CYLINDRICAL_SURFACE('',#10420,0.2);
#10420 = AXIS2_PLACEMENT_3D('',#10421,#10422,#10423);
#10421 = CARTESIAN_POINT('',(92.0897,-77.2165,-3.6E-02));
#10422 = DIRECTION('',(-0.,-0.,-1.));
#10423 = DIRECTION('',(-0.,-1.,0.));
#10424 = ADVANCED_FACE('',(#10425),#10436,.F.);
#10425 = FACE_BOUND('',#10426,.T.);
#10426 = EDGE_LOOP('',(#10427,#10428,#10434,#10435));
#10427 = ORIENTED_EDGE('',*,*,#2209,.T.);
#10428 = ORIENTED_EDGE('',*,*,#10429,.T.);
#10429 = EDGE_CURVE('',#2210,#5758,#10430,.T.);
#10430 = LINE('',#10431,#10432);
#10431 = CARTESIAN_POINT('',(89.4,-72.2,-3.6E-02));
#10432 = VECTOR('',#10433,1.);
#10433 = DIRECTION('',(0.,0.,1.));
#10434 = ORIENTED_EDGE('',*,*,#5757,.F.);
#10435 = ORIENTED_EDGE('',*,*,#10429,.F.);
#10436 = CYLINDRICAL_SURFACE('',#10437,0.2);
#10437 = AXIS2_PLACEMENT_3D('',#10438,#10439,#10440);
#10438 = CARTESIAN_POINT('',(89.4,-72.,-3.6E-02));
#10439 = DIRECTION('',(-0.,-0.,-1.));
#10440 = DIRECTION('',(-0.,-1.,0.));
#10441 = ADVANCED_FACE('',(#10442),#10453,.F.);
#10442 = FACE_BOUND('',#10443,.T.);
#10443 = EDGE_LOOP('',(#10444,#10445,#10451,#10452));
#10444 = ORIENTED_EDGE('',*,*,#2220,.T.);
#10445 = ORIENTED_EDGE('',*,*,#10446,.T.);
#10446 = EDGE_CURVE('',#2221,#5769,#10447,.T.);
#10447 = LINE('',#10448,#10449);
#10448 = CARTESIAN_POINT('',(93.432,-71.317,-3.6E-02));
#10449 = VECTOR('',#10450,1.);
#10450 = DIRECTION('',(0.,0.,1.));
#10451 = ORIENTED_EDGE('',*,*,#5768,.F.);
#10452 = ORIENTED_EDGE('',*,*,#10446,.F.);
#10453 = CYLINDRICAL_SURFACE('',#10454,0.2);
#10454 = AXIS2_PLACEMENT_3D('',#10455,#10456,#10457);
#10455 = CARTESIAN_POINT('',(93.432,-71.117,-3.6E-02));
#10456 = DIRECTION('',(-0.,-0.,-1.));
#10457 = DIRECTION('',(-0.,-1.,0.));
#10458 = ADVANCED_FACE('',(#10459),#10470,.F.);
#10459 = FACE_BOUND('',#10460,.T.);
#10460 = EDGE_LOOP('',(#10461,#10462,#10468,#10469));
#10461 = ORIENTED_EDGE('',*,*,#2231,.T.);
#10462 = ORIENTED_EDGE('',*,*,#10463,.T.);
#10463 = EDGE_CURVE('',#2232,#5780,#10464,.T.);
#10464 = LINE('',#10465,#10466);
#10465 = CARTESIAN_POINT('',(102.025,-76.7,-3.6E-02));
#10466 = VECTOR('',#10467,1.);
#10467 = DIRECTION('',(0.,0.,1.));
#10468 = ORIENTED_EDGE('',*,*,#5779,.F.);
#10469 = ORIENTED_EDGE('',*,*,#10463,.F.);
#10470 = CYLINDRICAL_SURFACE('',#10471,0.2);
#10471 = AXIS2_PLACEMENT_3D('',#10472,#10473,#10474);
#10472 = CARTESIAN_POINT('',(102.025,-76.5,-3.6E-02));
#10473 = DIRECTION('',(-0.,-0.,-1.));
#10474 = DIRECTION('',(-0.,-1.,0.));
#10475 = ADVANCED_FACE('',(#10476),#10487,.F.);
#10476 = FACE_BOUND('',#10477,.T.);
#10477 = EDGE_LOOP('',(#10478,#10479,#10485,#10486));
#10478 = ORIENTED_EDGE('',*,*,#2242,.T.);
#10479 = ORIENTED_EDGE('',*,*,#10480,.T.);
#10480 = EDGE_CURVE('',#2243,#5791,#10481,.T.);
#10481 = LINE('',#10482,#10483);
#10482 = CARTESIAN_POINT('',(106.5353,-77.1971,-3.6E-02));
#10483 = VECTOR('',#10484,1.);
#10484 = DIRECTION('',(0.,0.,1.));
#10485 = ORIENTED_EDGE('',*,*,#5790,.F.);
#10486 = ORIENTED_EDGE('',*,*,#10480,.F.);
#10487 = CYLINDRICAL_SURFACE('',#10488,0.2);
#10488 = AXIS2_PLACEMENT_3D('',#10489,#10490,#10491);
#10489 = CARTESIAN_POINT('',(106.5353,-76.9971,-3.6E-02));
#10490 = DIRECTION('',(-0.,-0.,-1.));
#10491 = DIRECTION('',(-0.,-1.,0.));
#10492 = ADVANCED_FACE('',(#10493),#10504,.F.);
#10493 = FACE_BOUND('',#10494,.T.);
#10494 = EDGE_LOOP('',(#10495,#10496,#10502,#10503));
#10495 = ORIENTED_EDGE('',*,*,#2253,.T.);
#10496 = ORIENTED_EDGE('',*,*,#10497,.T.);
#10497 = EDGE_CURVE('',#2254,#5802,#10498,.T.);
#10498 = LINE('',#10499,#10500);
#10499 = CARTESIAN_POINT('',(107.6895,-77.6971,-3.6E-02));
#10500 = VECTOR('',#10501,1.);
#10501 = DIRECTION('',(0.,0.,1.));
#10502 = ORIENTED_EDGE('',*,*,#5801,.F.);
#10503 = ORIENTED_EDGE('',*,*,#10497,.F.);
#10504 = CYLINDRICAL_SURFACE('',#10505,0.2);
#10505 = AXIS2_PLACEMENT_3D('',#10506,#10507,#10508);
#10506 = CARTESIAN_POINT('',(107.6895,-77.4971,-3.6E-02));
#10507 = DIRECTION('',(-0.,-0.,-1.));
#10508 = DIRECTION('',(-7.105427357601E-14,-1.,0.));
#10509 = ADVANCED_FACE('',(#10510),#10521,.F.);
#10510 = FACE_BOUND('',#10511,.T.);
#10511 = EDGE_LOOP('',(#10512,#10513,#10519,#10520));
#10512 = ORIENTED_EDGE('',*,*,#2264,.T.);
#10513 = ORIENTED_EDGE('',*,*,#10514,.T.);
#10514 = EDGE_CURVE('',#2265,#5813,#10515,.T.);
#10515 = LINE('',#10516,#10517);
#10516 = CARTESIAN_POINT('',(101.3872,-73.8128,-3.6E-02));
#10517 = VECTOR('',#10518,1.);
#10518 = DIRECTION('',(0.,0.,1.));
#10519 = ORIENTED_EDGE('',*,*,#5812,.F.);
#10520 = ORIENTED_EDGE('',*,*,#10514,.F.);
#10521 = CYLINDRICAL_SURFACE('',#10522,0.2);
#10522 = AXIS2_PLACEMENT_3D('',#10523,#10524,#10525);
#10523 = CARTESIAN_POINT('',(101.3872,-73.6128,-3.6E-02));
#10524 = DIRECTION('',(-0.,-0.,-1.));
#10525 = DIRECTION('',(-0.,-1.,0.));
#10526 = ADVANCED_FACE('',(#10527),#10538,.F.);
#10527 = FACE_BOUND('',#10528,.T.);
#10528 = EDGE_LOOP('',(#10529,#10530,#10536,#10537));
#10529 = ORIENTED_EDGE('',*,*,#2275,.T.);
#10530 = ORIENTED_EDGE('',*,*,#10531,.T.);
#10531 = EDGE_CURVE('',#2276,#5824,#10532,.T.);
#10532 = LINE('',#10533,#10534);
#10533 = CARTESIAN_POINT('',(104.4988,-69.1129,-3.6E-02));
#10534 = VECTOR('',#10535,1.);
#10535 = DIRECTION('',(0.,0.,1.));
#10536 = ORIENTED_EDGE('',*,*,#5823,.F.);
#10537 = ORIENTED_EDGE('',*,*,#10531,.F.);
#10538 = CYLINDRICAL_SURFACE('',#10539,0.2);
#10539 = AXIS2_PLACEMENT_3D('',#10540,#10541,#10542);
#10540 = CARTESIAN_POINT('',(104.4988,-68.9129,-3.6E-02));
#10541 = DIRECTION('',(-0.,-0.,-1.));
#10542 = DIRECTION('',(-0.,-1.,0.));
#10543 = ADVANCED_FACE('',(#10544),#10555,.F.);
#10544 = FACE_BOUND('',#10545,.T.);
#10545 = EDGE_LOOP('',(#10546,#10547,#10553,#10554));
#10546 = ORIENTED_EDGE('',*,*,#2286,.T.);
#10547 = ORIENTED_EDGE('',*,*,#10548,.T.);
#10548 = EDGE_CURVE('',#2287,#5835,#10549,.T.);
#10549 = LINE('',#10550,#10551);
#10550 = CARTESIAN_POINT('',(100.909527,-68.92086,-3.6E-02));
#10551 = VECTOR('',#10552,1.);
#10552 = DIRECTION('',(0.,0.,1.));
#10553 = ORIENTED_EDGE('',*,*,#5834,.F.);
#10554 = ORIENTED_EDGE('',*,*,#10548,.F.);
#10555 = CYLINDRICAL_SURFACE('',#10556,0.2);
#10556 = AXIS2_PLACEMENT_3D('',#10557,#10558,#10559);
#10557 = CARTESIAN_POINT('',(100.909527,-68.72086,-3.6E-02));
#10558 = DIRECTION('',(-0.,-0.,-1.));
#10559 = DIRECTION('',(-0.,-1.,0.));
#10560 = ADVANCED_FACE('',(#10561),#10572,.F.);
#10561 = FACE_BOUND('',#10562,.T.);
#10562 = EDGE_LOOP('',(#10563,#10564,#10570,#10571));
#10563 = ORIENTED_EDGE('',*,*,#2297,.T.);
#10564 = ORIENTED_EDGE('',*,*,#10565,.T.);
#10565 = EDGE_CURVE('',#2298,#5846,#10566,.T.);
#10566 = LINE('',#10567,#10568);
#10567 = CARTESIAN_POINT('',(68.,-57.8,-3.6E-02));
#10568 = VECTOR('',#10569,1.);
#10569 = DIRECTION('',(0.,0.,1.));
#10570 = ORIENTED_EDGE('',*,*,#5845,.F.);
#10571 = ORIENTED_EDGE('',*,*,#10565,.F.);
#10572 = CYLINDRICAL_SURFACE('',#10573,0.3);
#10573 = AXIS2_PLACEMENT_3D('',#10574,#10575,#10576);
#10574 = CARTESIAN_POINT('',(68.,-57.5,-3.6E-02));
#10575 = DIRECTION('',(-0.,-0.,-1.));
#10576 = DIRECTION('',(-0.,-1.,0.));
#10577 = ADVANCED_FACE('',(#10578),#10589,.F.);
#10578 = FACE_BOUND('',#10579,.T.);
#10579 = EDGE_LOOP('',(#10580,#10581,#10587,#10588));
#10580 = ORIENTED_EDGE('',*,*,#2308,.T.);
#10581 = ORIENTED_EDGE('',*,*,#10582,.T.);
#10582 = EDGE_CURVE('',#2309,#5857,#10583,.T.);
#10583 = LINE('',#10584,#10585);
#10584 = CARTESIAN_POINT('',(82.,-58.5,-4.6E-02));
#10585 = VECTOR('',#10586,1.);
#10586 = DIRECTION('',(0.,0.,1.));
#10587 = ORIENTED_EDGE('',*,*,#5856,.F.);
#10588 = ORIENTED_EDGE('',*,*,#10582,.F.);
#10589 = CYLINDRICAL_SURFACE('',#10590,0.5);
#10590 = AXIS2_PLACEMENT_3D('',#10591,#10592,#10593);
#10591 = CARTESIAN_POINT('',(82.,-58.,-4.6E-02));
#10592 = DIRECTION('',(-0.,-0.,-1.));
#10593 = DIRECTION('',(-0.,-1.,0.));
#10594 = ADVANCED_FACE('',(#10595),#10606,.F.);
#10595 = FACE_BOUND('',#10596,.T.);
#10596 = EDGE_LOOP('',(#10597,#10598,#10604,#10605));
#10597 = ORIENTED_EDGE('',*,*,#2319,.T.);
#10598 = ORIENTED_EDGE('',*,*,#10599,.T.);
#10599 = EDGE_CURVE('',#2320,#5868,#10600,.T.);
#10600 = LINE('',#10601,#10602);
#10601 = CARTESIAN_POINT('',(87.,-58.5,-4.6E-02));
#10602 = VECTOR('',#10603,1.);
#10603 = DIRECTION('',(0.,0.,1.));
#10604 = ORIENTED_EDGE('',*,*,#5867,.F.);
#10605 = ORIENTED_EDGE('',*,*,#10599,.F.);
#10606 = CYLINDRICAL_SURFACE('',#10607,0.5);
#10607 = AXIS2_PLACEMENT_3D('',#10608,#10609,#10610);
#10608 = CARTESIAN_POINT('',(87.,-58.,-4.6E-02));
#10609 = DIRECTION('',(-0.,-0.,-1.));
#10610 = DIRECTION('',(-0.,-1.,0.));
#10611 = ADVANCED_FACE('',(#10612),#10623,.F.);
#10612 = FACE_BOUND('',#10613,.T.);
#10613 = EDGE_LOOP('',(#10614,#10615,#10621,#10622));
#10614 = ORIENTED_EDGE('',*,*,#2330,.T.);
#10615 = ORIENTED_EDGE('',*,*,#10616,.T.);
#10616 = EDGE_CURVE('',#2331,#5879,#10617,.T.);
#10617 = LINE('',#10618,#10619);
#10618 = CARTESIAN_POINT('',(68.649999,-56.2,-3.6E-02));
#10619 = VECTOR('',#10620,1.);
#10620 = DIRECTION('',(0.,0.,1.));
#10621 = ORIENTED_EDGE('',*,*,#5878,.F.);
#10622 = ORIENTED_EDGE('',*,*,#10616,.F.);
#10623 = CYLINDRICAL_SURFACE('',#10624,0.2);
#10624 = AXIS2_PLACEMENT_3D('',#10625,#10626,#10627);
#10625 = CARTESIAN_POINT('',(68.649999,-56.,-3.6E-02));
#10626 = DIRECTION('',(-0.,-0.,-1.));
#10627 = DIRECTION('',(-7.105427357601E-14,-1.,0.));
#10628 = ADVANCED_FACE('',(#10629),#10640,.F.);
#10629 = FACE_BOUND('',#10630,.T.);
#10630 = EDGE_LOOP('',(#10631,#10632,#10638,#10639));
#10631 = ORIENTED_EDGE('',*,*,#2341,.T.);
#10632 = ORIENTED_EDGE('',*,*,#10633,.T.);
#10633 = EDGE_CURVE('',#2342,#5890,#10634,.T.);
#10634 = LINE('',#10635,#10636);
#10635 = CARTESIAN_POINT('',(68.,-55.3,-3.6E-02));
#10636 = VECTOR('',#10637,1.);
#10637 = DIRECTION('',(0.,0.,1.));
#10638 = ORIENTED_EDGE('',*,*,#5889,.F.);
#10639 = ORIENTED_EDGE('',*,*,#10633,.F.);
#10640 = CYLINDRICAL_SURFACE('',#10641,0.3);
#10641 = AXIS2_PLACEMENT_3D('',#10642,#10643,#10644);
#10642 = CARTESIAN_POINT('',(68.,-55.,-3.6E-02));
#10643 = DIRECTION('',(-0.,-0.,-1.));
#10644 = DIRECTION('',(-0.,-1.,0.));
#10645 = ADVANCED_FACE('',(#10646),#10657,.F.);
#10646 = FACE_BOUND('',#10647,.T.);
#10647 = EDGE_LOOP('',(#10648,#10649,#10655,#10656));
#10648 = ORIENTED_EDGE('',*,*,#2352,.T.);
#10649 = ORIENTED_EDGE('',*,*,#10650,.T.);
#10650 = EDGE_CURVE('',#2353,#5901,#10651,.T.);
#10651 = LINE('',#10652,#10653);
#10652 = CARTESIAN_POINT('',(75.35,-56.2,-3.6E-02));
#10653 = VECTOR('',#10654,1.);
#10654 = DIRECTION('',(0.,0.,1.));
#10655 = ORIENTED_EDGE('',*,*,#5900,.F.);
#10656 = ORIENTED_EDGE('',*,*,#10650,.F.);
#10657 = CYLINDRICAL_SURFACE('',#10658,0.2);
#10658 = AXIS2_PLACEMENT_3D('',#10659,#10660,#10661);
#10659 = CARTESIAN_POINT('',(75.35,-56.,-3.6E-02));
#10660 = DIRECTION('',(-0.,-0.,-1.));
#10661 = DIRECTION('',(-0.,-1.,0.));
#10662 = ADVANCED_FACE('',(#10663),#10674,.F.);
#10663 = FACE_BOUND('',#10664,.T.);
#10664 = EDGE_LOOP('',(#10665,#10666,#10672,#10673));
#10665 = ORIENTED_EDGE('',*,*,#2363,.T.);
#10666 = ORIENTED_EDGE('',*,*,#10667,.T.);
#10667 = EDGE_CURVE('',#2364,#5912,#10668,.T.);
#10668 = LINE('',#10669,#10670);
#10669 = CARTESIAN_POINT('',(68.,-52.8,-3.6E-02));
#10670 = VECTOR('',#10671,1.);
#10671 = DIRECTION('',(0.,0.,1.));
#10672 = ORIENTED_EDGE('',*,*,#5911,.F.);
#10673 = ORIENTED_EDGE('',*,*,#10667,.F.);
#10674 = CYLINDRICAL_SURFACE('',#10675,0.3);
#10675 = AXIS2_PLACEMENT_3D('',#10676,#10677,#10678);
#10676 = CARTESIAN_POINT('',(68.,-52.5,-3.6E-02));
#10677 = DIRECTION('',(-0.,-0.,-1.));
#10678 = DIRECTION('',(-0.,-1.,0.));
#10679 = ADVANCED_FACE('',(#10680),#10691,.F.);
#10680 = FACE_BOUND('',#10681,.T.);
#10681 = EDGE_LOOP('',(#10682,#10683,#10689,#10690));
#10682 = ORIENTED_EDGE('',*,*,#2374,.T.);
#10683 = ORIENTED_EDGE('',*,*,#10684,.T.);
#10684 = EDGE_CURVE('',#2375,#5923,#10685,.T.);
#10685 = LINE('',#10686,#10687);
#10686 = CARTESIAN_POINT('',(90.,-59.66,-3.6E-02));
#10687 = VECTOR('',#10688,1.);
#10688 = DIRECTION('',(0.,0.,1.));
#10689 = ORIENTED_EDGE('',*,*,#5922,.F.);
#10690 = ORIENTED_EDGE('',*,*,#10684,.F.);
#10691 = CYLINDRICAL_SURFACE('',#10692,0.2);
#10692 = AXIS2_PLACEMENT_3D('',#10693,#10694,#10695);
#10693 = CARTESIAN_POINT('',(90.,-59.46,-3.6E-02));
#10694 = DIRECTION('',(-0.,-0.,-1.));
#10695 = DIRECTION('',(-0.,-1.,0.));
#10696 = ADVANCED_FACE('',(#10697),#10708,.F.);
#10697 = FACE_BOUND('',#10698,.T.);
#10698 = EDGE_LOOP('',(#10699,#10700,#10706,#10707));
#10699 = ORIENTED_EDGE('',*,*,#2385,.T.);
#10700 = ORIENTED_EDGE('',*,*,#10701,.T.);
#10701 = EDGE_CURVE('',#2386,#5934,#10702,.T.);
#10702 = LINE('',#10703,#10704);
#10703 = CARTESIAN_POINT('',(102.4566,-56.0985,-3.6E-02));
#10704 = VECTOR('',#10705,1.);
#10705 = DIRECTION('',(0.,0.,1.));
#10706 = ORIENTED_EDGE('',*,*,#5933,.F.);
#10707 = ORIENTED_EDGE('',*,*,#10701,.F.);
#10708 = CYLINDRICAL_SURFACE('',#10709,0.2);
#10709 = AXIS2_PLACEMENT_3D('',#10710,#10711,#10712);
#10710 = CARTESIAN_POINT('',(102.4566,-55.8985,-3.6E-02));
#10711 = DIRECTION('',(-0.,-0.,-1.));
#10712 = DIRECTION('',(-7.105427357601E-14,-1.,0.));
#10713 = ADVANCED_FACE('',(#10714),#10725,.F.);
#10714 = FACE_BOUND('',#10715,.T.);
#10715 = EDGE_LOOP('',(#10716,#10717,#10723,#10724));
#10716 = ORIENTED_EDGE('',*,*,#2396,.T.);
#10717 = ORIENTED_EDGE('',*,*,#10718,.T.);
#10718 = EDGE_CURVE('',#2397,#5945,#10719,.T.);
#10719 = LINE('',#10720,#10721);
#10720 = CARTESIAN_POINT('',(109.116609,-56.482422,-3.6E-02));
#10721 = VECTOR('',#10722,1.);
#10722 = DIRECTION('',(0.,0.,1.));
#10723 = ORIENTED_EDGE('',*,*,#5944,.F.);
#10724 = ORIENTED_EDGE('',*,*,#10718,.F.);
#10725 = CYLINDRICAL_SURFACE('',#10726,0.2);
#10726 = AXIS2_PLACEMENT_3D('',#10727,#10728,#10729);
#10727 = CARTESIAN_POINT('',(109.116609,-56.282422,-3.6E-02));
#10728 = DIRECTION('',(-0.,-0.,-1.));
#10729 = DIRECTION('',(-0.,-1.,0.));
#10730 = ADVANCED_FACE('',(#10731),#10742,.F.);
#10731 = FACE_BOUND('',#10732,.T.);
#10732 = EDGE_LOOP('',(#10733,#10734,#10740,#10741));
#10733 = ORIENTED_EDGE('',*,*,#2407,.T.);
#10734 = ORIENTED_EDGE('',*,*,#10735,.T.);
#10735 = EDGE_CURVE('',#2408,#5956,#10736,.T.);
#10736 = LINE('',#10737,#10738);
#10737 = CARTESIAN_POINT('',(109.556716,-53.209607,-3.6E-02));
#10738 = VECTOR('',#10739,1.);
#10739 = DIRECTION('',(0.,0.,1.));
#10740 = ORIENTED_EDGE('',*,*,#5955,.F.);
#10741 = ORIENTED_EDGE('',*,*,#10735,.F.);
#10742 = CYLINDRICAL_SURFACE('',#10743,0.2);
#10743 = AXIS2_PLACEMENT_3D('',#10744,#10745,#10746);
#10744 = CARTESIAN_POINT('',(109.556716,-53.009607,-3.6E-02));
#10745 = DIRECTION('',(-0.,-0.,-1.));
#10746 = DIRECTION('',(-0.,-1.,0.));
#10747 = ADVANCED_FACE('',(#10748),#10759,.F.);
#10748 = FACE_BOUND('',#10749,.T.);
#10749 = EDGE_LOOP('',(#10750,#10751,#10757,#10758));
#10750 = ORIENTED_EDGE('',*,*,#2418,.T.);
#10751 = ORIENTED_EDGE('',*,*,#10752,.T.);
#10752 = EDGE_CURVE('',#2419,#5967,#10753,.T.);
#10753 = LINE('',#10754,#10755);
#10754 = CARTESIAN_POINT('',(29.,-44.2,-3.6E-02));
#10755 = VECTOR('',#10756,1.);
#10756 = DIRECTION('',(0.,0.,1.));
#10757 = ORIENTED_EDGE('',*,*,#5966,.F.);
#10758 = ORIENTED_EDGE('',*,*,#10752,.F.);
#10759 = CYLINDRICAL_SURFACE('',#10760,0.2);
#10760 = AXIS2_PLACEMENT_3D('',#10761,#10762,#10763);
#10761 = CARTESIAN_POINT('',(29.,-44.,-3.6E-02));
#10762 = DIRECTION('',(-0.,-0.,-1.));
#10763 = DIRECTION('',(-0.,-1.,0.));
#10764 = ADVANCED_FACE('',(#10765),#10776,.F.);
#10765 = FACE_BOUND('',#10766,.T.);
#10766 = EDGE_LOOP('',(#10767,#10768,#10774,#10775));
#10767 = ORIENTED_EDGE('',*,*,#2429,.T.);
#10768 = ORIENTED_EDGE('',*,*,#10769,.T.);
#10769 = EDGE_CURVE('',#2430,#5978,#10770,.T.);
#10770 = LINE('',#10771,#10772);
#10771 = CARTESIAN_POINT('',(59.,-44.2,-3.6E-02));
#10772 = VECTOR('',#10773,1.);
#10773 = DIRECTION('',(0.,0.,1.));
#10774 = ORIENTED_EDGE('',*,*,#5977,.F.);
#10775 = ORIENTED_EDGE('',*,*,#10769,.F.);
#10776 = CYLINDRICAL_SURFACE('',#10777,0.2);
#10777 = AXIS2_PLACEMENT_3D('',#10778,#10779,#10780);
#10778 = CARTESIAN_POINT('',(59.,-44.,-3.6E-02));
#10779 = DIRECTION('',(-0.,-0.,-1.));
#10780 = DIRECTION('',(-0.,-1.,0.));
#10781 = ADVANCED_FACE('',(#10782),#10793,.F.);
#10782 = FACE_BOUND('',#10783,.T.);
#10783 = EDGE_LOOP('',(#10784,#10785,#10791,#10792));
#10784 = ORIENTED_EDGE('',*,*,#2440,.T.);
#10785 = ORIENTED_EDGE('',*,*,#10786,.T.);
#10786 = EDGE_CURVE('',#2441,#5989,#10787,.T.);
#10787 = LINE('',#10788,#10789);
#10788 = CARTESIAN_POINT('',(29.,-29.2,-3.6E-02));
#10789 = VECTOR('',#10790,1.);
#10790 = DIRECTION('',(0.,0.,1.));
#10791 = ORIENTED_EDGE('',*,*,#5988,.F.);
#10792 = ORIENTED_EDGE('',*,*,#10786,.F.);
#10793 = CYLINDRICAL_SURFACE('',#10794,0.2);
#10794 = AXIS2_PLACEMENT_3D('',#10795,#10796,#10797);
#10795 = CARTESIAN_POINT('',(29.,-29.,-3.6E-02));
#10796 = DIRECTION('',(-0.,-0.,-1.));
#10797 = DIRECTION('',(-0.,-1.,0.));
#10798 = ADVANCED_FACE('',(#10799),#10810,.F.);
#10799 = FACE_BOUND('',#10800,.T.);
#10800 = EDGE_LOOP('',(#10801,#10802,#10808,#10809));
#10801 = ORIENTED_EDGE('',*,*,#2451,.T.);
#10802 = ORIENTED_EDGE('',*,*,#10803,.T.);
#10803 = EDGE_CURVE('',#2452,#6000,#10804,.T.);
#10804 = LINE('',#10805,#10806);
#10805 = CARTESIAN_POINT('',(24.,-25.6,-4.6E-02));
#10806 = VECTOR('',#10807,1.);
#10807 = DIRECTION('',(0.,0.,1.));
#10808 = ORIENTED_EDGE('',*,*,#5999,.F.);
#10809 = ORIENTED_EDGE('',*,*,#10803,.F.);
#10810 = CYLINDRICAL_SURFACE('',#10811,1.6);
#10811 = AXIS2_PLACEMENT_3D('',#10812,#10813,#10814);
#10812 = CARTESIAN_POINT('',(24.,-24.,-4.6E-02));
#10813 = DIRECTION('',(-0.,-0.,-1.));
#10814 = DIRECTION('',(-0.,-1.,0.));
#10815 = ADVANCED_FACE('',(#10816),#10827,.F.);
#10816 = FACE_BOUND('',#10817,.T.);
#10817 = EDGE_LOOP('',(#10818,#10819,#10825,#10826));
#10818 = ORIENTED_EDGE('',*,*,#2462,.T.);
#10819 = ORIENTED_EDGE('',*,*,#10820,.T.);
#10820 = EDGE_CURVE('',#2463,#6011,#10821,.T.);
#10821 = LINE('',#10822,#10823);
#10822 = CARTESIAN_POINT('',(36.89,-29.52,-4.6E-02));
#10823 = VECTOR('',#10824,1.);
#10824 = DIRECTION('',(0.,0.,1.));
#10825 = ORIENTED_EDGE('',*,*,#6010,.F.);
#10826 = ORIENTED_EDGE('',*,*,#10820,.F.);
#10827 = CYLINDRICAL_SURFACE('',#10828,0.65);
#10828 = AXIS2_PLACEMENT_3D('',#10829,#10830,#10831);
#10829 = CARTESIAN_POINT('',(36.89,-28.87,-4.6E-02));
#10830 = DIRECTION('',(-0.,-0.,-1.));
#10831 = DIRECTION('',(-0.,-1.,0.));
#10832 = ADVANCED_FACE('',(#10833),#10844,.F.);
#10833 = FACE_BOUND('',#10834,.T.);
#10834 = EDGE_LOOP('',(#10835,#10836,#10842,#10843));
#10835 = ORIENTED_EDGE('',*,*,#2473,.T.);
#10836 = ORIENTED_EDGE('',*,*,#10837,.T.);
#10837 = EDGE_CURVE('',#2474,#6022,#10838,.T.);
#10838 = LINE('',#10839,#10840);
#10839 = CARTESIAN_POINT('',(36.89,-27.69,-4.6E-02));
#10840 = VECTOR('',#10841,1.);
#10841 = DIRECTION('',(0.,0.,1.));
#10842 = ORIENTED_EDGE('',*,*,#6021,.F.);
#10843 = ORIENTED_EDGE('',*,*,#10837,.F.);
#10844 = CYLINDRICAL_SURFACE('',#10845,0.65);
#10845 = AXIS2_PLACEMENT_3D('',#10846,#10847,#10848);
#10846 = CARTESIAN_POINT('',(36.89,-27.04,-4.6E-02));
#10847 = DIRECTION('',(-0.,-0.,-1.));
#10848 = DIRECTION('',(-0.,-1.,0.));
#10849 = ADVANCED_FACE('',(#10850),#10861,.F.);
#10850 = FACE_BOUND('',#10851,.T.);
#10851 = EDGE_LOOP('',(#10852,#10853,#10859,#10860));
#10852 = ORIENTED_EDGE('',*,*,#2484,.T.);
#10853 = ORIENTED_EDGE('',*,*,#10854,.T.);
#10854 = EDGE_CURVE('',#2485,#6033,#10855,.T.);
#10855 = LINE('',#10856,#10857);
#10856 = CARTESIAN_POINT('',(36.89,-25.86,-4.6E-02));
#10857 = VECTOR('',#10858,1.);
#10858 = DIRECTION('',(0.,0.,1.));
#10859 = ORIENTED_EDGE('',*,*,#6032,.F.);
#10860 = ORIENTED_EDGE('',*,*,#10854,.F.);
#10861 = CYLINDRICAL_SURFACE('',#10862,0.65);
#10862 = AXIS2_PLACEMENT_3D('',#10863,#10864,#10865);
#10863 = CARTESIAN_POINT('',(36.89,-25.21,-4.6E-02));
#10864 = DIRECTION('',(-0.,-0.,-1.));
#10865 = DIRECTION('',(-0.,-1.,0.));
#10866 = ADVANCED_FACE('',(#10867),#10878,.F.);
#10867 = FACE_BOUND('',#10868,.T.);
#10868 = EDGE_LOOP('',(#10869,#10870,#10876,#10877));
#10869 = ORIENTED_EDGE('',*,*,#2495,.T.);
#10870 = ORIENTED_EDGE('',*,*,#10871,.T.);
#10871 = EDGE_CURVE('',#2496,#6044,#10872,.T.);
#10872 = LINE('',#10873,#10874);
#10873 = CARTESIAN_POINT('',(44.51,-29.52,-4.6E-02));
#10874 = VECTOR('',#10875,1.);
#10875 = DIRECTION('',(0.,0.,1.));
#10876 = ORIENTED_EDGE('',*,*,#6043,.F.);
#10877 = ORIENTED_EDGE('',*,*,#10871,.F.);
#10878 = CYLINDRICAL_SURFACE('',#10879,0.65);
#10879 = AXIS2_PLACEMENT_3D('',#10880,#10881,#10882);
#10880 = CARTESIAN_POINT('',(44.51,-28.87,-4.6E-02));
#10881 = DIRECTION('',(-0.,-0.,-1.));
#10882 = DIRECTION('',(-0.,-1.,0.));
#10883 = ADVANCED_FACE('',(#10884),#10895,.F.);
#10884 = FACE_BOUND('',#10885,.T.);
#10885 = EDGE_LOOP('',(#10886,#10887,#10893,#10894));
#10886 = ORIENTED_EDGE('',*,*,#2506,.T.);
#10887 = ORIENTED_EDGE('',*,*,#10888,.T.);
#10888 = EDGE_CURVE('',#2507,#6055,#10889,.T.);
#10889 = LINE('',#10890,#10891);
#10890 = CARTESIAN_POINT('',(44.51,-27.69,-4.6E-02));
#10891 = VECTOR('',#10892,1.);
#10892 = DIRECTION('',(0.,0.,1.));
#10893 = ORIENTED_EDGE('',*,*,#6054,.F.);
#10894 = ORIENTED_EDGE('',*,*,#10888,.F.);
#10895 = CYLINDRICAL_SURFACE('',#10896,0.65);
#10896 = AXIS2_PLACEMENT_3D('',#10897,#10898,#10899);
#10897 = CARTESIAN_POINT('',(44.51,-27.04,-4.6E-02));
#10898 = DIRECTION('',(-0.,-0.,-1.));
#10899 = DIRECTION('',(-0.,-1.,0.));
#10900 = ADVANCED_FACE('',(#10901),#10912,.F.);
#10901 = FACE_BOUND('',#10902,.T.);
#10902 = EDGE_LOOP('',(#10903,#10904,#10910,#10911));
#10903 = ORIENTED_EDGE('',*,*,#2517,.T.);
#10904 = ORIENTED_EDGE('',*,*,#10905,.T.);
#10905 = EDGE_CURVE('',#2518,#6066,#10906,.T.);
#10906 = LINE('',#10907,#10908);
#10907 = CARTESIAN_POINT('',(44.51,-25.86,-4.6E-02));
#10908 = VECTOR('',#10909,1.);
#10909 = DIRECTION('',(0.,0.,1.));
#10910 = ORIENTED_EDGE('',*,*,#6065,.F.);
#10911 = ORIENTED_EDGE('',*,*,#10905,.F.);
#10912 = CYLINDRICAL_SURFACE('',#10913,0.65);
#10913 = AXIS2_PLACEMENT_3D('',#10914,#10915,#10916);
#10914 = CARTESIAN_POINT('',(44.51,-25.21,-4.6E-02));
#10915 = DIRECTION('',(-0.,-0.,-1.));
#10916 = DIRECTION('',(-0.,-1.,0.));
#10917 = ADVANCED_FACE('',(#10918),#10929,.F.);
#10918 = FACE_BOUND('',#10919,.T.);
#10919 = EDGE_LOOP('',(#10920,#10921,#10927,#10928));
#10920 = ORIENTED_EDGE('',*,*,#2528,.T.);
#10921 = ORIENTED_EDGE('',*,*,#10922,.T.);
#10922 = EDGE_CURVE('',#2529,#6077,#10923,.T.);
#10923 = LINE('',#10924,#10925);
#10924 = CARTESIAN_POINT('',(54.3,-25.7,-4.6E-02));
#10925 = VECTOR('',#10926,1.);
#10926 = DIRECTION('',(0.,0.,1.));
#10927 = ORIENTED_EDGE('',*,*,#6076,.F.);
#10928 = ORIENTED_EDGE('',*,*,#10922,.F.);
#10929 = CYLINDRICAL_SURFACE('',#10930,0.7);
#10930 = AXIS2_PLACEMENT_3D('',#10931,#10932,#10933);
#10931 = CARTESIAN_POINT('',(54.3,-25.,-4.6E-02));
#10932 = DIRECTION('',(-0.,-0.,-1.));
#10933 = DIRECTION('',(-0.,-1.,0.));
#10934 = ADVANCED_FACE('',(#10935),#10946,.F.);
#10935 = FACE_BOUND('',#10936,.T.);
#10936 = EDGE_LOOP('',(#10937,#10938,#10944,#10945));
#10937 = ORIENTED_EDGE('',*,*,#2539,.T.);
#10938 = ORIENTED_EDGE('',*,*,#10939,.T.);
#10939 = EDGE_CURVE('',#2540,#6088,#10940,.T.);
#10940 = LINE('',#10941,#10942);
#10941 = CARTESIAN_POINT('',(59.38,-25.7,-4.6E-02));
#10942 = VECTOR('',#10943,1.);
#10943 = DIRECTION('',(0.,0.,1.));
#10944 = ORIENTED_EDGE('',*,*,#6087,.F.);
#10945 = ORIENTED_EDGE('',*,*,#10939,.F.);
#10946 = CYLINDRICAL_SURFACE('',#10947,0.7);
#10947 = AXIS2_PLACEMENT_3D('',#10948,#10949,#10950);
#10948 = CARTESIAN_POINT('',(59.38,-25.,-4.6E-02));
#10949 = DIRECTION('',(-0.,0.,-1.));
#10950 = DIRECTION('',(1.015061051086E-14,-1.,-0.));
#10951 = ADVANCED_FACE('',(#10952),#10963,.F.);
#10952 = FACE_BOUND('',#10953,.T.);
#10953 = EDGE_LOOP('',(#10954,#10955,#10961,#10962));
#10954 = ORIENTED_EDGE('',*,*,#2550,.T.);
#10955 = ORIENTED_EDGE('',*,*,#10956,.T.);
#10956 = EDGE_CURVE('',#2551,#6099,#10957,.T.);
#10957 = LINE('',#10958,#10959);
#10958 = CARTESIAN_POINT('',(64.46,-25.7,-4.6E-02));
#10959 = VECTOR('',#10960,1.);
#10960 = DIRECTION('',(0.,0.,1.));
#10961 = ORIENTED_EDGE('',*,*,#6098,.F.);
#10962 = ORIENTED_EDGE('',*,*,#10956,.F.);
#10963 = CYLINDRICAL_SURFACE('',#10964,0.7);
#10964 = AXIS2_PLACEMENT_3D('',#10965,#10966,#10967);
#10965 = CARTESIAN_POINT('',(64.46,-25.,-4.6E-02));
#10966 = DIRECTION('',(-0.,-0.,-1.));
#10967 = DIRECTION('',(-0.,-1.,0.));
#10968 = ADVANCED_FACE('',(#10969),#10980,.F.);
#10969 = FACE_BOUND('',#10970,.T.);
#10970 = EDGE_LOOP('',(#10971,#10972,#10978,#10979));
#10971 = ORIENTED_EDGE('',*,*,#2561,.T.);
#10972 = ORIENTED_EDGE('',*,*,#10973,.T.);
#10973 = EDGE_CURVE('',#2562,#6110,#10974,.T.);
#10974 = LINE('',#10975,#10976);
#10975 = CARTESIAN_POINT('',(74.,-44.2,-3.6E-02));
#10976 = VECTOR('',#10977,1.);
#10977 = DIRECTION('',(0.,0.,1.));
#10978 = ORIENTED_EDGE('',*,*,#6109,.F.);
#10979 = ORIENTED_EDGE('',*,*,#10973,.F.);
#10980 = CYLINDRICAL_SURFACE('',#10981,0.2);
#10981 = AXIS2_PLACEMENT_3D('',#10982,#10983,#10984);
#10982 = CARTESIAN_POINT('',(74.,-44.,-3.6E-02));
#10983 = DIRECTION('',(-0.,-0.,-1.));
#10984 = DIRECTION('',(-0.,-1.,0.));
#10985 = ADVANCED_FACE('',(#10986),#10997,.F.);
#10986 = FACE_BOUND('',#10987,.T.);
#10987 = EDGE_LOOP('',(#10988,#10989,#10995,#10996));
#10988 = ORIENTED_EDGE('',*,*,#2572,.T.);
#10989 = ORIENTED_EDGE('',*,*,#10990,.T.);
#10990 = EDGE_CURVE('',#2573,#6121,#10991,.T.);
#10991 = LINE('',#10992,#10993);
#10992 = CARTESIAN_POINT('',(89.,-44.2,-3.6E-02));
#10993 = VECTOR('',#10994,1.);
#10994 = DIRECTION('',(0.,0.,1.));
#10995 = ORIENTED_EDGE('',*,*,#6120,.F.);
#10996 = ORIENTED_EDGE('',*,*,#10990,.F.);
#10997 = CYLINDRICAL_SURFACE('',#10998,0.2);
#10998 = AXIS2_PLACEMENT_3D('',#10999,#11000,#11001);
#10999 = CARTESIAN_POINT('',(89.,-44.,-3.6E-02));
#11000 = DIRECTION('',(-0.,-0.,-1.));
#11001 = DIRECTION('',(-0.,-1.,0.));
#11002 = ADVANCED_FACE('',(#11003),#11014,.F.);
#11003 = FACE_BOUND('',#11004,.T.);
#11004 = EDGE_LOOP('',(#11005,#11006,#11012,#11013));
#11005 = ORIENTED_EDGE('',*,*,#2583,.T.);
#11006 = ORIENTED_EDGE('',*,*,#11007,.T.);
#11007 = EDGE_CURVE('',#2584,#6132,#11008,.T.);
#11008 = LINE('',#11009,#11010);
#11009 = CARTESIAN_POINT('',(104.,-44.2,-3.6E-02));
#11010 = VECTOR('',#11011,1.);
#11011 = DIRECTION('',(0.,0.,1.));
#11012 = ORIENTED_EDGE('',*,*,#6131,.F.);
#11013 = ORIENTED_EDGE('',*,*,#11007,.F.);
#11014 = CYLINDRICAL_SURFACE('',#11015,0.2);
#11015 = AXIS2_PLACEMENT_3D('',#11016,#11017,#11018);
#11016 = CARTESIAN_POINT('',(104.,-44.,-3.6E-02));
#11017 = DIRECTION('',(-0.,-0.,-1.));
#11018 = DIRECTION('',(-0.,-1.,0.));
#11019 = ADVANCED_FACE('',(#11020),#11031,.F.);
#11020 = FACE_BOUND('',#11021,.T.);
#11021 = EDGE_LOOP('',(#11022,#11023,#11029,#11030));
#11022 = ORIENTED_EDGE('',*,*,#2594,.T.);
#11023 = ORIENTED_EDGE('',*,*,#11024,.T.);
#11024 = EDGE_CURVE('',#2595,#6143,#11025,.T.);
#11025 = LINE('',#11026,#11027);
#11026 = CARTESIAN_POINT('',(69.54,-25.7,-4.6E-02));
#11027 = VECTOR('',#11028,1.);
#11028 = DIRECTION('',(0.,0.,1.));
#11029 = ORIENTED_EDGE('',*,*,#6142,.F.);
#11030 = ORIENTED_EDGE('',*,*,#11024,.F.);
#11031 = CYLINDRICAL_SURFACE('',#11032,0.7);
#11032 = AXIS2_PLACEMENT_3D('',#11033,#11034,#11035);
#11033 = CARTESIAN_POINT('',(69.54,-25.,-4.6E-02));
#11034 = DIRECTION('',(-0.,0.,-1.));
#11035 = DIRECTION('',(2.030122102172E-14,-1.,-0.));
#11036 = ADVANCED_FACE('',(#11037),#11048,.F.);
#11037 = FACE_BOUND('',#11038,.T.);
#11038 = EDGE_LOOP('',(#11039,#11040,#11046,#11047));
#11039 = ORIENTED_EDGE('',*,*,#2605,.T.);
#11040 = ORIENTED_EDGE('',*,*,#11041,.T.);
#11041 = EDGE_CURVE('',#2606,#6154,#11042,.T.);
#11042 = LINE('',#11043,#11044);
#11043 = CARTESIAN_POINT('',(77.7,-25.7,-4.6E-02));
#11044 = VECTOR('',#11045,1.);
#11045 = DIRECTION('',(0.,0.,1.));
#11046 = ORIENTED_EDGE('',*,*,#6153,.F.);
#11047 = ORIENTED_EDGE('',*,*,#11041,.F.);
#11048 = CYLINDRICAL_SURFACE('',#11049,0.7);
#11049 = AXIS2_PLACEMENT_3D('',#11050,#11051,#11052);
#11050 = CARTESIAN_POINT('',(77.7,-25.,-4.6E-02));
#11051 = DIRECTION('',(-0.,-0.,-1.));
#11052 = DIRECTION('',(-0.,-1.,0.));
#11053 = ADVANCED_FACE('',(#11054),#11065,.F.);
#11054 = FACE_BOUND('',#11055,.T.);
#11055 = EDGE_LOOP('',(#11056,#11057,#11063,#11064));
#11056 = ORIENTED_EDGE('',*,*,#2616,.T.);
#11057 = ORIENTED_EDGE('',*,*,#11058,.T.);
#11058 = EDGE_CURVE('',#2617,#6165,#11059,.T.);
#11059 = LINE('',#11060,#11061);
#11060 = CARTESIAN_POINT('',(82.78,-25.7,-4.6E-02));
#11061 = VECTOR('',#11062,1.);
#11062 = DIRECTION('',(0.,0.,1.));
#11063 = ORIENTED_EDGE('',*,*,#6164,.F.);
#11064 = ORIENTED_EDGE('',*,*,#11058,.F.);
#11065 = CYLINDRICAL_SURFACE('',#11066,0.7);
#11066 = AXIS2_PLACEMENT_3D('',#11067,#11068,#11069);
#11067 = CARTESIAN_POINT('',(82.78,-25.,-4.6E-02));
#11068 = DIRECTION('',(-0.,-0.,-1.));
#11069 = DIRECTION('',(-0.,-1.,0.));
#11070 = ADVANCED_FACE('',(#11071),#11082,.F.);
#11071 = FACE_BOUND('',#11072,.T.);
#11072 = EDGE_LOOP('',(#11073,#11074,#11080,#11081));
#11073 = ORIENTED_EDGE('',*,*,#2627,.T.);
#11074 = ORIENTED_EDGE('',*,*,#11075,.T.);
#11075 = EDGE_CURVE('',#2628,#6176,#11076,.T.);
#11076 = LINE('',#11077,#11078);
#11077 = CARTESIAN_POINT('',(87.86,-25.7,-4.6E-02));
#11078 = VECTOR('',#11079,1.);
#11079 = DIRECTION('',(0.,0.,1.));
#11080 = ORIENTED_EDGE('',*,*,#6175,.F.);
#11081 = ORIENTED_EDGE('',*,*,#11075,.F.);
#11082 = CYLINDRICAL_SURFACE('',#11083,0.7);
#11083 = AXIS2_PLACEMENT_3D('',#11084,#11085,#11086);
#11084 = CARTESIAN_POINT('',(87.86,-25.,-4.6E-02));
#11085 = DIRECTION('',(-0.,-0.,-1.));
#11086 = DIRECTION('',(-0.,-1.,0.));
#11087 = ADVANCED_FACE('',(#11088),#11099,.F.);
#11088 = FACE_BOUND('',#11089,.T.);
#11089 = EDGE_LOOP('',(#11090,#11091,#11097,#11098));
#11090 = ORIENTED_EDGE('',*,*,#2638,.T.);
#11091 = ORIENTED_EDGE('',*,*,#11092,.T.);
#11092 = EDGE_CURVE('',#2639,#6187,#11093,.T.);
#11093 = LINE('',#11094,#11095);
#11094 = CARTESIAN_POINT('',(92.94,-25.7,-4.6E-02));
#11095 = VECTOR('',#11096,1.);
#11096 = DIRECTION('',(0.,0.,1.));
#11097 = ORIENTED_EDGE('',*,*,#6186,.F.);
#11098 = ORIENTED_EDGE('',*,*,#11092,.F.);
#11099 = CYLINDRICAL_SURFACE('',#11100,0.7);
#11100 = AXIS2_PLACEMENT_3D('',#11101,#11102,#11103);
#11101 = CARTESIAN_POINT('',(92.94,-25.,-4.6E-02));
#11102 = DIRECTION('',(-0.,-0.,-1.));
#11103 = DIRECTION('',(-0.,-1.,0.));
#11104 = ADVANCED_FACE('',(#11105),#11116,.F.);
#11105 = FACE_BOUND('',#11106,.T.);
#11106 = EDGE_LOOP('',(#11107,#11108,#11114,#11115));
#11107 = ORIENTED_EDGE('',*,*,#2649,.T.);
#11108 = ORIENTED_EDGE('',*,*,#11109,.T.);
#11109 = EDGE_CURVE('',#2650,#6198,#11110,.T.);
#11110 = LINE('',#11111,#11112);
#11111 = CARTESIAN_POINT('',(101.1,-25.7,-4.6E-02));
#11112 = VECTOR('',#11113,1.);
#11113 = DIRECTION('',(0.,0.,1.));
#11114 = ORIENTED_EDGE('',*,*,#6197,.F.);
#11115 = ORIENTED_EDGE('',*,*,#11109,.F.);
#11116 = CYLINDRICAL_SURFACE('',#11117,0.7);
#11117 = AXIS2_PLACEMENT_3D('',#11118,#11119,#11120);
#11118 = CARTESIAN_POINT('',(101.1,-25.,-4.6E-02));
#11119 = DIRECTION('',(-0.,-0.,-1.));
#11120 = DIRECTION('',(-0.,-1.,0.));
#11121 = ADVANCED_FACE('',(#11122),#11133,.F.);
#11122 = FACE_BOUND('',#11123,.T.);
#11123 = EDGE_LOOP('',(#11124,#11125,#11131,#11132));
#11124 = ORIENTED_EDGE('',*,*,#2660,.T.);
#11125 = ORIENTED_EDGE('',*,*,#11126,.T.);
#11126 = EDGE_CURVE('',#2661,#6209,#11127,.T.);
#11127 = LINE('',#11128,#11129);
#11128 = CARTESIAN_POINT('',(106.18,-25.7,-4.6E-02));
#11129 = VECTOR('',#11130,1.);
#11130 = DIRECTION('',(0.,0.,1.));
#11131 = ORIENTED_EDGE('',*,*,#6208,.F.);
#11132 = ORIENTED_EDGE('',*,*,#11126,.F.);
#11133 = CYLINDRICAL_SURFACE('',#11134,0.7);
#11134 = AXIS2_PLACEMENT_3D('',#11135,#11136,#11137);
#11135 = CARTESIAN_POINT('',(106.18,-25.,-4.6E-02));
#11136 = DIRECTION('',(-0.,-0.,-1.));
#11137 = DIRECTION('',(-0.,-1.,0.));
#11138 = ADVANCED_FACE('',(#11139),#11150,.F.);
#11139 = FACE_BOUND('',#11140,.T.);
#11140 = EDGE_LOOP('',(#11141,#11142,#11148,#11149));
#11141 = ORIENTED_EDGE('',*,*,#2671,.T.);
#11142 = ORIENTED_EDGE('',*,*,#11143,.T.);
#11143 = EDGE_CURVE('',#2672,#6220,#11144,.T.);
#11144 = LINE('',#11145,#11146);
#11145 = CARTESIAN_POINT('',(115.975,-73.7,-3.6E-02));
#11146 = VECTOR('',#11147,1.);
#11147 = DIRECTION('',(0.,0.,1.));
#11148 = ORIENTED_EDGE('',*,*,#6219,.F.);
#11149 = ORIENTED_EDGE('',*,*,#11143,.F.);
#11150 = CYLINDRICAL_SURFACE('',#11151,0.2);
#11151 = AXIS2_PLACEMENT_3D('',#11152,#11153,#11154);
#11152 = CARTESIAN_POINT('',(115.975,-73.5,-3.6E-02));
#11153 = DIRECTION('',(-0.,-0.,-1.));
#11154 = DIRECTION('',(-0.,-1.,0.));
#11155 = ADVANCED_FACE('',(#11156),#11167,.F.);
#11156 = FACE_BOUND('',#11157,.T.);
#11157 = EDGE_LOOP('',(#11158,#11159,#11165,#11166));
#11158 = ORIENTED_EDGE('',*,*,#2682,.T.);
#11159 = ORIENTED_EDGE('',*,*,#11160,.T.);
#11160 = EDGE_CURVE('',#2683,#6231,#11161,.T.);
#11161 = LINE('',#11162,#11163);
#11162 = CARTESIAN_POINT('',(125.9081,-74.7123,-3.6E-02));
#11163 = VECTOR('',#11164,1.);
#11164 = DIRECTION('',(0.,0.,1.));
#11165 = ORIENTED_EDGE('',*,*,#6230,.F.);
#11166 = ORIENTED_EDGE('',*,*,#11160,.F.);
#11167 = CYLINDRICAL_SURFACE('',#11168,0.2);
#11168 = AXIS2_PLACEMENT_3D('',#11169,#11170,#11171);
#11169 = CARTESIAN_POINT('',(125.9081,-74.5123,-3.6E-02));
#11170 = DIRECTION('',(-0.,0.,-1.));
#11171 = DIRECTION('',(7.105427357601E-14,-1.,-0.));
#11172 = ADVANCED_FACE('',(#11173),#11184,.F.);
#11173 = FACE_BOUND('',#11174,.T.);
#11174 = EDGE_LOOP('',(#11175,#11176,#11182,#11183));
#11175 = ORIENTED_EDGE('',*,*,#2693,.T.);
#11176 = ORIENTED_EDGE('',*,*,#11177,.T.);
#11177 = EDGE_CURVE('',#2694,#6242,#11178,.T.);
#11178 = LINE('',#11179,#11180);
#11179 = CARTESIAN_POINT('',(127.817842,-75.657353,-3.6E-02));
#11180 = VECTOR('',#11181,1.);
#11181 = DIRECTION('',(0.,0.,1.));
#11182 = ORIENTED_EDGE('',*,*,#6241,.F.);
#11183 = ORIENTED_EDGE('',*,*,#11177,.F.);
#11184 = CYLINDRICAL_SURFACE('',#11185,0.2);
#11185 = AXIS2_PLACEMENT_3D('',#11186,#11187,#11188);
#11186 = CARTESIAN_POINT('',(127.817842,-75.457353,-3.6E-02));
#11187 = DIRECTION('',(-0.,-0.,-1.));
#11188 = DIRECTION('',(-0.,-1.,0.));
#11189 = ADVANCED_FACE('',(#11190),#11201,.F.);
#11190 = FACE_BOUND('',#11191,.T.);
#11191 = EDGE_LOOP('',(#11192,#11193,#11199,#11200));
#11192 = ORIENTED_EDGE('',*,*,#2704,.T.);
#11193 = ORIENTED_EDGE('',*,*,#11194,.T.);
#11194 = EDGE_CURVE('',#2705,#6253,#11195,.T.);
#11195 = LINE('',#11196,#11197);
#11196 = CARTESIAN_POINT('',(128.539999,-75.525,-3.6E-02));
#11197 = VECTOR('',#11198,1.);
#11198 = DIRECTION('',(0.,0.,1.));
#11199 = ORIENTED_EDGE('',*,*,#6252,.F.);
#11200 = ORIENTED_EDGE('',*,*,#11194,.F.);
#11201 = CYLINDRICAL_SURFACE('',#11202,0.2);
#11202 = AXIS2_PLACEMENT_3D('',#11203,#11204,#11205);
#11203 = CARTESIAN_POINT('',(128.539999,-75.325,-3.6E-02));
#11204 = DIRECTION('',(-0.,-0.,-1.));
#11205 = DIRECTION('',(-1.42108547152E-13,-1.,0.));
#11206 = ADVANCED_FACE('',(#11207),#11218,.F.);
#11207 = FACE_BOUND('',#11208,.T.);
#11208 = EDGE_LOOP('',(#11209,#11210,#11216,#11217));
#11209 = ORIENTED_EDGE('',*,*,#2715,.T.);
#11210 = ORIENTED_EDGE('',*,*,#11211,.T.);
#11211 = EDGE_CURVE('',#2716,#6264,#11212,.T.);
#11212 = LINE('',#11213,#11214);
#11213 = CARTESIAN_POINT('',(127.975,-73.7,-3.6E-02));
#11214 = VECTOR('',#11215,1.);
#11215 = DIRECTION('',(0.,0.,1.));
#11216 = ORIENTED_EDGE('',*,*,#6263,.F.);
#11217 = ORIENTED_EDGE('',*,*,#11211,.F.);
#11218 = CYLINDRICAL_SURFACE('',#11219,0.2);
#11219 = AXIS2_PLACEMENT_3D('',#11220,#11221,#11222);
#11220 = CARTESIAN_POINT('',(127.975,-73.5,-3.6E-02));
#11221 = DIRECTION('',(-0.,-0.,-1.));
#11222 = DIRECTION('',(-7.105427357601E-14,-1.,0.));
#11223 = ADVANCED_FACE('',(#11224),#11235,.F.);
#11224 = FACE_BOUND('',#11225,.T.);
#11225 = EDGE_LOOP('',(#11226,#11227,#11233,#11234));
#11226 = ORIENTED_EDGE('',*,*,#2726,.T.);
#11227 = ORIENTED_EDGE('',*,*,#11228,.T.);
#11228 = EDGE_CURVE('',#2727,#6275,#11229,.T.);
#11229 = LINE('',#11230,#11231);
#11230 = CARTESIAN_POINT('',(127.5918,-70.4084,-3.6E-02));
#11231 = VECTOR('',#11232,1.);
#11232 = DIRECTION('',(0.,0.,1.));
#11233 = ORIENTED_EDGE('',*,*,#6274,.F.);
#11234 = ORIENTED_EDGE('',*,*,#11228,.F.);
#11235 = CYLINDRICAL_SURFACE('',#11236,0.2);
#11236 = AXIS2_PLACEMENT_3D('',#11237,#11238,#11239);
#11237 = CARTESIAN_POINT('',(127.5918,-70.2084,-3.6E-02));
#11238 = DIRECTION('',(-0.,-0.,-1.));
#11239 = DIRECTION('',(-0.,-1.,0.));
#11240 = ADVANCED_FACE('',(#11241),#11252,.F.);
#11241 = FACE_BOUND('',#11242,.T.);
#11242 = EDGE_LOOP('',(#11243,#11244,#11250,#11251));
#11243 = ORIENTED_EDGE('',*,*,#2737,.T.);
#11244 = ORIENTED_EDGE('',*,*,#11245,.T.);
#11245 = EDGE_CURVE('',#2738,#6286,#11246,.T.);
#11246 = LINE('',#11247,#11248);
#11247 = CARTESIAN_POINT('',(127.6285,-67.9495,-3.6E-02));
#11248 = VECTOR('',#11249,1.);
#11249 = DIRECTION('',(0.,0.,1.));
#11250 = ORIENTED_EDGE('',*,*,#6285,.F.);
#11251 = ORIENTED_EDGE('',*,*,#11245,.F.);
#11252 = CYLINDRICAL_SURFACE('',#11253,0.2);
#11253 = AXIS2_PLACEMENT_3D('',#11254,#11255,#11256);
#11254 = CARTESIAN_POINT('',(127.6285,-67.7495,-3.6E-02));
#11255 = DIRECTION('',(-0.,-0.,-1.));
#11256 = DIRECTION('',(-0.,-1.,0.));
#11257 = ADVANCED_FACE('',(#11258),#11269,.F.);
#11258 = FACE_BOUND('',#11259,.T.);
#11259 = EDGE_LOOP('',(#11260,#11261,#11267,#11268));
#11260 = ORIENTED_EDGE('',*,*,#2748,.T.);
#11261 = ORIENTED_EDGE('',*,*,#11262,.T.);
#11262 = EDGE_CURVE('',#2749,#6297,#11263,.T.);
#11263 = LINE('',#11264,#11265);
#11264 = CARTESIAN_POINT('',(128.4733,-64.9589,-3.6E-02));
#11265 = VECTOR('',#11266,1.);
#11266 = DIRECTION('',(0.,0.,1.));
#11267 = ORIENTED_EDGE('',*,*,#6296,.F.);
#11268 = ORIENTED_EDGE('',*,*,#11262,.F.);
#11269 = CYLINDRICAL_SURFACE('',#11270,0.25);
#11270 = AXIS2_PLACEMENT_3D('',#11271,#11272,#11273);
#11271 = CARTESIAN_POINT('',(128.4733,-64.7089,-3.6E-02));
#11272 = DIRECTION('',(-0.,-0.,-1.));
#11273 = DIRECTION('',(-0.,-1.,0.));
#11274 = ADVANCED_FACE('',(#11275),#11286,.F.);
#11275 = FACE_BOUND('',#11276,.T.);
#11276 = EDGE_LOOP('',(#11277,#11278,#11284,#11285));
#11277 = ORIENTED_EDGE('',*,*,#2759,.T.);
#11278 = ORIENTED_EDGE('',*,*,#11279,.T.);
#11279 = EDGE_CURVE('',#2760,#6308,#11280,.T.);
#11280 = LINE('',#11281,#11282);
#11281 = CARTESIAN_POINT('',(134.7498,-75.0708,-3.6E-02));
#11282 = VECTOR('',#11283,1.);
#11283 = DIRECTION('',(0.,0.,1.));
#11284 = ORIENTED_EDGE('',*,*,#6307,.F.);
#11285 = ORIENTED_EDGE('',*,*,#11279,.F.);
#11286 = CYLINDRICAL_SURFACE('',#11287,0.2);
#11287 = AXIS2_PLACEMENT_3D('',#11288,#11289,#11290);
#11288 = CARTESIAN_POINT('',(134.7498,-74.8708,-3.6E-02));
#11289 = DIRECTION('',(-0.,-0.,-1.));
#11290 = DIRECTION('',(-0.,-1.,0.));
#11291 = ADVANCED_FACE('',(#11292),#11303,.F.);
#11292 = FACE_BOUND('',#11293,.T.);
#11293 = EDGE_LOOP('',(#11294,#11295,#11301,#11302));
#11294 = ORIENTED_EDGE('',*,*,#2770,.T.);
#11295 = ORIENTED_EDGE('',*,*,#11296,.T.);
#11296 = EDGE_CURVE('',#2771,#6319,#11297,.T.);
#11297 = LINE('',#11298,#11299);
#11298 = CARTESIAN_POINT('',(138.475,-73.7,-3.6E-02));
#11299 = VECTOR('',#11300,1.);
#11300 = DIRECTION('',(0.,0.,1.));
#11301 = ORIENTED_EDGE('',*,*,#6318,.F.);
#11302 = ORIENTED_EDGE('',*,*,#11296,.F.);
#11303 = CYLINDRICAL_SURFACE('',#11304,0.2);
#11304 = AXIS2_PLACEMENT_3D('',#11305,#11306,#11307);
#11305 = CARTESIAN_POINT('',(138.475,-73.5,-3.6E-02));
#11306 = DIRECTION('',(-0.,-0.,-1.));
#11307 = DIRECTION('',(-1.42108547152E-13,-1.,0.));
#11308 = ADVANCED_FACE('',(#11309),#11320,.F.);
#11309 = FACE_BOUND('',#11310,.T.);
#11310 = EDGE_LOOP('',(#11311,#11312,#11318,#11319));
#11311 = ORIENTED_EDGE('',*,*,#2781,.T.);
#11312 = ORIENTED_EDGE('',*,*,#11313,.T.);
#11313 = EDGE_CURVE('',#2782,#6330,#11314,.T.);
#11314 = LINE('',#11315,#11316);
#11315 = CARTESIAN_POINT('',(148.275,-74.9,-3.6E-02));
#11316 = VECTOR('',#11317,1.);
#11317 = DIRECTION('',(0.,0.,1.));
#11318 = ORIENTED_EDGE('',*,*,#6329,.F.);
#11319 = ORIENTED_EDGE('',*,*,#11313,.F.);
#11320 = CYLINDRICAL_SURFACE('',#11321,0.2);
#11321 = AXIS2_PLACEMENT_3D('',#11322,#11323,#11324);
#11322 = CARTESIAN_POINT('',(148.275,-74.7,-3.6E-02));
#11323 = DIRECTION('',(-0.,0.,-1.));
#11324 = DIRECTION('',(1.42108547152E-13,-1.,-0.));
#11325 = ADVANCED_FACE('',(#11326),#11337,.F.);
#11326 = FACE_BOUND('',#11327,.T.);
#11327 = EDGE_LOOP('',(#11328,#11329,#11335,#11336));
#11328 = ORIENTED_EDGE('',*,*,#2792,.T.);
#11329 = ORIENTED_EDGE('',*,*,#11330,.T.);
#11330 = EDGE_CURVE('',#2793,#6341,#11331,.T.);
#11331 = LINE('',#11332,#11333);
#11332 = CARTESIAN_POINT('',(153.45,-74.9,-3.6E-02));
#11333 = VECTOR('',#11334,1.);
#11334 = DIRECTION('',(0.,0.,1.));
#11335 = ORIENTED_EDGE('',*,*,#6340,.F.);
#11336 = ORIENTED_EDGE('',*,*,#11330,.F.);
#11337 = CYLINDRICAL_SURFACE('',#11338,0.2);
#11338 = AXIS2_PLACEMENT_3D('',#11339,#11340,#11341);
#11339 = CARTESIAN_POINT('',(153.45,-74.7,-3.6E-02));
#11340 = DIRECTION('',(-0.,-0.,-1.));
#11341 = DIRECTION('',(-0.,-1.,0.));
#11342 = ADVANCED_FACE('',(#11343),#11354,.F.);
#11343 = FACE_BOUND('',#11344,.T.);
#11344 = EDGE_LOOP('',(#11345,#11346,#11352,#11353));
#11345 = ORIENTED_EDGE('',*,*,#2803,.T.);
#11346 = ORIENTED_EDGE('',*,*,#11347,.T.);
#11347 = EDGE_CURVE('',#2804,#6352,#11348,.T.);
#11348 = LINE('',#11349,#11350);
#11349 = CARTESIAN_POINT('',(143.649999,-73.7,-3.6E-02));
#11350 = VECTOR('',#11351,1.);
#11351 = DIRECTION('',(0.,0.,1.));
#11352 = ORIENTED_EDGE('',*,*,#6351,.F.);
#11353 = ORIENTED_EDGE('',*,*,#11347,.F.);
#11354 = CYLINDRICAL_SURFACE('',#11355,0.2);
#11355 = AXIS2_PLACEMENT_3D('',#11356,#11357,#11358);
#11356 = CARTESIAN_POINT('',(143.649999,-73.5,-3.6E-02));
#11357 = DIRECTION('',(-0.,0.,-1.));
#11358 = DIRECTION('',(1.42108547152E-13,-1.,-0.));
#11359 = ADVANCED_FACE('',(#11360),#11371,.F.);
#11360 = FACE_BOUND('',#11361,.T.);
#11361 = EDGE_LOOP('',(#11362,#11363,#11369,#11370));
#11362 = ORIENTED_EDGE('',*,*,#2814,.T.);
#11363 = ORIENTED_EDGE('',*,*,#11364,.T.);
#11364 = EDGE_CURVE('',#2815,#6363,#11365,.T.);
#11365 = LINE('',#11366,#11367);
#11366 = CARTESIAN_POINT('',(144.725,-73.7,-3.6E-02));
#11367 = VECTOR('',#11368,1.);
#11368 = DIRECTION('',(0.,0.,1.));
#11369 = ORIENTED_EDGE('',*,*,#6362,.F.);
#11370 = ORIENTED_EDGE('',*,*,#11364,.F.);
#11371 = CYLINDRICAL_SURFACE('',#11372,0.2);
#11372 = AXIS2_PLACEMENT_3D('',#11373,#11374,#11375);
#11373 = CARTESIAN_POINT('',(144.725,-73.5,-3.6E-02));
#11374 = DIRECTION('',(-0.,-0.,-1.));
#11375 = DIRECTION('',(-1.42108547152E-13,-1.,0.));
#11376 = ADVANCED_FACE('',(#11377),#11388,.F.);
#11377 = FACE_BOUND('',#11378,.T.);
#11378 = EDGE_LOOP('',(#11379,#11380,#11386,#11387));
#11379 = ORIENTED_EDGE('',*,*,#2825,.T.);
#11380 = ORIENTED_EDGE('',*,*,#11381,.T.);
#11381 = EDGE_CURVE('',#2826,#6374,#11382,.T.);
#11382 = LINE('',#11383,#11384);
#11383 = CARTESIAN_POINT('',(148.024999,-72.2,-3.6E-02));
#11384 = VECTOR('',#11385,1.);
#11385 = DIRECTION('',(0.,0.,1.));
#11386 = ORIENTED_EDGE('',*,*,#6373,.F.);
#11387 = ORIENTED_EDGE('',*,*,#11381,.F.);
#11388 = CYLINDRICAL_SURFACE('',#11389,0.2);
#11389 = AXIS2_PLACEMENT_3D('',#11390,#11391,#11392);
#11390 = CARTESIAN_POINT('',(148.024999,-72.,-3.6E-02));
#11391 = DIRECTION('',(-0.,0.,-1.));
#11392 = DIRECTION('',(1.42108547152E-13,-1.,-0.));
#11393 = ADVANCED_FACE('',(#11394),#11405,.F.);
#11394 = FACE_BOUND('',#11395,.T.);
#11395 = EDGE_LOOP('',(#11396,#11397,#11403,#11404));
#11396 = ORIENTED_EDGE('',*,*,#2836,.T.);
#11397 = ORIENTED_EDGE('',*,*,#11398,.T.);
#11398 = EDGE_CURVE('',#2837,#6385,#11399,.T.);
#11399 = LINE('',#11400,#11401);
#11400 = CARTESIAN_POINT('',(146.0283,-71.09,-3.6E-02));
#11401 = VECTOR('',#11402,1.);
#11402 = DIRECTION('',(0.,0.,1.));
#11403 = ORIENTED_EDGE('',*,*,#6384,.F.);
#11404 = ORIENTED_EDGE('',*,*,#11398,.F.);
#11405 = CYLINDRICAL_SURFACE('',#11406,0.2);
#11406 = AXIS2_PLACEMENT_3D('',#11407,#11408,#11409);
#11407 = CARTESIAN_POINT('',(146.0283,-70.89,-3.6E-02));
#11408 = DIRECTION('',(-0.,-0.,-1.));
#11409 = DIRECTION('',(-0.,-1.,0.));
#11410 = ADVANCED_FACE('',(#11411),#11422,.F.);
#11411 = FACE_BOUND('',#11412,.T.);
#11412 = EDGE_LOOP('',(#11413,#11414,#11420,#11421));
#11413 = ORIENTED_EDGE('',*,*,#2847,.T.);
#11414 = ORIENTED_EDGE('',*,*,#11415,.T.);
#11415 = EDGE_CURVE('',#2848,#6396,#11416,.T.);
#11416 = LINE('',#11417,#11418);
#11417 = CARTESIAN_POINT('',(134.1086,-70.1973,-3.6E-02));
#11418 = VECTOR('',#11419,1.);
#11419 = DIRECTION('',(0.,0.,1.));
#11420 = ORIENTED_EDGE('',*,*,#6395,.F.);
#11421 = ORIENTED_EDGE('',*,*,#11415,.F.);
#11422 = CYLINDRICAL_SURFACE('',#11423,0.2);
#11423 = AXIS2_PLACEMENT_3D('',#11424,#11425,#11426);
#11424 = CARTESIAN_POINT('',(134.1086,-69.9973,-3.6E-02));
#11425 = DIRECTION('',(-0.,-0.,-1.));
#11426 = DIRECTION('',(-1.42108547152E-13,-1.,0.));
#11427 = ADVANCED_FACE('',(#11428),#11439,.F.);
#11428 = FACE_BOUND('',#11429,.T.);
#11429 = EDGE_LOOP('',(#11430,#11431,#11437,#11438));
#11430 = ORIENTED_EDGE('',*,*,#2858,.T.);
#11431 = ORIENTED_EDGE('',*,*,#11432,.T.);
#11432 = EDGE_CURVE('',#2859,#6407,#11433,.T.);
#11433 = LINE('',#11434,#11435);
#11434 = CARTESIAN_POINT('',(134.807,-69.2354,-3.6E-02));
#11435 = VECTOR('',#11436,1.);
#11436 = DIRECTION('',(0.,0.,1.));
#11437 = ORIENTED_EDGE('',*,*,#6406,.F.);
#11438 = ORIENTED_EDGE('',*,*,#11432,.F.);
#11439 = CYLINDRICAL_SURFACE('',#11440,0.2);
#11440 = AXIS2_PLACEMENT_3D('',#11441,#11442,#11443);
#11441 = CARTESIAN_POINT('',(134.807,-69.0354,-3.6E-02));
#11442 = DIRECTION('',(-0.,-0.,-1.));
#11443 = DIRECTION('',(-1.42108547152E-13,-1.,0.));
#11444 = ADVANCED_FACE('',(#11445),#11456,.F.);
#11445 = FACE_BOUND('',#11446,.T.);
#11446 = EDGE_LOOP('',(#11447,#11448,#11454,#11455));
#11447 = ORIENTED_EDGE('',*,*,#2869,.T.);
#11448 = ORIENTED_EDGE('',*,*,#11449,.T.);
#11449 = EDGE_CURVE('',#2870,#6418,#11450,.T.);
#11450 = LINE('',#11451,#11452);
#11451 = CARTESIAN_POINT('',(133.9316,-68.4389,-3.6E-02));
#11452 = VECTOR('',#11453,1.);
#11453 = DIRECTION('',(0.,0.,1.));
#11454 = ORIENTED_EDGE('',*,*,#6417,.F.);
#11455 = ORIENTED_EDGE('',*,*,#11449,.F.);
#11456 = CYLINDRICAL_SURFACE('',#11457,0.2);
#11457 = AXIS2_PLACEMENT_3D('',#11458,#11459,#11460);
#11458 = CARTESIAN_POINT('',(133.9316,-68.2389,-3.6E-02));
#11459 = DIRECTION('',(-0.,-0.,-1.));
#11460 = DIRECTION('',(-0.,-1.,0.));
#11461 = ADVANCED_FACE('',(#11462),#11473,.F.);
#11462 = FACE_BOUND('',#11463,.T.);
#11463 = EDGE_LOOP('',(#11464,#11465,#11471,#11472));
#11464 = ORIENTED_EDGE('',*,*,#2880,.T.);
#11465 = ORIENTED_EDGE('',*,*,#11466,.T.);
#11466 = EDGE_CURVE('',#2881,#6429,#11467,.T.);
#11467 = LINE('',#11468,#11469);
#11468 = CARTESIAN_POINT('',(146.,-69.54,-4.6E-02));
#11469 = VECTOR('',#11470,1.);
#11470 = DIRECTION('',(0.,0.,1.));
#11471 = ORIENTED_EDGE('',*,*,#6428,.F.);
#11472 = ORIENTED_EDGE('',*,*,#11466,.F.);
#11473 = CYLINDRICAL_SURFACE('',#11474,0.5);
#11474 = AXIS2_PLACEMENT_3D('',#11475,#11476,#11477);
#11475 = CARTESIAN_POINT('',(146.,-69.04,-4.6E-02));
#11476 = DIRECTION('',(-0.,-0.,-1.));
#11477 = DIRECTION('',(-0.,-1.,0.));
#11478 = ADVANCED_FACE('',(#11479),#11490,.F.);
#11479 = FACE_BOUND('',#11480,.T.);
#11480 = EDGE_LOOP('',(#11481,#11482,#11488,#11489));
#11481 = ORIENTED_EDGE('',*,*,#2891,.T.);
#11482 = ORIENTED_EDGE('',*,*,#11483,.T.);
#11483 = EDGE_CURVE('',#2892,#6440,#11484,.T.);
#11484 = LINE('',#11485,#11486);
#11485 = CARTESIAN_POINT('',(146.,-67.,-4.6E-02));
#11486 = VECTOR('',#11487,1.);
#11487 = DIRECTION('',(0.,0.,1.));
#11488 = ORIENTED_EDGE('',*,*,#6439,.F.);
#11489 = ORIENTED_EDGE('',*,*,#11483,.F.);
#11490 = CYLINDRICAL_SURFACE('',#11491,0.5);
#11491 = AXIS2_PLACEMENT_3D('',#11492,#11493,#11494);
#11492 = CARTESIAN_POINT('',(146.,-66.5,-4.6E-02));
#11493 = DIRECTION('',(-0.,-0.,-1.));
#11494 = DIRECTION('',(-0.,-1.,0.));
#11495 = ADVANCED_FACE('',(#11496),#11507,.F.);
#11496 = FACE_BOUND('',#11497,.T.);
#11497 = EDGE_LOOP('',(#11498,#11499,#11505,#11506));
#11498 = ORIENTED_EDGE('',*,*,#2902,.T.);
#11499 = ORIENTED_EDGE('',*,*,#11500,.T.);
#11500 = EDGE_CURVE('',#2903,#6451,#11501,.T.);
#11501 = LINE('',#11502,#11503);
#11502 = CARTESIAN_POINT('',(143.5144,-64.1255,-3.6E-02));
#11503 = VECTOR('',#11504,1.);
#11504 = DIRECTION('',(0.,0.,1.));
#11505 = ORIENTED_EDGE('',*,*,#6450,.F.);
#11506 = ORIENTED_EDGE('',*,*,#11500,.F.);
#11507 = CYLINDRICAL_SURFACE('',#11508,0.2);
#11508 = AXIS2_PLACEMENT_3D('',#11509,#11510,#11511);
#11509 = CARTESIAN_POINT('',(143.5144,-63.9255,-3.6E-02));
#11510 = DIRECTION('',(-0.,-0.,-1.));
#11511 = DIRECTION('',(-1.42108547152E-13,-1.,0.));
#11512 = ADVANCED_FACE('',(#11513),#11524,.F.);
#11513 = FACE_BOUND('',#11514,.T.);
#11514 = EDGE_LOOP('',(#11515,#11516,#11522,#11523));
#11515 = ORIENTED_EDGE('',*,*,#2913,.T.);
#11516 = ORIENTED_EDGE('',*,*,#11517,.T.);
#11517 = EDGE_CURVE('',#2914,#6462,#11518,.T.);
#11518 = LINE('',#11519,#11520);
#11519 = CARTESIAN_POINT('',(115.8911,-62.8552,-3.6E-02));
#11520 = VECTOR('',#11521,1.);
#11521 = DIRECTION('',(0.,0.,1.));
#11522 = ORIENTED_EDGE('',*,*,#6461,.F.);
#11523 = ORIENTED_EDGE('',*,*,#11517,.F.);
#11524 = CYLINDRICAL_SURFACE('',#11525,0.2);
#11525 = AXIS2_PLACEMENT_3D('',#11526,#11527,#11528);
#11526 = CARTESIAN_POINT('',(115.8911,-62.6552,-3.6E-02));
#11527 = DIRECTION('',(-0.,-0.,-1.));
#11528 = DIRECTION('',(-0.,-1.,0.));
#11529 = ADVANCED_FACE('',(#11530),#11541,.F.);
#11530 = FACE_BOUND('',#11531,.T.);
#11531 = EDGE_LOOP('',(#11532,#11533,#11539,#11540));
#11532 = ORIENTED_EDGE('',*,*,#2924,.T.);
#11533 = ORIENTED_EDGE('',*,*,#11534,.T.);
#11534 = EDGE_CURVE('',#2925,#6473,#11535,.T.);
#11535 = LINE('',#11536,#11537);
#11536 = CARTESIAN_POINT('',(118.025,-61.2,-3.6E-02));
#11537 = VECTOR('',#11538,1.);
#11538 = DIRECTION('',(0.,0.,1.));
#11539 = ORIENTED_EDGE('',*,*,#6472,.F.);
#11540 = ORIENTED_EDGE('',*,*,#11534,.F.);
#11541 = CYLINDRICAL_SURFACE('',#11542,0.2);
#11542 = AXIS2_PLACEMENT_3D('',#11543,#11544,#11545);
#11543 = CARTESIAN_POINT('',(118.025,-61.,-3.6E-02));
#11544 = DIRECTION('',(-0.,-0.,-1.));
#11545 = DIRECTION('',(-0.,-1.,0.));
#11546 = ADVANCED_FACE('',(#11547),#11558,.F.);
#11547 = FACE_BOUND('',#11548,.T.);
#11548 = EDGE_LOOP('',(#11549,#11550,#11556,#11557));
#11549 = ORIENTED_EDGE('',*,*,#2935,.T.);
#11550 = ORIENTED_EDGE('',*,*,#11551,.T.);
#11551 = EDGE_CURVE('',#2936,#6484,#11552,.T.);
#11552 = LINE('',#11553,#11554);
#11553 = CARTESIAN_POINT('',(111.2407,-59.4718,-3.6E-02));
#11554 = VECTOR('',#11555,1.);
#11555 = DIRECTION('',(0.,0.,1.));
#11556 = ORIENTED_EDGE('',*,*,#6483,.F.);
#11557 = ORIENTED_EDGE('',*,*,#11551,.F.);
#11558 = CYLINDRICAL_SURFACE('',#11559,0.2);
#11559 = AXIS2_PLACEMENT_3D('',#11560,#11561,#11562);
#11560 = CARTESIAN_POINT('',(111.2407,-59.2718,-3.6E-02));
#11561 = DIRECTION('',(-0.,-0.,-1.));
#11562 = DIRECTION('',(-0.,-1.,0.));
#11563 = ADVANCED_FACE('',(#11564),#11575,.F.);
#11564 = FACE_BOUND('',#11565,.T.);
#11565 = EDGE_LOOP('',(#11566,#11567,#11573,#11574));
#11566 = ORIENTED_EDGE('',*,*,#2946,.T.);
#11567 = ORIENTED_EDGE('',*,*,#11568,.T.);
#11568 = EDGE_CURVE('',#2947,#6495,#11569,.T.);
#11569 = LINE('',#11570,#11571);
#11570 = CARTESIAN_POINT('',(110.008372,-59.061572,-3.6E-02));
#11571 = VECTOR('',#11572,1.);
#11572 = DIRECTION('',(0.,0.,1.));
#11573 = ORIENTED_EDGE('',*,*,#6494,.F.);
#11574 = ORIENTED_EDGE('',*,*,#11568,.F.);
#11575 = CYLINDRICAL_SURFACE('',#11576,0.2);
#11576 = AXIS2_PLACEMENT_3D('',#11577,#11578,#11579);
#11577 = CARTESIAN_POINT('',(110.008372,-58.861572,-3.6E-02));
#11578 = DIRECTION('',(-0.,-0.,-1.));
#11579 = DIRECTION('',(-7.105427357601E-14,-1.,0.));
#11580 = ADVANCED_FACE('',(#11581),#11592,.F.);
#11581 = FACE_BOUND('',#11582,.T.);
#11582 = EDGE_LOOP('',(#11583,#11584,#11590,#11591));
#11583 = ORIENTED_EDGE('',*,*,#2957,.T.);
#11584 = ORIENTED_EDGE('',*,*,#11585,.T.);
#11585 = EDGE_CURVE('',#2958,#6506,#11586,.T.);
#11586 = LINE('',#11587,#11588);
#11587 = CARTESIAN_POINT('',(126.425934,-61.836931,-3.6E-02));
#11588 = VECTOR('',#11589,1.);
#11589 = DIRECTION('',(0.,0.,1.));
#11590 = ORIENTED_EDGE('',*,*,#6505,.F.);
#11591 = ORIENTED_EDGE('',*,*,#11585,.F.);
#11592 = CYLINDRICAL_SURFACE('',#11593,0.2);
#11593 = AXIS2_PLACEMENT_3D('',#11594,#11595,#11596);
#11594 = CARTESIAN_POINT('',(126.425934,-61.636931,-3.6E-02));
#11595 = DIRECTION('',(-0.,-0.,-1.));
#11596 = DIRECTION('',(-0.,-1.,0.));
#11597 = ADVANCED_FACE('',(#11598),#11609,.F.);
#11598 = FACE_BOUND('',#11599,.T.);
#11599 = EDGE_LOOP('',(#11600,#11601,#11607,#11608));
#11600 = ORIENTED_EDGE('',*,*,#2968,.T.);
#11601 = ORIENTED_EDGE('',*,*,#11602,.T.);
#11602 = EDGE_CURVE('',#2969,#6517,#11603,.T.);
#11603 = LINE('',#11604,#11605);
#11604 = CARTESIAN_POINT('',(131.5459,-58.2491,-3.6E-02));
#11605 = VECTOR('',#11606,1.);
#11606 = DIRECTION('',(0.,0.,1.));
#11607 = ORIENTED_EDGE('',*,*,#6516,.F.);
#11608 = ORIENTED_EDGE('',*,*,#11602,.F.);
#11609 = CYLINDRICAL_SURFACE('',#11610,0.2);
#11610 = AXIS2_PLACEMENT_3D('',#11611,#11612,#11613);
#11611 = CARTESIAN_POINT('',(131.5459,-58.0491,-3.6E-02));
#11612 = DIRECTION('',(-0.,-0.,-1.));
#11613 = DIRECTION('',(-1.42108547152E-13,-1.,0.));
#11614 = ADVANCED_FACE('',(#11615),#11626,.F.);
#11615 = FACE_BOUND('',#11616,.T.);
#11616 = EDGE_LOOP('',(#11617,#11618,#11624,#11625));
#11617 = ORIENTED_EDGE('',*,*,#2979,.T.);
#11618 = ORIENTED_EDGE('',*,*,#11619,.T.);
#11619 = EDGE_CURVE('',#2980,#6528,#11620,.T.);
#11620 = LINE('',#11621,#11622);
#11621 = CARTESIAN_POINT('',(113.225,-55.2,-3.6E-02));
#11622 = VECTOR('',#11623,1.);
#11623 = DIRECTION('',(0.,0.,1.));
#11624 = ORIENTED_EDGE('',*,*,#6527,.F.);
#11625 = ORIENTED_EDGE('',*,*,#11619,.F.);
#11626 = CYLINDRICAL_SURFACE('',#11627,0.2);
#11627 = AXIS2_PLACEMENT_3D('',#11628,#11629,#11630);
#11628 = CARTESIAN_POINT('',(113.225,-55.,-3.6E-02));
#11629 = DIRECTION('',(-0.,-0.,-1.));
#11630 = DIRECTION('',(-0.,-1.,0.));
#11631 = ADVANCED_FACE('',(#11632),#11643,.F.);
#11632 = FACE_BOUND('',#11633,.T.);
#11633 = EDGE_LOOP('',(#11634,#11635,#11641,#11642));
#11634 = ORIENTED_EDGE('',*,*,#2990,.T.);
#11635 = ORIENTED_EDGE('',*,*,#11636,.T.);
#11636 = EDGE_CURVE('',#2991,#6539,#11637,.T.);
#11637 = LINE('',#11638,#11639);
#11638 = CARTESIAN_POINT('',(117.975,-55.2,-3.6E-02));
#11639 = VECTOR('',#11640,1.);
#11640 = DIRECTION('',(0.,0.,1.));
#11641 = ORIENTED_EDGE('',*,*,#6538,.F.);
#11642 = ORIENTED_EDGE('',*,*,#11636,.F.);
#11643 = CYLINDRICAL_SURFACE('',#11644,0.2);
#11644 = AXIS2_PLACEMENT_3D('',#11645,#11646,#11647);
#11645 = CARTESIAN_POINT('',(117.975,-55.,-3.6E-02));
#11646 = DIRECTION('',(-0.,-0.,-1.));
#11647 = DIRECTION('',(-0.,-1.,0.));
#11648 = ADVANCED_FACE('',(#11649),#11660,.F.);
#11649 = FACE_BOUND('',#11650,.T.);
#11650 = EDGE_LOOP('',(#11651,#11652,#11658,#11659));
#11651 = ORIENTED_EDGE('',*,*,#3001,.T.);
#11652 = ORIENTED_EDGE('',*,*,#11653,.T.);
#11653 = EDGE_CURVE('',#3002,#6550,#11654,.T.);
#11654 = LINE('',#11655,#11656);
#11655 = CARTESIAN_POINT('',(128.0001,-56.4975,-3.6E-02));
#11656 = VECTOR('',#11657,1.);
#11657 = DIRECTION('',(0.,0.,1.));
#11658 = ORIENTED_EDGE('',*,*,#6549,.F.);
#11659 = ORIENTED_EDGE('',*,*,#11653,.F.);
#11660 = CYLINDRICAL_SURFACE('',#11661,0.25);
#11661 = AXIS2_PLACEMENT_3D('',#11662,#11663,#11664);
#11662 = CARTESIAN_POINT('',(128.0001,-56.2475,-3.6E-02));
#11663 = DIRECTION('',(-0.,-0.,-1.));
#11664 = DIRECTION('',(-0.,-1.,0.));
#11665 = ADVANCED_FACE('',(#11666),#11677,.F.);
#11666 = FACE_BOUND('',#11667,.T.);
#11667 = EDGE_LOOP('',(#11668,#11669,#11675,#11676));
#11668 = ORIENTED_EDGE('',*,*,#3012,.T.);
#11669 = ORIENTED_EDGE('',*,*,#11670,.T.);
#11670 = EDGE_CURVE('',#3013,#6561,#11671,.T.);
#11671 = LINE('',#11672,#11673);
#11672 = CARTESIAN_POINT('',(127.775,-52.4,-3.6E-02));
#11673 = VECTOR('',#11674,1.);
#11674 = DIRECTION('',(0.,0.,1.));
#11675 = ORIENTED_EDGE('',*,*,#6560,.F.);
#11676 = ORIENTED_EDGE('',*,*,#11670,.F.);
#11677 = CYLINDRICAL_SURFACE('',#11678,0.2);
#11678 = AXIS2_PLACEMENT_3D('',#11679,#11680,#11681);
#11679 = CARTESIAN_POINT('',(127.775,-52.2,-3.6E-02));
#11680 = DIRECTION('',(-0.,-0.,-1.));
#11681 = DIRECTION('',(-0.,-1.,0.));
#11682 = ADVANCED_FACE('',(#11683),#11694,.F.);
#11683 = FACE_BOUND('',#11684,.T.);
#11684 = EDGE_LOOP('',(#11685,#11686,#11692,#11693));
#11685 = ORIENTED_EDGE('',*,*,#3023,.T.);
#11686 = ORIENTED_EDGE('',*,*,#11687,.T.);
#11687 = EDGE_CURVE('',#3024,#6572,#11688,.T.);
#11688 = LINE('',#11689,#11690);
#11689 = CARTESIAN_POINT('',(131.6625,-53.2,-3.6E-02));
#11690 = VECTOR('',#11691,1.);
#11691 = DIRECTION('',(0.,0.,1.));
#11692 = ORIENTED_EDGE('',*,*,#6571,.F.);
#11693 = ORIENTED_EDGE('',*,*,#11687,.F.);
#11694 = CYLINDRICAL_SURFACE('',#11695,0.2);
#11695 = AXIS2_PLACEMENT_3D('',#11696,#11697,#11698);
#11696 = CARTESIAN_POINT('',(131.6625,-53.,-3.6E-02));
#11697 = DIRECTION('',(-0.,-0.,-1.));
#11698 = DIRECTION('',(-1.42108547152E-13,-1.,0.));
#11699 = ADVANCED_FACE('',(#11700),#11711,.F.);
#11700 = FACE_BOUND('',#11701,.T.);
#11701 = EDGE_LOOP('',(#11702,#11703,#11709,#11710));
#11702 = ORIENTED_EDGE('',*,*,#3034,.T.);
#11703 = ORIENTED_EDGE('',*,*,#11704,.T.);
#11704 = EDGE_CURVE('',#3035,#6583,#11705,.T.);
#11705 = LINE('',#11706,#11707);
#11706 = CARTESIAN_POINT('',(130.8,-52.25,-3.6E-02));
#11707 = VECTOR('',#11708,1.);
#11708 = DIRECTION('',(0.,0.,1.));
#11709 = ORIENTED_EDGE('',*,*,#6582,.F.);
#11710 = ORIENTED_EDGE('',*,*,#11704,.F.);
#11711 = CYLINDRICAL_SURFACE('',#11712,0.2);
#11712 = AXIS2_PLACEMENT_3D('',#11713,#11714,#11715);
#11713 = CARTESIAN_POINT('',(130.8,-52.05,-3.6E-02));
#11714 = DIRECTION('',(-0.,-0.,-1.));
#11715 = DIRECTION('',(-0.,-1.,0.));
#11716 = ADVANCED_FACE('',(#11717),#11728,.F.);
#11717 = FACE_BOUND('',#11718,.T.);
#11718 = EDGE_LOOP('',(#11719,#11720,#11726,#11727));
#11719 = ORIENTED_EDGE('',*,*,#3045,.T.);
#11720 = ORIENTED_EDGE('',*,*,#11721,.T.);
#11721 = EDGE_CURVE('',#3046,#6594,#11722,.T.);
#11722 = LINE('',#11723,#11724);
#11723 = CARTESIAN_POINT('',(134.,-59.2,-3.6E-02));
#11724 = VECTOR('',#11725,1.);
#11725 = DIRECTION('',(0.,0.,1.));
#11726 = ORIENTED_EDGE('',*,*,#6593,.F.);
#11727 = ORIENTED_EDGE('',*,*,#11721,.F.);
#11728 = CYLINDRICAL_SURFACE('',#11729,0.2);
#11729 = AXIS2_PLACEMENT_3D('',#11730,#11731,#11732);
#11730 = CARTESIAN_POINT('',(134.,-59.,-3.6E-02));
#11731 = DIRECTION('',(-0.,-0.,-1.));
#11732 = DIRECTION('',(-0.,-1.,0.));
#11733 = ADVANCED_FACE('',(#11734),#11745,.F.);
#11734 = FACE_BOUND('',#11735,.T.);
#11735 = EDGE_LOOP('',(#11736,#11737,#11743,#11744));
#11736 = ORIENTED_EDGE('',*,*,#3056,.T.);
#11737 = ORIENTED_EDGE('',*,*,#11738,.T.);
#11738 = EDGE_CURVE('',#3057,#6605,#11739,.T.);
#11739 = LINE('',#11740,#11741);
#11740 = CARTESIAN_POINT('',(142.1375,-59.2,-3.6E-02));
#11741 = VECTOR('',#11742,1.);
#11742 = DIRECTION('',(0.,0.,1.));
#11743 = ORIENTED_EDGE('',*,*,#6604,.F.);
#11744 = ORIENTED_EDGE('',*,*,#11738,.F.);
#11745 = CYLINDRICAL_SURFACE('',#11746,0.2);
#11746 = AXIS2_PLACEMENT_3D('',#11747,#11748,#11749);
#11747 = CARTESIAN_POINT('',(142.1375,-59.,-3.6E-02));
#11748 = DIRECTION('',(-0.,-0.,-1.));
#11749 = DIRECTION('',(-0.,-1.,0.));
#11750 = ADVANCED_FACE('',(#11751),#11762,.F.);
#11751 = FACE_BOUND('',#11752,.T.);
#11752 = EDGE_LOOP('',(#11753,#11754,#11760,#11761));
#11753 = ORIENTED_EDGE('',*,*,#3067,.T.);
#11754 = ORIENTED_EDGE('',*,*,#11755,.T.);
#11755 = EDGE_CURVE('',#3068,#6616,#11756,.T.);
#11756 = LINE('',#11757,#11758);
#11757 = CARTESIAN_POINT('',(149.,-59.2,-3.6E-02));
#11758 = VECTOR('',#11759,1.);
#11759 = DIRECTION('',(0.,0.,1.));
#11760 = ORIENTED_EDGE('',*,*,#6615,.F.);
#11761 = ORIENTED_EDGE('',*,*,#11755,.F.);
#11762 = CYLINDRICAL_SURFACE('',#11763,0.2);
#11763 = AXIS2_PLACEMENT_3D('',#11764,#11765,#11766);
#11764 = CARTESIAN_POINT('',(149.,-59.,-3.6E-02));
#11765 = DIRECTION('',(-0.,-0.,-1.));
#11766 = DIRECTION('',(-0.,-1.,0.));
#11767 = ADVANCED_FACE('',(#11768),#11779,.F.);
#11768 = FACE_BOUND('',#11769,.T.);
#11769 = EDGE_LOOP('',(#11770,#11771,#11777,#11778));
#11770 = ORIENTED_EDGE('',*,*,#3078,.T.);
#11771 = ORIENTED_EDGE('',*,*,#11772,.T.);
#11772 = EDGE_CURVE('',#3079,#6627,#11773,.T.);
#11773 = LINE('',#11774,#11775);
#11774 = CARTESIAN_POINT('',(136.672558,-50.967972,-3.6E-02));
#11775 = VECTOR('',#11776,1.);
#11776 = DIRECTION('',(0.,0.,1.));
#11777 = ORIENTED_EDGE('',*,*,#6626,.F.);
#11778 = ORIENTED_EDGE('',*,*,#11772,.F.);
#11779 = CYLINDRICAL_SURFACE('',#11780,0.2);
#11780 = AXIS2_PLACEMENT_3D('',#11781,#11782,#11783);
#11781 = CARTESIAN_POINT('',(136.672558,-50.767972,-3.6E-02));
#11782 = DIRECTION('',(-0.,0.,-1.));
#11783 = DIRECTION('',(1.42108547152E-13,-1.,-0.));
#11784 = ADVANCED_FACE('',(#11785),#11796,.F.);
#11785 = FACE_BOUND('',#11786,.T.);
#11786 = EDGE_LOOP('',(#11787,#11788,#11794,#11795));
#11787 = ORIENTED_EDGE('',*,*,#3089,.T.);
#11788 = ORIENTED_EDGE('',*,*,#11789,.T.);
#11789 = EDGE_CURVE('',#3090,#6638,#11790,.T.);
#11790 = LINE('',#11791,#11792);
#11791 = CARTESIAN_POINT('',(149.5,-52.2,-3.6E-02));
#11792 = VECTOR('',#11793,1.);
#11793 = DIRECTION('',(0.,0.,1.));
#11794 = ORIENTED_EDGE('',*,*,#6637,.F.);
#11795 = ORIENTED_EDGE('',*,*,#11789,.F.);
#11796 = CYLINDRICAL_SURFACE('',#11797,0.2);
#11797 = AXIS2_PLACEMENT_3D('',#11798,#11799,#11800);
#11798 = CARTESIAN_POINT('',(149.5,-52.,-3.6E-02));
#11799 = DIRECTION('',(-0.,-0.,-1.));
#11800 = DIRECTION('',(-0.,-1.,0.));
#11801 = ADVANCED_FACE('',(#11802),#11813,.F.);
#11802 = FACE_BOUND('',#11803,.T.);
#11803 = EDGE_LOOP('',(#11804,#11805,#11811,#11812));
#11804 = ORIENTED_EDGE('',*,*,#3100,.T.);
#11805 = ORIENTED_EDGE('',*,*,#11806,.T.);
#11806 = EDGE_CURVE('',#3101,#6649,#11807,.T.);
#11807 = LINE('',#11808,#11809);
#11808 = CARTESIAN_POINT('',(155.725,-73.7,-3.6E-02));
#11809 = VECTOR('',#11810,1.);
#11810 = DIRECTION('',(0.,0.,1.));
#11811 = ORIENTED_EDGE('',*,*,#6648,.F.);
#11812 = ORIENTED_EDGE('',*,*,#11806,.F.);
#11813 = CYLINDRICAL_SURFACE('',#11814,0.2);
#11814 = AXIS2_PLACEMENT_3D('',#11815,#11816,#11817);
#11815 = CARTESIAN_POINT('',(155.725,-73.5,-3.6E-02));
#11816 = DIRECTION('',(-0.,-0.,-1.));
#11817 = DIRECTION('',(-1.42108547152E-13,-1.,0.));
#11818 = ADVANCED_FACE('',(#11819),#11830,.F.);
#11819 = FACE_BOUND('',#11820,.T.);
#11820 = EDGE_LOOP('',(#11821,#11822,#11828,#11829));
#11821 = ORIENTED_EDGE('',*,*,#3111,.T.);
#11822 = ORIENTED_EDGE('',*,*,#11823,.T.);
#11823 = EDGE_CURVE('',#3112,#6660,#11824,.T.);
#11824 = LINE('',#11825,#11826);
#11825 = CARTESIAN_POINT('',(160.475,-73.7,-3.6E-02));
#11826 = VECTOR('',#11827,1.);
#11827 = DIRECTION('',(0.,0.,1.));
#11828 = ORIENTED_EDGE('',*,*,#6659,.F.);
#11829 = ORIENTED_EDGE('',*,*,#11823,.F.);
#11830 = CYLINDRICAL_SURFACE('',#11831,0.2);
#11831 = AXIS2_PLACEMENT_3D('',#11832,#11833,#11834);
#11832 = CARTESIAN_POINT('',(160.475,-73.5,-3.6E-02));
#11833 = DIRECTION('',(-0.,-0.,-1.));
#11834 = DIRECTION('',(-1.42108547152E-13,-1.,0.));
#11835 = ADVANCED_FACE('',(#11836),#11847,.F.);
#11836 = FACE_BOUND('',#11837,.T.);
#11837 = EDGE_LOOP('',(#11838,#11839,#11845,#11846));
#11838 = ORIENTED_EDGE('',*,*,#3122,.T.);
#11839 = ORIENTED_EDGE('',*,*,#11840,.T.);
#11840 = EDGE_CURVE('',#3123,#6671,#11841,.T.);
#11841 = LINE('',#11842,#11843);
#11842 = CARTESIAN_POINT('',(165.649999,-73.7,-3.6E-02));
#11843 = VECTOR('',#11844,1.);
#11844 = DIRECTION('',(0.,0.,1.));
#11845 = ORIENTED_EDGE('',*,*,#6670,.F.);
#11846 = ORIENTED_EDGE('',*,*,#11840,.F.);
#11847 = CYLINDRICAL_SURFACE('',#11848,0.2);
#11848 = AXIS2_PLACEMENT_3D('',#11849,#11850,#11851);
#11849 = CARTESIAN_POINT('',(165.649999,-73.5,-3.6E-02));
#11850 = DIRECTION('',(-0.,0.,-1.));
#11851 = DIRECTION('',(1.42108547152E-13,-1.,-0.));
#11852 = ADVANCED_FACE('',(#11853),#11864,.F.);
#11853 = FACE_BOUND('',#11854,.T.);
#11854 = EDGE_LOOP('',(#11855,#11856,#11862,#11863));
#11855 = ORIENTED_EDGE('',*,*,#3133,.T.);
#11856 = ORIENTED_EDGE('',*,*,#11857,.T.);
#11857 = EDGE_CURVE('',#3134,#6682,#11858,.T.);
#11858 = LINE('',#11859,#11860);
#11859 = CARTESIAN_POINT('',(167.871292,-73.016313,-3.6E-02));
#11860 = VECTOR('',#11861,1.);
#11861 = DIRECTION('',(0.,0.,1.));
#11862 = ORIENTED_EDGE('',*,*,#6681,.F.);
#11863 = ORIENTED_EDGE('',*,*,#11857,.F.);
#11864 = CYLINDRICAL_SURFACE('',#11865,0.2);
#11865 = AXIS2_PLACEMENT_3D('',#11866,#11867,#11868);
#11866 = CARTESIAN_POINT('',(167.871292,-72.816313,-3.6E-02));
#11867 = DIRECTION('',(-0.,0.,-1.));
#11868 = DIRECTION('',(1.42108547152E-13,-1.,-0.));
#11869 = ADVANCED_FACE('',(#11870),#11881,.F.);
#11870 = FACE_BOUND('',#11871,.T.);
#11871 = EDGE_LOOP('',(#11872,#11873,#11879,#11880));
#11872 = ORIENTED_EDGE('',*,*,#3144,.T.);
#11873 = ORIENTED_EDGE('',*,*,#11874,.T.);
#11874 = EDGE_CURVE('',#3145,#6693,#11875,.T.);
#11875 = LINE('',#11876,#11877);
#11876 = CARTESIAN_POINT('',(174.674999,-68.2,-3.6E-02));
#11877 = VECTOR('',#11878,1.);
#11878 = DIRECTION('',(0.,0.,1.));
#11879 = ORIENTED_EDGE('',*,*,#6692,.F.);
#11880 = ORIENTED_EDGE('',*,*,#11874,.F.);
#11881 = CYLINDRICAL_SURFACE('',#11882,0.2);
#11882 = AXIS2_PLACEMENT_3D('',#11883,#11884,#11885);
#11883 = CARTESIAN_POINT('',(174.674999,-68.,-3.6E-02));
#11884 = DIRECTION('',(-0.,-0.,-1.));
#11885 = DIRECTION('',(-0.,-1.,0.));
#11886 = ADVANCED_FACE('',(#11887),#11898,.F.);
#11887 = FACE_BOUND('',#11888,.T.);
#11888 = EDGE_LOOP('',(#11889,#11890,#11896,#11897));
#11889 = ORIENTED_EDGE('',*,*,#3155,.T.);
#11890 = ORIENTED_EDGE('',*,*,#11891,.T.);
#11891 = EDGE_CURVE('',#3156,#6704,#11892,.T.);
#11892 = LINE('',#11893,#11894);
#11893 = CARTESIAN_POINT('',(174.674999,-65.659999,-3.6E-02));
#11894 = VECTOR('',#11895,1.);
#11895 = DIRECTION('',(0.,0.,1.));
#11896 = ORIENTED_EDGE('',*,*,#6703,.F.);
#11897 = ORIENTED_EDGE('',*,*,#11891,.F.);
#11898 = CYLINDRICAL_SURFACE('',#11899,0.2);
#11899 = AXIS2_PLACEMENT_3D('',#11900,#11901,#11902);
#11900 = CARTESIAN_POINT('',(174.674999,-65.459999,-3.6E-02));
#11901 = DIRECTION('',(-0.,-0.,-1.));
#11902 = DIRECTION('',(-0.,-1.,0.));
#11903 = ADVANCED_FACE('',(#11904),#11915,.F.);
#11904 = FACE_BOUND('',#11905,.T.);
#11905 = EDGE_LOOP('',(#11906,#11907,#11913,#11914));
#11906 = ORIENTED_EDGE('',*,*,#3166,.T.);
#11907 = ORIENTED_EDGE('',*,*,#11908,.T.);
#11908 = EDGE_CURVE('',#3167,#6715,#11909,.T.);
#11909 = LINE('',#11910,#11911);
#11910 = CARTESIAN_POINT('',(179.,-74.2,-3.6E-02));
#11911 = VECTOR('',#11912,1.);
#11912 = DIRECTION('',(0.,0.,1.));
#11913 = ORIENTED_EDGE('',*,*,#6714,.F.);
#11914 = ORIENTED_EDGE('',*,*,#11908,.F.);
#11915 = CYLINDRICAL_SURFACE('',#11916,0.2);
#11916 = AXIS2_PLACEMENT_3D('',#11917,#11918,#11919);
#11917 = CARTESIAN_POINT('',(179.,-74.,-3.6E-02));
#11918 = DIRECTION('',(-0.,-0.,-1.));
#11919 = DIRECTION('',(-0.,-1.,0.));
#11920 = ADVANCED_FACE('',(#11921),#11932,.F.);
#11921 = FACE_BOUND('',#11922,.T.);
#11922 = EDGE_LOOP('',(#11923,#11924,#11930,#11931));
#11923 = ORIENTED_EDGE('',*,*,#3177,.T.);
#11924 = ORIENTED_EDGE('',*,*,#11925,.T.);
#11925 = EDGE_CURVE('',#3178,#6726,#11926,.T.);
#11926 = LINE('',#11927,#11928);
#11927 = CARTESIAN_POINT('',(192.,-76.2,-3.6E-02));
#11928 = VECTOR('',#11929,1.);
#11929 = DIRECTION('',(0.,0.,1.));
#11930 = ORIENTED_EDGE('',*,*,#6725,.F.);
#11931 = ORIENTED_EDGE('',*,*,#11925,.F.);
#11932 = CYLINDRICAL_SURFACE('',#11933,0.2);
#11933 = AXIS2_PLACEMENT_3D('',#11934,#11935,#11936);
#11934 = CARTESIAN_POINT('',(192.,-76.,-3.6E-02));
#11935 = DIRECTION('',(-0.,-0.,-1.));
#11936 = DIRECTION('',(-0.,-1.,0.));
#11937 = ADVANCED_FACE('',(#11938),#11949,.F.);
#11938 = FACE_BOUND('',#11939,.T.);
#11939 = EDGE_LOOP('',(#11940,#11941,#11947,#11948));
#11940 = ORIENTED_EDGE('',*,*,#3188,.T.);
#11941 = ORIENTED_EDGE('',*,*,#11942,.T.);
#11942 = EDGE_CURVE('',#3189,#6737,#11943,.T.);
#11943 = LINE('',#11944,#11945);
#11944 = CARTESIAN_POINT('',(179.975,-68.2,-3.6E-02));
#11945 = VECTOR('',#11946,1.);
#11946 = DIRECTION('',(0.,0.,1.));
#11947 = ORIENTED_EDGE('',*,*,#6736,.F.);
#11948 = ORIENTED_EDGE('',*,*,#11942,.F.);
#11949 = CYLINDRICAL_SURFACE('',#11950,0.2);
#11950 = AXIS2_PLACEMENT_3D('',#11951,#11952,#11953);
#11951 = CARTESIAN_POINT('',(179.975,-68.,-3.6E-02));
#11952 = DIRECTION('',(-0.,-0.,-1.));
#11953 = DIRECTION('',(-1.42108547152E-13,-1.,0.));
#11954 = ADVANCED_FACE('',(#11955),#11966,.F.);
#11955 = FACE_BOUND('',#11956,.T.);
#11956 = EDGE_LOOP('',(#11957,#11958,#11964,#11965));
#11957 = ORIENTED_EDGE('',*,*,#3199,.T.);
#11958 = ORIENTED_EDGE('',*,*,#11959,.T.);
#11959 = EDGE_CURVE('',#3200,#6748,#11960,.T.);
#11960 = LINE('',#11961,#11962);
#11961 = CARTESIAN_POINT('',(164.,-59.2,-3.6E-02));
#11962 = VECTOR('',#11963,1.);
#11963 = DIRECTION('',(0.,0.,1.));
#11964 = ORIENTED_EDGE('',*,*,#6747,.F.);
#11965 = ORIENTED_EDGE('',*,*,#11959,.F.);
#11966 = CYLINDRICAL_SURFACE('',#11967,0.2);
#11967 = AXIS2_PLACEMENT_3D('',#11968,#11969,#11970);
#11968 = CARTESIAN_POINT('',(164.,-59.,-3.6E-02));
#11969 = DIRECTION('',(-0.,-0.,-1.));
#11970 = DIRECTION('',(-0.,-1.,0.));
#11971 = ADVANCED_FACE('',(#11972),#11983,.F.);
#11972 = FACE_BOUND('',#11973,.T.);
#11973 = EDGE_LOOP('',(#11974,#11975,#11981,#11982));
#11974 = ORIENTED_EDGE('',*,*,#3210,.T.);
#11975 = ORIENTED_EDGE('',*,*,#11976,.T.);
#11976 = EDGE_CURVE('',#3211,#6759,#11977,.T.);
#11977 = LINE('',#11978,#11979);
#11978 = CARTESIAN_POINT('',(162.7,-52.2,-3.6E-02));
#11979 = VECTOR('',#11980,1.);
#11980 = DIRECTION('',(0.,0.,1.));
#11981 = ORIENTED_EDGE('',*,*,#6758,.F.);
#11982 = ORIENTED_EDGE('',*,*,#11976,.F.);
#11983 = CYLINDRICAL_SURFACE('',#11984,0.2);
#11984 = AXIS2_PLACEMENT_3D('',#11985,#11986,#11987);
#11985 = CARTESIAN_POINT('',(162.7,-52.,-3.6E-02));
#11986 = DIRECTION('',(-0.,-0.,-1.));
#11987 = DIRECTION('',(-0.,-1.,0.));
#11988 = ADVANCED_FACE('',(#11989),#12000,.F.);
#11989 = FACE_BOUND('',#11990,.T.);
#11990 = EDGE_LOOP('',(#11991,#11992,#11998,#11999));
#11991 = ORIENTED_EDGE('',*,*,#3221,.T.);
#11992 = ORIENTED_EDGE('',*,*,#11993,.T.);
#11993 = EDGE_CURVE('',#3222,#6770,#11994,.T.);
#11994 = LINE('',#11995,#11996);
#11995 = CARTESIAN_POINT('',(171.7848,-51.1833,-3.6E-02));
#11996 = VECTOR('',#11997,1.);
#11997 = DIRECTION('',(0.,0.,1.));
#11998 = ORIENTED_EDGE('',*,*,#6769,.F.);
#11999 = ORIENTED_EDGE('',*,*,#11993,.F.);
#12000 = CYLINDRICAL_SURFACE('',#12001,0.2);
#12001 = AXIS2_PLACEMENT_3D('',#12002,#12003,#12004);
#12002 = CARTESIAN_POINT('',(171.7848,-50.9833,-3.6E-02));
#12003 = DIRECTION('',(-0.,-0.,-1.));
#12004 = DIRECTION('',(-1.42108547152E-13,-1.,0.));
#12005 = ADVANCED_FACE('',(#12006),#12017,.F.);
#12006 = FACE_BOUND('',#12007,.T.);
#12007 = EDGE_LOOP('',(#12008,#12009,#12015,#12016));
#12008 = ORIENTED_EDGE('',*,*,#3232,.T.);
#12009 = ORIENTED_EDGE('',*,*,#12010,.T.);
#12010 = EDGE_CURVE('',#3233,#6781,#12011,.T.);
#12011 = LINE('',#12012,#12013);
#12012 = CARTESIAN_POINT('',(179.,-59.2,-3.6E-02));
#12013 = VECTOR('',#12014,1.);
#12014 = DIRECTION('',(0.,0.,1.));
#12015 = ORIENTED_EDGE('',*,*,#6780,.F.);
#12016 = ORIENTED_EDGE('',*,*,#12010,.F.);
#12017 = CYLINDRICAL_SURFACE('',#12018,0.2);
#12018 = AXIS2_PLACEMENT_3D('',#12019,#12020,#12021);
#12019 = CARTESIAN_POINT('',(179.,-59.,-3.6E-02));
#12020 = DIRECTION('',(-0.,-0.,-1.));
#12021 = DIRECTION('',(-0.,-1.,0.));
#12022 = ADVANCED_FACE('',(#12023),#12034,.F.);
#12023 = FACE_BOUND('',#12024,.T.);
#12024 = EDGE_LOOP('',(#12025,#12026,#12032,#12033));
#12025 = ORIENTED_EDGE('',*,*,#3243,.T.);
#12026 = ORIENTED_EDGE('',*,*,#12027,.T.);
#12027 = EDGE_CURVE('',#3244,#6792,#12028,.T.);
#12028 = LINE('',#12029,#12030);
#12029 = CARTESIAN_POINT('',(175.899999,-52.2,-3.6E-02));
#12030 = VECTOR('',#12031,1.);
#12031 = DIRECTION('',(0.,0.,1.));
#12032 = ORIENTED_EDGE('',*,*,#6791,.F.);
#12033 = ORIENTED_EDGE('',*,*,#12027,.F.);
#12034 = CYLINDRICAL_SURFACE('',#12035,0.2);
#12035 = AXIS2_PLACEMENT_3D('',#12036,#12037,#12038);
#12036 = CARTESIAN_POINT('',(175.899999,-52.,-3.6E-02));
#12037 = DIRECTION('',(-0.,0.,-1.));
#12038 = DIRECTION('',(1.42108547152E-13,-1.,-0.));
#12039 = ADVANCED_FACE('',(#12040),#12051,.F.);
#12040 = FACE_BOUND('',#12041,.T.);
#12041 = EDGE_LOOP('',(#12042,#12043,#12049,#12050));
#12042 = ORIENTED_EDGE('',*,*,#3254,.T.);
#12043 = ORIENTED_EDGE('',*,*,#12044,.T.);
#12044 = EDGE_CURVE('',#3255,#6803,#12045,.T.);
#12045 = LINE('',#12046,#12047);
#12046 = CARTESIAN_POINT('',(189.1,-52.2,-3.6E-02));
#12047 = VECTOR('',#12048,1.);
#12048 = DIRECTION('',(0.,0.,1.));
#12049 = ORIENTED_EDGE('',*,*,#6802,.F.);
#12050 = ORIENTED_EDGE('',*,*,#12044,.F.);
#12051 = CYLINDRICAL_SURFACE('',#12052,0.2);
#12052 = AXIS2_PLACEMENT_3D('',#12053,#12054,#12055);
#12053 = CARTESIAN_POINT('',(189.1,-52.,-3.6E-02));
#12054 = DIRECTION('',(-0.,-0.,-1.));
#12055 = DIRECTION('',(-1.42108547152E-13,-1.,0.));
#12056 = ADVANCED_FACE('',(#12057),#12068,.F.);
#12057 = FACE_BOUND('',#12058,.T.);
#12058 = EDGE_LOOP('',(#12059,#12060,#12066,#12067));
#12059 = ORIENTED_EDGE('',*,*,#3265,.T.);
#12060 = ORIENTED_EDGE('',*,*,#12061,.T.);
#12061 = EDGE_CURVE('',#3266,#6814,#12062,.T.);
#12062 = LINE('',#12063,#12064);
#12063 = CARTESIAN_POINT('',(115.,-47.4,-4.6E-02));
#12064 = VECTOR('',#12065,1.);
#12065 = DIRECTION('',(0.,0.,1.));
#12066 = ORIENTED_EDGE('',*,*,#6813,.F.);
#12067 = ORIENTED_EDGE('',*,*,#12061,.F.);
#12068 = CYLINDRICAL_SURFACE('',#12069,0.4);
#12069 = AXIS2_PLACEMENT_3D('',#12070,#12071,#12072);
#12070 = CARTESIAN_POINT('',(115.,-47.,-4.6E-02));
#12071 = DIRECTION('',(-0.,-0.,-1.));
#12072 = DIRECTION('',(-0.,-1.,0.));
#12073 = ADVANCED_FACE('',(#12074),#12085,.F.);
#12074 = FACE_BOUND('',#12075,.T.);
#12075 = EDGE_LOOP('',(#12076,#12077,#12083,#12084));
#12076 = ORIENTED_EDGE('',*,*,#3276,.T.);
#12077 = ORIENTED_EDGE('',*,*,#12078,.T.);
#12078 = EDGE_CURVE('',#3277,#6825,#12079,.T.);
#12079 = LINE('',#12080,#12081);
#12080 = CARTESIAN_POINT('',(117.,-47.4,-4.6E-02));
#12081 = VECTOR('',#12082,1.);
#12082 = DIRECTION('',(0.,0.,1.));
#12083 = ORIENTED_EDGE('',*,*,#6824,.F.);
#12084 = ORIENTED_EDGE('',*,*,#12078,.F.);
#12085 = CYLINDRICAL_SURFACE('',#12086,0.4);
#12086 = AXIS2_PLACEMENT_3D('',#12087,#12088,#12089);
#12087 = CARTESIAN_POINT('',(117.,-47.,-4.6E-02));
#12088 = DIRECTION('',(-0.,-0.,-1.));
#12089 = DIRECTION('',(-0.,-1.,0.));
#12090 = ADVANCED_FACE('',(#12091),#12102,.F.);
#12091 = FACE_BOUND('',#12092,.T.);
#12092 = EDGE_LOOP('',(#12093,#12094,#12100,#12101));
#12093 = ORIENTED_EDGE('',*,*,#3287,.T.);
#12094 = ORIENTED_EDGE('',*,*,#12095,.T.);
#12095 = EDGE_CURVE('',#3288,#6836,#12096,.T.);
#12096 = LINE('',#12097,#12098);
#12097 = CARTESIAN_POINT('',(112.6625,-40.2,-3.6E-02));
#12098 = VECTOR('',#12099,1.);
#12099 = DIRECTION('',(0.,0.,1.));
#12100 = ORIENTED_EDGE('',*,*,#6835,.F.);
#12101 = ORIENTED_EDGE('',*,*,#12095,.F.);
#12102 = CYLINDRICAL_SURFACE('',#12103,0.2);
#12103 = AXIS2_PLACEMENT_3D('',#12104,#12105,#12106);
#12104 = CARTESIAN_POINT('',(112.6625,-40.,-3.6E-02));
#12105 = DIRECTION('',(-0.,-0.,-1.));
#12106 = DIRECTION('',(-0.,-1.,0.));
#12107 = ADVANCED_FACE('',(#12108),#12119,.F.);
#12108 = FACE_BOUND('',#12109,.T.);
#12109 = EDGE_LOOP('',(#12110,#12111,#12117,#12118));
#12110 = ORIENTED_EDGE('',*,*,#3298,.T.);
#12111 = ORIENTED_EDGE('',*,*,#12112,.T.);
#12112 = EDGE_CURVE('',#3299,#6847,#12113,.T.);
#12113 = LINE('',#12114,#12115);
#12114 = CARTESIAN_POINT('',(126.2,-38.2,-3.6E-02));
#12115 = VECTOR('',#12116,1.);
#12116 = DIRECTION('',(0.,0.,1.));
#12117 = ORIENTED_EDGE('',*,*,#6846,.F.);
#12118 = ORIENTED_EDGE('',*,*,#12112,.F.);
#12119 = CYLINDRICAL_SURFACE('',#12120,0.2);
#12120 = AXIS2_PLACEMENT_3D('',#12121,#12122,#12123);
#12121 = CARTESIAN_POINT('',(126.2,-38.,-3.6E-02));
#12122 = DIRECTION('',(-0.,-0.,-1.));
#12123 = DIRECTION('',(-0.,-1.,0.));
#12124 = ADVANCED_FACE('',(#12125),#12136,.F.);
#12125 = FACE_BOUND('',#12126,.T.);
#12126 = EDGE_LOOP('',(#12127,#12128,#12134,#12135));
#12127 = ORIENTED_EDGE('',*,*,#3309,.T.);
#12128 = ORIENTED_EDGE('',*,*,#12129,.T.);
#12129 = EDGE_CURVE('',#3310,#6858,#12130,.T.);
#12130 = LINE('',#12131,#12132);
#12131 = CARTESIAN_POINT('',(135.0932,-49.8265,-3.6E-02));
#12132 = VECTOR('',#12133,1.);
#12133 = DIRECTION('',(0.,0.,1.));
#12134 = ORIENTED_EDGE('',*,*,#6857,.F.);
#12135 = ORIENTED_EDGE('',*,*,#12129,.F.);
#12136 = CYLINDRICAL_SURFACE('',#12137,0.2);
#12137 = AXIS2_PLACEMENT_3D('',#12138,#12139,#12140);
#12138 = CARTESIAN_POINT('',(135.0932,-49.6265,-3.6E-02));
#12139 = DIRECTION('',(-0.,-0.,-1.));
#12140 = DIRECTION('',(-1.42108547152E-13,-1.,0.));
#12141 = ADVANCED_FACE('',(#12142),#12153,.F.);
#12142 = FACE_BOUND('',#12143,.T.);
#12143 = EDGE_LOOP('',(#12144,#12145,#12151,#12152));
#12144 = ORIENTED_EDGE('',*,*,#3320,.T.);
#12145 = ORIENTED_EDGE('',*,*,#12146,.T.);
#12146 = EDGE_CURVE('',#3321,#6869,#12147,.T.);
#12147 = LINE('',#12148,#12149);
#12148 = CARTESIAN_POINT('',(139.524999,-47.2,-3.6E-02));
#12149 = VECTOR('',#12150,1.);
#12150 = DIRECTION('',(0.,0.,1.));
#12151 = ORIENTED_EDGE('',*,*,#6868,.F.);
#12152 = ORIENTED_EDGE('',*,*,#12146,.F.);
#12153 = CYLINDRICAL_SURFACE('',#12154,0.2);
#12154 = AXIS2_PLACEMENT_3D('',#12155,#12156,#12157);
#12155 = CARTESIAN_POINT('',(139.524999,-47.,-3.6E-02));
#12156 = DIRECTION('',(-0.,0.,-1.));
#12157 = DIRECTION('',(1.42108547152E-13,-1.,-0.));
#12158 = ADVANCED_FACE('',(#12159),#12170,.F.);
#12159 = FACE_BOUND('',#12160,.T.);
#12160 = EDGE_LOOP('',(#12161,#12162,#12168,#12169));
#12161 = ORIENTED_EDGE('',*,*,#3331,.T.);
#12162 = ORIENTED_EDGE('',*,*,#12163,.T.);
#12163 = EDGE_CURVE('',#3332,#6880,#12164,.T.);
#12164 = LINE('',#12165,#12166);
#12165 = CARTESIAN_POINT('',(134.,-44.2,-3.6E-02));
#12166 = VECTOR('',#12167,1.);
#12167 = DIRECTION('',(0.,0.,1.));
#12168 = ORIENTED_EDGE('',*,*,#6879,.F.);
#12169 = ORIENTED_EDGE('',*,*,#12163,.F.);
#12170 = CYLINDRICAL_SURFACE('',#12171,0.2);
#12171 = AXIS2_PLACEMENT_3D('',#12172,#12173,#12174);
#12172 = CARTESIAN_POINT('',(134.,-44.,-3.6E-02));
#12173 = DIRECTION('',(-0.,-0.,-1.));
#12174 = DIRECTION('',(-0.,-1.,0.));
#12175 = ADVANCED_FACE('',(#12176),#12187,.F.);
#12176 = FACE_BOUND('',#12177,.T.);
#12177 = EDGE_LOOP('',(#12178,#12179,#12185,#12186));
#12178 = ORIENTED_EDGE('',*,*,#3342,.T.);
#12179 = ORIENTED_EDGE('',*,*,#12180,.T.);
#12180 = EDGE_CURVE('',#3343,#6891,#12181,.T.);
#12181 = LINE('',#12182,#12183);
#12182 = CARTESIAN_POINT('',(144.774999,-48.2,-3.6E-02));
#12183 = VECTOR('',#12184,1.);
#12184 = DIRECTION('',(0.,0.,1.));
#12185 = ORIENTED_EDGE('',*,*,#6890,.F.);
#12186 = ORIENTED_EDGE('',*,*,#12180,.F.);
#12187 = CYLINDRICAL_SURFACE('',#12188,0.2);
#12188 = AXIS2_PLACEMENT_3D('',#12189,#12190,#12191);
#12189 = CARTESIAN_POINT('',(144.774999,-48.,-3.6E-02));
#12190 = DIRECTION('',(-0.,0.,-1.));
#12191 = DIRECTION('',(1.42108547152E-13,-1.,-0.));
#12192 = ADVANCED_FACE('',(#12193),#12204,.F.);
#12193 = FACE_BOUND('',#12194,.T.);
#12194 = EDGE_LOOP('',(#12195,#12196,#12202,#12203));
#12195 = ORIENTED_EDGE('',*,*,#3353,.T.);
#12196 = ORIENTED_EDGE('',*,*,#12197,.T.);
#12197 = EDGE_CURVE('',#3354,#6902,#12198,.T.);
#12198 = LINE('',#12199,#12200);
#12199 = CARTESIAN_POINT('',(149.1356,-48.7523,-3.6E-02));
#12200 = VECTOR('',#12201,1.);
#12201 = DIRECTION('',(0.,0.,1.));
#12202 = ORIENTED_EDGE('',*,*,#6901,.F.);
#12203 = ORIENTED_EDGE('',*,*,#12197,.F.);
#12204 = CYLINDRICAL_SURFACE('',#12205,0.2);
#12205 = AXIS2_PLACEMENT_3D('',#12206,#12207,#12208);
#12206 = CARTESIAN_POINT('',(149.1356,-48.5523,-3.6E-02));
#12207 = DIRECTION('',(-0.,-0.,-1.));
#12208 = DIRECTION('',(-0.,-1.,0.));
#12209 = ADVANCED_FACE('',(#12210),#12221,.F.);
#12210 = FACE_BOUND('',#12211,.T.);
#12211 = EDGE_LOOP('',(#12212,#12213,#12219,#12220));
#12212 = ORIENTED_EDGE('',*,*,#3364,.T.);
#12213 = ORIENTED_EDGE('',*,*,#12214,.T.);
#12214 = EDGE_CURVE('',#3365,#6913,#12215,.T.);
#12215 = LINE('',#12216,#12217);
#12216 = CARTESIAN_POINT('',(151.1492,-49.7262,-3.6E-02));
#12217 = VECTOR('',#12218,1.);
#12218 = DIRECTION('',(0.,0.,1.));
#12219 = ORIENTED_EDGE('',*,*,#6912,.F.);
#12220 = ORIENTED_EDGE('',*,*,#12214,.F.);
#12221 = CYLINDRICAL_SURFACE('',#12222,0.2);
#12222 = AXIS2_PLACEMENT_3D('',#12223,#12224,#12225);
#12223 = CARTESIAN_POINT('',(151.1492,-49.5262,-3.6E-02));
#12224 = DIRECTION('',(-0.,-0.,-1.));
#12225 = DIRECTION('',(-0.,-1.,0.));
#12226 = ADVANCED_FACE('',(#12227),#12238,.F.);
#12227 = FACE_BOUND('',#12228,.T.);
#12228 = EDGE_LOOP('',(#12229,#12230,#12236,#12237));
#12229 = ORIENTED_EDGE('',*,*,#3375,.T.);
#12230 = ORIENTED_EDGE('',*,*,#12231,.T.);
#12231 = EDGE_CURVE('',#3376,#6924,#12232,.T.);
#12232 = LINE('',#12233,#12234);
#12233 = CARTESIAN_POINT('',(134.675,-42.2,-3.6E-02));
#12234 = VECTOR('',#12235,1.);
#12235 = DIRECTION('',(0.,0.,1.));
#12236 = ORIENTED_EDGE('',*,*,#6923,.F.);
#12237 = ORIENTED_EDGE('',*,*,#12231,.F.);
#12238 = CYLINDRICAL_SURFACE('',#12239,0.2);
#12239 = AXIS2_PLACEMENT_3D('',#12240,#12241,#12242);
#12240 = CARTESIAN_POINT('',(134.675,-42.,-3.6E-02));
#12241 = DIRECTION('',(-0.,-0.,-1.));
#12242 = DIRECTION('',(-0.,-1.,0.));
#12243 = ADVANCED_FACE('',(#12244),#12255,.F.);
#12244 = FACE_BOUND('',#12245,.T.);
#12245 = EDGE_LOOP('',(#12246,#12247,#12253,#12254));
#12246 = ORIENTED_EDGE('',*,*,#3386,.T.);
#12247 = ORIENTED_EDGE('',*,*,#12248,.T.);
#12248 = EDGE_CURVE('',#3387,#6935,#12249,.T.);
#12249 = LINE('',#12250,#12251);
#12250 = CARTESIAN_POINT('',(147.3243,-41.3703,-3.6E-02));
#12251 = VECTOR('',#12252,1.);
#12252 = DIRECTION('',(0.,0.,1.));
#12253 = ORIENTED_EDGE('',*,*,#6934,.F.);
#12254 = ORIENTED_EDGE('',*,*,#12248,.F.);
#12255 = CYLINDRICAL_SURFACE('',#12256,0.2);
#12256 = AXIS2_PLACEMENT_3D('',#12257,#12258,#12259);
#12257 = CARTESIAN_POINT('',(147.3243,-41.1703,-3.6E-02));
#12258 = DIRECTION('',(-0.,-0.,-1.));
#12259 = DIRECTION('',(-0.,-1.,0.));
#12260 = ADVANCED_FACE('',(#12261),#12272,.F.);
#12261 = FACE_BOUND('',#12262,.T.);
#12262 = EDGE_LOOP('',(#12263,#12264,#12270,#12271));
#12263 = ORIENTED_EDGE('',*,*,#3397,.T.);
#12264 = ORIENTED_EDGE('',*,*,#12265,.T.);
#12265 = EDGE_CURVE('',#3398,#6946,#12266,.T.);
#12266 = LINE('',#12267,#12268);
#12267 = CARTESIAN_POINT('',(111.26,-25.7,-4.6E-02));
#12268 = VECTOR('',#12269,1.);
#12269 = DIRECTION('',(0.,0.,1.));
#12270 = ORIENTED_EDGE('',*,*,#6945,.F.);
#12271 = ORIENTED_EDGE('',*,*,#12265,.F.);
#12272 = CYLINDRICAL_SURFACE('',#12273,0.7);
#12273 = AXIS2_PLACEMENT_3D('',#12274,#12275,#12276);
#12274 = CARTESIAN_POINT('',(111.26,-25.,-4.6E-02));
#12275 = DIRECTION('',(-0.,0.,-1.));
#12276 = DIRECTION('',(2.030122102172E-14,-1.,-0.));
#12277 = ADVANCED_FACE('',(#12278),#12289,.F.);
#12278 = FACE_BOUND('',#12279,.T.);
#12279 = EDGE_LOOP('',(#12280,#12281,#12287,#12288));
#12280 = ORIENTED_EDGE('',*,*,#3408,.T.);
#12281 = ORIENTED_EDGE('',*,*,#12282,.T.);
#12282 = EDGE_CURVE('',#3409,#6957,#12283,.T.);
#12283 = LINE('',#12284,#12285);
#12284 = CARTESIAN_POINT('',(116.34,-25.7,-4.6E-02));
#12285 = VECTOR('',#12286,1.);
#12286 = DIRECTION('',(0.,0.,1.));
#12287 = ORIENTED_EDGE('',*,*,#6956,.F.);
#12288 = ORIENTED_EDGE('',*,*,#12282,.F.);
#12289 = CYLINDRICAL_SURFACE('',#12290,0.7);
#12290 = AXIS2_PLACEMENT_3D('',#12291,#12292,#12293);
#12291 = CARTESIAN_POINT('',(116.34,-25.,-4.6E-02));
#12292 = DIRECTION('',(-0.,-0.,-1.));
#12293 = DIRECTION('',(-0.,-1.,0.));
#12294 = ADVANCED_FACE('',(#12295),#12306,.F.);
#12295 = FACE_BOUND('',#12296,.T.);
#12296 = EDGE_LOOP('',(#12297,#12298,#12304,#12305));
#12297 = ORIENTED_EDGE('',*,*,#3419,.T.);
#12298 = ORIENTED_EDGE('',*,*,#12299,.T.);
#12299 = EDGE_CURVE('',#3420,#6968,#12300,.T.);
#12300 = LINE('',#12301,#12302);
#12301 = CARTESIAN_POINT('',(124.5,-25.7,-4.6E-02));
#12302 = VECTOR('',#12303,1.);
#12303 = DIRECTION('',(0.,0.,1.));
#12304 = ORIENTED_EDGE('',*,*,#6967,.F.);
#12305 = ORIENTED_EDGE('',*,*,#12299,.F.);
#12306 = CYLINDRICAL_SURFACE('',#12307,0.7);
#12307 = AXIS2_PLACEMENT_3D('',#12308,#12309,#12310);
#12308 = CARTESIAN_POINT('',(124.5,-25.,-4.6E-02));
#12309 = DIRECTION('',(-0.,-0.,-1.));
#12310 = DIRECTION('',(-0.,-1.,0.));
#12311 = ADVANCED_FACE('',(#12312),#12323,.F.);
#12312 = FACE_BOUND('',#12313,.T.);
#12313 = EDGE_LOOP('',(#12314,#12315,#12321,#12322));
#12314 = ORIENTED_EDGE('',*,*,#3430,.T.);
#12315 = ORIENTED_EDGE('',*,*,#12316,.T.);
#12316 = EDGE_CURVE('',#3431,#6979,#12317,.T.);
#12317 = LINE('',#12318,#12319);
#12318 = CARTESIAN_POINT('',(129.58,-25.7,-4.6E-02));
#12319 = VECTOR('',#12320,1.);
#12320 = DIRECTION('',(0.,0.,1.));
#12321 = ORIENTED_EDGE('',*,*,#6978,.F.);
#12322 = ORIENTED_EDGE('',*,*,#12316,.F.);
#12323 = CYLINDRICAL_SURFACE('',#12324,0.7);
#12324 = AXIS2_PLACEMENT_3D('',#12325,#12326,#12327);
#12325 = CARTESIAN_POINT('',(129.58,-25.,-4.6E-02));
#12326 = DIRECTION('',(-0.,0.,-1.));
#12327 = DIRECTION('',(4.060244204343E-14,-1.,-0.));
#12328 = ADVANCED_FACE('',(#12329),#12340,.F.);
#12329 = FACE_BOUND('',#12330,.T.);
#12330 = EDGE_LOOP('',(#12331,#12332,#12338,#12339));
#12331 = ORIENTED_EDGE('',*,*,#3441,.T.);
#12332 = ORIENTED_EDGE('',*,*,#12333,.T.);
#12333 = EDGE_CURVE('',#3442,#6990,#12334,.T.);
#12334 = LINE('',#12335,#12336);
#12335 = CARTESIAN_POINT('',(134.66,-25.7,-4.6E-02));
#12336 = VECTOR('',#12337,1.);
#12337 = DIRECTION('',(0.,0.,1.));
#12338 = ORIENTED_EDGE('',*,*,#6989,.F.);
#12339 = ORIENTED_EDGE('',*,*,#12333,.F.);
#12340 = CYLINDRICAL_SURFACE('',#12341,0.7);
#12341 = AXIS2_PLACEMENT_3D('',#12342,#12343,#12344);
#12342 = CARTESIAN_POINT('',(134.66,-25.,-4.6E-02));
#12343 = DIRECTION('',(-0.,-0.,-1.));
#12344 = DIRECTION('',(-4.060244204344E-14,-1.,0.));
#12345 = ADVANCED_FACE('',(#12346),#12357,.F.);
#12346 = FACE_BOUND('',#12347,.T.);
#12347 = EDGE_LOOP('',(#12348,#12349,#12355,#12356));
#12348 = ORIENTED_EDGE('',*,*,#3452,.T.);
#12349 = ORIENTED_EDGE('',*,*,#12350,.T.);
#12350 = EDGE_CURVE('',#3453,#7001,#12351,.T.);
#12351 = LINE('',#12352,#12353);
#12352 = CARTESIAN_POINT('',(142.8,-25.7,-4.6E-02));
#12353 = VECTOR('',#12354,1.);
#12354 = DIRECTION('',(0.,0.,1.));
#12355 = ORIENTED_EDGE('',*,*,#7000,.F.);
#12356 = ORIENTED_EDGE('',*,*,#12350,.F.);
#12357 = CYLINDRICAL_SURFACE('',#12358,0.7);
#12358 = AXIS2_PLACEMENT_3D('',#12359,#12360,#12361);
#12359 = CARTESIAN_POINT('',(142.8,-25.,-4.6E-02));
#12360 = DIRECTION('',(-0.,-0.,-1.));
#12361 = DIRECTION('',(-0.,-1.,0.));
#12362 = ADVANCED_FACE('',(#12363),#12374,.F.);
#12363 = FACE_BOUND('',#12364,.T.);
#12364 = EDGE_LOOP('',(#12365,#12366,#12372,#12373));
#12365 = ORIENTED_EDGE('',*,*,#3463,.T.);
#12366 = ORIENTED_EDGE('',*,*,#12367,.T.);
#12367 = EDGE_CURVE('',#3464,#7012,#12368,.T.);
#12368 = LINE('',#12369,#12370);
#12369 = CARTESIAN_POINT('',(147.88,-25.7,-4.6E-02));
#12370 = VECTOR('',#12371,1.);
#12371 = DIRECTION('',(0.,0.,1.));
#12372 = ORIENTED_EDGE('',*,*,#7011,.F.);
#12373 = ORIENTED_EDGE('',*,*,#12367,.F.);
#12374 = CYLINDRICAL_SURFACE('',#12375,0.7);
#12375 = AXIS2_PLACEMENT_3D('',#12376,#12377,#12378);
#12376 = CARTESIAN_POINT('',(147.88,-25.,-4.6E-02));
#12377 = DIRECTION('',(-0.,-0.,-1.));
#12378 = DIRECTION('',(-0.,-1.,0.));
#12379 = ADVANCED_FACE('',(#12380),#12391,.F.);
#12380 = FACE_BOUND('',#12381,.T.);
#12381 = EDGE_LOOP('',(#12382,#12383,#12389,#12390));
#12382 = ORIENTED_EDGE('',*,*,#3474,.T.);
#12383 = ORIENTED_EDGE('',*,*,#12384,.T.);
#12384 = EDGE_CURVE('',#3475,#7023,#12385,.T.);
#12385 = LINE('',#12386,#12387);
#12386 = CARTESIAN_POINT('',(157.975,-48.2,-3.6E-02));
#12387 = VECTOR('',#12388,1.);
#12388 = DIRECTION('',(0.,0.,1.));
#12389 = ORIENTED_EDGE('',*,*,#7022,.F.);
#12390 = ORIENTED_EDGE('',*,*,#12384,.F.);
#12391 = CYLINDRICAL_SURFACE('',#12392,0.2);
#12392 = AXIS2_PLACEMENT_3D('',#12393,#12394,#12395);
#12393 = CARTESIAN_POINT('',(157.975,-48.,-3.6E-02));
#12394 = DIRECTION('',(-0.,-0.,-1.));
#12395 = DIRECTION('',(-1.42108547152E-13,-1.,0.));
#12396 = ADVANCED_FACE('',(#12397),#12408,.F.);
#12397 = FACE_BOUND('',#12398,.T.);
#12398 = EDGE_LOOP('',(#12399,#12400,#12406,#12407));
#12399 = ORIENTED_EDGE('',*,*,#3485,.T.);
#12400 = ORIENTED_EDGE('',*,*,#12401,.T.);
#12401 = EDGE_CURVE('',#3486,#7034,#12402,.T.);
#12402 = LINE('',#12403,#12404);
#12403 = CARTESIAN_POINT('',(159.6617,-50.0521,-3.6E-02));
#12404 = VECTOR('',#12405,1.);
#12405 = DIRECTION('',(0.,0.,1.));
#12406 = ORIENTED_EDGE('',*,*,#7033,.F.);
#12407 = ORIENTED_EDGE('',*,*,#12401,.F.);
#12408 = CYLINDRICAL_SURFACE('',#12409,0.2);
#12409 = AXIS2_PLACEMENT_3D('',#12410,#12411,#12412);
#12410 = CARTESIAN_POINT('',(159.6617,-49.8521,-3.6E-02));
#12411 = DIRECTION('',(-0.,-0.,-1.));
#12412 = DIRECTION('',(-0.,-1.,0.));
#12413 = ADVANCED_FACE('',(#12414),#12425,.F.);
#12414 = FACE_BOUND('',#12415,.T.);
#12415 = EDGE_LOOP('',(#12416,#12417,#12423,#12424));
#12416 = ORIENTED_EDGE('',*,*,#3496,.T.);
#12417 = ORIENTED_EDGE('',*,*,#12418,.T.);
#12418 = EDGE_CURVE('',#3497,#7045,#12419,.T.);
#12419 = LINE('',#12420,#12421);
#12420 = CARTESIAN_POINT('',(163.1246,-46.6676,-3.6E-02));
#12421 = VECTOR('',#12422,1.);
#12422 = DIRECTION('',(0.,0.,1.));
#12423 = ORIENTED_EDGE('',*,*,#7044,.F.);
#12424 = ORIENTED_EDGE('',*,*,#12418,.F.);
#12425 = CYLINDRICAL_SURFACE('',#12426,0.2);
#12426 = AXIS2_PLACEMENT_3D('',#12427,#12428,#12429);
#12427 = CARTESIAN_POINT('',(163.1246,-46.4676,-3.6E-02));
#12428 = DIRECTION('',(-0.,-0.,-1.));
#12429 = DIRECTION('',(-0.,-1.,0.));
#12430 = ADVANCED_FACE('',(#12431),#12442,.F.);
#12431 = FACE_BOUND('',#12432,.T.);
#12432 = EDGE_LOOP('',(#12433,#12434,#12440,#12441));
#12433 = ORIENTED_EDGE('',*,*,#3507,.T.);
#12434 = ORIENTED_EDGE('',*,*,#12435,.T.);
#12435 = EDGE_CURVE('',#3508,#7056,#12436,.T.);
#12436 = LINE('',#12437,#12438);
#12437 = CARTESIAN_POINT('',(162.9129,-44.4314,-3.6E-02));
#12438 = VECTOR('',#12439,1.);
#12439 = DIRECTION('',(0.,0.,1.));
#12440 = ORIENTED_EDGE('',*,*,#7055,.F.);
#12441 = ORIENTED_EDGE('',*,*,#12435,.F.);
#12442 = CYLINDRICAL_SURFACE('',#12443,0.2);
#12443 = AXIS2_PLACEMENT_3D('',#12444,#12445,#12446);
#12444 = CARTESIAN_POINT('',(162.9129,-44.2314,-3.6E-02));
#12445 = DIRECTION('',(-0.,0.,-1.));
#12446 = DIRECTION('',(1.42108547152E-13,-1.,-0.));
#12447 = ADVANCED_FACE('',(#12448),#12459,.F.);
#12448 = FACE_BOUND('',#12449,.T.);
#12449 = EDGE_LOOP('',(#12450,#12451,#12457,#12458));
#12450 = ORIENTED_EDGE('',*,*,#3518,.T.);
#12451 = ORIENTED_EDGE('',*,*,#12452,.T.);
#12452 = EDGE_CURVE('',#3519,#7067,#12453,.T.);
#12453 = LINE('',#12454,#12455);
#12454 = CARTESIAN_POINT('',(164.,-44.2,-3.6E-02));
#12455 = VECTOR('',#12456,1.);
#12456 = DIRECTION('',(0.,0.,1.));
#12457 = ORIENTED_EDGE('',*,*,#7066,.F.);
#12458 = ORIENTED_EDGE('',*,*,#12452,.F.);
#12459 = CYLINDRICAL_SURFACE('',#12460,0.2);
#12460 = AXIS2_PLACEMENT_3D('',#12461,#12462,#12463);
#12461 = CARTESIAN_POINT('',(164.,-44.,-3.6E-02));
#12462 = DIRECTION('',(-0.,-0.,-1.));
#12463 = DIRECTION('',(-0.,-1.,0.));
#12464 = ADVANCED_FACE('',(#12465),#12476,.F.);
#12465 = FACE_BOUND('',#12466,.T.);
#12466 = EDGE_LOOP('',(#12467,#12468,#12474,#12475));
#12467 = ORIENTED_EDGE('',*,*,#3529,.T.);
#12468 = ORIENTED_EDGE('',*,*,#12469,.T.);
#12469 = EDGE_CURVE('',#3530,#7078,#12470,.T.);
#12470 = LINE('',#12471,#12472);
#12471 = CARTESIAN_POINT('',(171.174999,-48.2,-3.6E-02));
#12472 = VECTOR('',#12473,1.);
#12473 = DIRECTION('',(0.,0.,1.));
#12474 = ORIENTED_EDGE('',*,*,#7077,.F.);
#12475 = ORIENTED_EDGE('',*,*,#12469,.F.);
#12476 = CYLINDRICAL_SURFACE('',#12477,0.2);
#12477 = AXIS2_PLACEMENT_3D('',#12478,#12479,#12480);
#12478 = CARTESIAN_POINT('',(171.174999,-48.,-3.6E-02));
#12479 = DIRECTION('',(-0.,-0.,-1.));
#12480 = DIRECTION('',(-0.,-1.,0.));
#12481 = ADVANCED_FACE('',(#12482),#12493,.F.);
#12482 = FACE_BOUND('',#12483,.T.);
#12483 = EDGE_LOOP('',(#12484,#12485,#12491,#12492));
#12484 = ORIENTED_EDGE('',*,*,#3540,.T.);
#12485 = ORIENTED_EDGE('',*,*,#12486,.T.);
#12486 = EDGE_CURVE('',#3541,#7089,#12487,.T.);
#12487 = LINE('',#12488,#12489);
#12488 = CARTESIAN_POINT('',(172.0228,-46.6545,-3.6E-02));
#12489 = VECTOR('',#12490,1.);
#12490 = DIRECTION('',(0.,0.,1.));
#12491 = ORIENTED_EDGE('',*,*,#7088,.F.);
#12492 = ORIENTED_EDGE('',*,*,#12486,.F.);
#12493 = CYLINDRICAL_SURFACE('',#12494,0.2);
#12494 = AXIS2_PLACEMENT_3D('',#12495,#12496,#12497);
#12495 = CARTESIAN_POINT('',(172.0228,-46.4545,-3.6E-02));
#12496 = DIRECTION('',(-0.,-0.,-1.));
#12497 = DIRECTION('',(-1.42108547152E-13,-1.,0.));
#12498 = ADVANCED_FACE('',(#12499),#12510,.F.);
#12499 = FACE_BOUND('',#12500,.T.);
#12500 = EDGE_LOOP('',(#12501,#12502,#12508,#12509));
#12501 = ORIENTED_EDGE('',*,*,#3551,.T.);
#12502 = ORIENTED_EDGE('',*,*,#12503,.T.);
#12503 = EDGE_CURVE('',#3552,#7100,#12504,.T.);
#12504 = LINE('',#12505,#12506);
#12505 = CARTESIAN_POINT('',(171.5522,-40.2591,-3.6E-02));
#12506 = VECTOR('',#12507,1.);
#12507 = DIRECTION('',(0.,0.,1.));
#12508 = ORIENTED_EDGE('',*,*,#7099,.F.);
#12509 = ORIENTED_EDGE('',*,*,#12503,.F.);
#12510 = CYLINDRICAL_SURFACE('',#12511,0.2);
#12511 = AXIS2_PLACEMENT_3D('',#12512,#12513,#12514);
#12512 = CARTESIAN_POINT('',(171.5522,-40.0591,-3.6E-02));
#12513 = DIRECTION('',(-0.,-0.,-1.));
#12514 = DIRECTION('',(-0.,-1.,0.));
#12515 = ADVANCED_FACE('',(#12516),#12527,.F.);
#12516 = FACE_BOUND('',#12517,.T.);
#12517 = EDGE_LOOP('',(#12518,#12519,#12525,#12526));
#12518 = ORIENTED_EDGE('',*,*,#3562,.T.);
#12519 = ORIENTED_EDGE('',*,*,#12520,.T.);
#12520 = EDGE_CURVE('',#3563,#7111,#12521,.T.);
#12521 = LINE('',#12522,#12523);
#12522 = CARTESIAN_POINT('',(182.3614,-49.145,-3.6E-02));
#12523 = VECTOR('',#12524,1.);
#12524 = DIRECTION('',(0.,0.,1.));
#12525 = ORIENTED_EDGE('',*,*,#7110,.F.);
#12526 = ORIENTED_EDGE('',*,*,#12520,.F.);
#12527 = CYLINDRICAL_SURFACE('',#12528,0.2);
#12528 = AXIS2_PLACEMENT_3D('',#12529,#12530,#12531);
#12529 = CARTESIAN_POINT('',(182.3614,-48.945,-3.6E-02));
#12530 = DIRECTION('',(-0.,-0.,-1.));
#12531 = DIRECTION('',(-0.,-1.,0.));
#12532 = ADVANCED_FACE('',(#12533),#12544,.F.);
#12533 = FACE_BOUND('',#12534,.T.);
#12534 = EDGE_LOOP('',(#12535,#12536,#12542,#12543));
#12535 = ORIENTED_EDGE('',*,*,#3573,.T.);
#12536 = ORIENTED_EDGE('',*,*,#12537,.T.);
#12537 = EDGE_CURVE('',#3574,#7122,#12538,.T.);
#12538 = LINE('',#12539,#12540);
#12539 = CARTESIAN_POINT('',(184.375,-48.2,-3.6E-02));
#12540 = VECTOR('',#12541,1.);
#12541 = DIRECTION('',(0.,0.,1.));
#12542 = ORIENTED_EDGE('',*,*,#7121,.F.);
#12543 = ORIENTED_EDGE('',*,*,#12537,.F.);
#12544 = CYLINDRICAL_SURFACE('',#12545,0.2);
#12545 = AXIS2_PLACEMENT_3D('',#12546,#12547,#12548);
#12546 = CARTESIAN_POINT('',(184.375,-48.,-3.6E-02));
#12547 = DIRECTION('',(-0.,-0.,-1.));
#12548 = DIRECTION('',(-0.,-1.,0.));
#12549 = ADVANCED_FACE('',(#12550),#12561,.F.);
#12550 = FACE_BOUND('',#12551,.T.);
#12551 = EDGE_LOOP('',(#12552,#12553,#12559,#12560));
#12552 = ORIENTED_EDGE('',*,*,#3584,.T.);
#12553 = ORIENTED_EDGE('',*,*,#12554,.T.);
#12554 = EDGE_CURVE('',#3585,#7133,#12555,.T.);
#12555 = LINE('',#12556,#12557);
#12556 = CARTESIAN_POINT('',(179.,-44.2,-3.6E-02));
#12557 = VECTOR('',#12558,1.);
#12558 = DIRECTION('',(0.,0.,1.));
#12559 = ORIENTED_EDGE('',*,*,#7132,.F.);
#12560 = ORIENTED_EDGE('',*,*,#12554,.F.);
#12561 = CYLINDRICAL_SURFACE('',#12562,0.2);
#12562 = AXIS2_PLACEMENT_3D('',#12563,#12564,#12565);
#12563 = CARTESIAN_POINT('',(179.,-44.,-3.6E-02));
#12564 = DIRECTION('',(-0.,-0.,-1.));
#12565 = DIRECTION('',(-0.,-1.,0.));
#12566 = ADVANCED_FACE('',(#12567),#12578,.F.);
#12567 = FACE_BOUND('',#12568,.T.);
#12568 = EDGE_LOOP('',(#12569,#12570,#12576,#12577));
#12569 = ORIENTED_EDGE('',*,*,#3595,.T.);
#12570 = ORIENTED_EDGE('',*,*,#12571,.T.);
#12571 = EDGE_CURVE('',#3596,#7144,#12572,.T.);
#12572 = LINE('',#12573,#12574);
#12573 = CARTESIAN_POINT('',(182.4721,-42.3041,-3.6E-02));
#12574 = VECTOR('',#12575,1.);
#12575 = DIRECTION('',(0.,0.,1.));
#12576 = ORIENTED_EDGE('',*,*,#7143,.F.);
#12577 = ORIENTED_EDGE('',*,*,#12571,.F.);
#12578 = CYLINDRICAL_SURFACE('',#12579,0.2);
#12579 = AXIS2_PLACEMENT_3D('',#12580,#12581,#12582);
#12580 = CARTESIAN_POINT('',(182.4721,-42.1041,-3.6E-02));
#12581 = DIRECTION('',(-0.,-0.,-1.));
#12582 = DIRECTION('',(-0.,-1.,0.));
#12583 = ADVANCED_FACE('',(#12584),#12595,.F.);
#12584 = FACE_BOUND('',#12585,.T.);
#12585 = EDGE_LOOP('',(#12586,#12587,#12593,#12594));
#12586 = ORIENTED_EDGE('',*,*,#3606,.T.);
#12587 = ORIENTED_EDGE('',*,*,#12588,.T.);
#12588 = EDGE_CURVE('',#3607,#7155,#12589,.T.);
#12589 = LINE('',#12590,#12591);
#12590 = CARTESIAN_POINT('',(156.,-25.7,-4.6E-02));
#12591 = VECTOR('',#12592,1.);
#12592 = DIRECTION('',(0.,0.,1.));
#12593 = ORIENTED_EDGE('',*,*,#7154,.F.);
#12594 = ORIENTED_EDGE('',*,*,#12588,.F.);
#12595 = CYLINDRICAL_SURFACE('',#12596,0.7);
#12596 = AXIS2_PLACEMENT_3D('',#12597,#12598,#12599);
#12597 = CARTESIAN_POINT('',(156.,-25.,-4.6E-02));
#12598 = DIRECTION('',(-0.,-0.,-1.));
#12599 = DIRECTION('',(-0.,-1.,0.));
#12600 = ADVANCED_FACE('',(#12601),#12612,.F.);
#12601 = FACE_BOUND('',#12602,.T.);
#12602 = EDGE_LOOP('',(#12603,#12604,#12610,#12611));
#12603 = ORIENTED_EDGE('',*,*,#3617,.T.);
#12604 = ORIENTED_EDGE('',*,*,#12605,.T.);
#12605 = EDGE_CURVE('',#3618,#7166,#12606,.T.);
#12606 = LINE('',#12607,#12608);
#12607 = CARTESIAN_POINT('',(161.08,-25.7,-4.6E-02));
#12608 = VECTOR('',#12609,1.);
#12609 = DIRECTION('',(0.,0.,1.));
#12610 = ORIENTED_EDGE('',*,*,#7165,.F.);
#12611 = ORIENTED_EDGE('',*,*,#12605,.F.);
#12612 = CYLINDRICAL_SURFACE('',#12613,0.7);
#12613 = AXIS2_PLACEMENT_3D('',#12614,#12615,#12616);
#12614 = CARTESIAN_POINT('',(161.08,-25.,-4.6E-02));
#12615 = DIRECTION('',(-0.,0.,-1.));
#12616 = DIRECTION('',(4.060244204343E-14,-1.,-0.));
#12617 = ADVANCED_FACE('',(#12618),#12629,.F.);
#12618 = FACE_BOUND('',#12619,.T.);
#12619 = EDGE_LOOP('',(#12620,#12621,#12627,#12628));
#12620 = ORIENTED_EDGE('',*,*,#3628,.T.);
#12621 = ORIENTED_EDGE('',*,*,#12622,.T.);
#12622 = EDGE_CURVE('',#3629,#7177,#12623,.T.);
#12623 = LINE('',#12624,#12625);
#12624 = CARTESIAN_POINT('',(169.2,-25.7,-4.6E-02));
#12625 = VECTOR('',#12626,1.);
#12626 = DIRECTION('',(0.,0.,1.));
#12627 = ORIENTED_EDGE('',*,*,#7176,.F.);
#12628 = ORIENTED_EDGE('',*,*,#12622,.F.);
#12629 = CYLINDRICAL_SURFACE('',#12630,0.7);
#12630 = AXIS2_PLACEMENT_3D('',#12631,#12632,#12633);
#12631 = CARTESIAN_POINT('',(169.2,-25.,-4.6E-02));
#12632 = DIRECTION('',(-0.,-0.,-1.));
#12633 = DIRECTION('',(-0.,-1.,0.));
#12634 = ADVANCED_FACE('',(#12635),#12646,.F.);
#12635 = FACE_BOUND('',#12636,.T.);
#12636 = EDGE_LOOP('',(#12637,#12638,#12644,#12645));
#12637 = ORIENTED_EDGE('',*,*,#3639,.T.);
#12638 = ORIENTED_EDGE('',*,*,#12639,.T.);
#12639 = EDGE_CURVE('',#3640,#7188,#12640,.T.);
#12640 = LINE('',#12641,#12642);
#12641 = CARTESIAN_POINT('',(174.28,-25.7,-4.6E-02));
#12642 = VECTOR('',#12643,1.);
#12643 = DIRECTION('',(0.,0.,1.));
#12644 = ORIENTED_EDGE('',*,*,#7187,.F.);
#12645 = ORIENTED_EDGE('',*,*,#12639,.F.);
#12646 = CYLINDRICAL_SURFACE('',#12647,0.7);
#12647 = AXIS2_PLACEMENT_3D('',#12648,#12649,#12650);
#12648 = CARTESIAN_POINT('',(174.28,-25.,-4.6E-02));
#12649 = DIRECTION('',(-0.,-0.,-1.));
#12650 = DIRECTION('',(-0.,-1.,0.));
#12651 = ADVANCED_FACE('',(#12652),#12663,.F.);
#12652 = FACE_BOUND('',#12653,.T.);
#12653 = EDGE_LOOP('',(#12654,#12655,#12661,#12662));
#12654 = ORIENTED_EDGE('',*,*,#3650,.T.);
#12655 = ORIENTED_EDGE('',*,*,#12656,.T.);
#12656 = EDGE_CURVE('',#3651,#7199,#12657,.T.);
#12657 = LINE('',#12658,#12659);
#12658 = CARTESIAN_POINT('',(182.4,-25.7,-4.6E-02));
#12659 = VECTOR('',#12660,1.);
#12660 = DIRECTION('',(0.,0.,1.));
#12661 = ORIENTED_EDGE('',*,*,#7198,.F.);
#12662 = ORIENTED_EDGE('',*,*,#12656,.F.);
#12663 = CYLINDRICAL_SURFACE('',#12664,0.7);
#12664 = AXIS2_PLACEMENT_3D('',#12665,#12666,#12667);
#12665 = CARTESIAN_POINT('',(182.4,-25.,-4.6E-02));
#12666 = DIRECTION('',(-0.,0.,-1.));
#12667 = DIRECTION('',(4.060244204343E-14,-1.,-0.));
#12668 = ADVANCED_FACE('',(#12669),#12680,.F.);
#12669 = FACE_BOUND('',#12670,.T.);
#12670 = EDGE_LOOP('',(#12671,#12672,#12678,#12679));
#12671 = ORIENTED_EDGE('',*,*,#3661,.T.);
#12672 = ORIENTED_EDGE('',*,*,#12673,.T.);
#12673 = EDGE_CURVE('',#3662,#7210,#12674,.T.);
#12674 = LINE('',#12675,#12676);
#12675 = CARTESIAN_POINT('',(187.48,-25.7,-4.6E-02));
#12676 = VECTOR('',#12677,1.);
#12677 = DIRECTION('',(0.,0.,1.));
#12678 = ORIENTED_EDGE('',*,*,#7209,.F.);
#12679 = ORIENTED_EDGE('',*,*,#12673,.F.);
#12680 = CYLINDRICAL_SURFACE('',#12681,0.7);
#12681 = AXIS2_PLACEMENT_3D('',#12682,#12683,#12684);
#12682 = CARTESIAN_POINT('',(187.48,-25.,-4.6E-02));
#12683 = DIRECTION('',(-0.,-0.,-1.));
#12684 = DIRECTION('',(-4.060244204344E-14,-1.,0.));
#12685 = ADVANCED_FACE('',(#12686),#12697,.F.);
#12686 = FACE_BOUND('',#12687,.T.);
#12687 = EDGE_LOOP('',(#12688,#12689,#12695,#12696));
#12688 = ORIENTED_EDGE('',*,*,#3672,.T.);
#12689 = ORIENTED_EDGE('',*,*,#12690,.T.);
#12690 = EDGE_CURVE('',#3673,#7221,#12691,.T.);
#12691 = LINE('',#12692,#12693);
#12692 = CARTESIAN_POINT('',(196.,-25.6,-4.6E-02));
#12693 = VECTOR('',#12694,1.);
#12694 = DIRECTION('',(0.,0.,1.));
#12695 = ORIENTED_EDGE('',*,*,#7220,.F.);
#12696 = ORIENTED_EDGE('',*,*,#12690,.F.);
#12697 = CYLINDRICAL_SURFACE('',#12698,1.6);
#12698 = AXIS2_PLACEMENT_3D('',#12699,#12700,#12701);
#12699 = CARTESIAN_POINT('',(196.,-24.,-4.6E-02));
#12700 = DIRECTION('',(-0.,-0.,-1.));
#12701 = DIRECTION('',(-0.,-1.,0.));
#12702 = ( GEOMETRIC_REPRESENTATION_CONTEXT(3) 
GLOBAL_UNCERTAINTY_ASSIGNED_CONTEXT((#12706)) 
GLOBAL_UNIT_ASSIGNED_CONTEXT((#12703,#12704,#12705)) 
REPRESENTATION_CONTEXT('Context #1',
  '3D Context with UNIT and UNCERTAINTY') );
#12703 = ( LENGTH_UNIT() NAMED_UNIT(*) SI_UNIT(.MILLI.,.METRE.) );
#12704 = ( NAMED_UNIT(*) PLANE_ANGLE_UNIT() SI_UNIT($,.RADIAN.) );
#12705 = ( NAMED_UNIT(*) SI_UNIT($,.STERADIAN.) SOLID_ANGLE_UNIT() );
#12706 = UNCERTAINTY_MEASURE_WITH_UNIT(LENGTH_MEASURE(1.E-07),#12703,
  'distance_accuracy_value','confusion accuracy');
#12707 = CONTEXT_DEPENDENT_SHAPE_REPRESENTATION(#12708,#12710);
#12708 = ( REPRESENTATION_RELATIONSHIP('','',#32,#10) 
REPRESENTATION_RELATIONSHIP_WITH_TRANSFORMATION(#12709) 
SHAPE_REPRESENTATION_RELATIONSHIP() );
#12709 = ITEM_DEFINED_TRANSFORMATION('','',#11,#15);
#12710 = PRODUCT_DEFINITION_SHAPE('Placement','Placement of an item',
  #12711);
#12711 = NEXT_ASSEMBLY_USAGE_OCCURRENCE('1','=>[0:1:1:2]','',#5,#27,$);
#12712 = PRODUCT_RELATED_PRODUCT_CATEGORY('part',$,(#29));
#12713 = MECHANICAL_DESIGN_GEOMETRIC_PRESENTATION_REPRESENTATION('',(
    #12714),#12702);
#12714 = STYLED_ITEM('color',(#12715),#33);
#12715 = PRESENTATION_STYLE_ASSIGNMENT((#12716));
#12716 = SURFACE_STYLE_USAGE(.BOTH.,#12717);
#12717 = SURFACE_SIDE_STYLE('',(#12718));
#12718 = SURFACE_STYLE_FILL_AREA(#12719);
#12719 = FILL_AREA_STYLE('',(#12720));
#12720 = FILL_AREA_STYLE_COLOUR('',#12721);
#12721 = COLOUR_RGB('',0.313304153717,0.484529207832,0.410020903123);
ENDSEC;
END-ISO-10303-21;
